404.html,404 ページが見つかりません, 404 ページが見つかりません
base.html,Off Canvas Template for Bootstrap - プロデルマニュアル,
global.htm,広域種類, 広域種類
howtodebug.htm,困ったときは, 困ったときは
index.htm,プロデル マニュアル目次, プロデル マニュアル目次
plugin.htm,プロデルプラグイン, プロデルプラグイン
safelock.htm,保護機能, 保護機能
searchform.html,検索 - プロデルマニュアル,
static.htm,静的種類, 静的種類
sumire.htm,スミレ, スミレ
thanks.htm,謝辞と著作権, 謝辞と著作権
usage.htm,マニュアル表記の意味, マニュアル表記の意味
core\base64.htm,BASE64形式, BASE64形式 種類
core\base64.htm#変換する,BASE64形式:変換する [手順],BASE64形式 変換する [手順]
core\base64.htm#ファイルを変換する,BASE64形式:ファイルを変換する [手順],BASE64形式 ファイルを変換する [手順]
core\base64.htm#文字列へ変換する,BASE64形式:文字列へ変換する [手順],BASE64形式 文字列へ変換する [手順]
core\base64.htm#バイナリ配列へ変換する,BASE64形式:バイナリ配列へ変換する [手順],BASE64形式 バイナリ配列へ変換する [手順]
core\base64.htm#画像へ変換する,BASE64形式:画像へ変換する [手順],BASE64形式 画像へ変換する [手順]
core\base64.htm#アイコンへ変換する,BASE64形式:アイコンへ変換する [手順],BASE64形式 アイコンへ変換する [手順]
core\base64.htm#効果音へ変換する,BASE64形式:効果音へ変換する [手順],BASE64形式 効果音へ変換する [手順]
core\beep.htm,ビープ音, ビープ音 種類
core\beep.htm#再生する,ビープ音:再生する [手順],ビープ音 再生する [手順]
core\beep.htm#sample1,逆引き「ビープ音を鳴らす」,ビープ音を鳴らす
core\clipboard.htm,クリップボード, クリップボード 種類
core\clipboard.htm#クリアする,クリップボード:クリアする [手順],クリップボード クリアする [手順]
core\clipboard.htm#コピーする,クリップボード:コピーする [手順],クリップボード コピーする [手順]
core\clipboard.htm#内容,クリップボード:内容 [設定項目],クリップボード 内容 [設定項目]
core\clipboard.htm#画像,クリップボード:画像 [設定項目],クリップボード 画像 [設定項目]
core\clipboard.htm#sample1,逆引き「クリップボードへ文字列を格納する」,クリップボードへ文字列を格納する
core\console.htm,コンソール, コンソール 種類
core\console.htm#表示する,コンソール:表示する [手順],コンソール 表示する [手順]
core\console.htm#表示して改行する,コンソール:表示して改行する [手順],コンソール 表示して改行する [手順]
core\console.htm#受け取る,コンソール:受け取る [手順],コンソール 受け取る [手順]
core\console.htm#聞く,コンソール:聞く [手順],コンソール 聞く [手順]
core\console.htm#初期化する,コンソール:初期化する [手順],コンソール 初期化する [手順]
core\console.htm#縦,コンソール:縦 [設定項目],コンソール 縦 [設定項目]
core\console.htm#横,コンソール:横 [設定項目],コンソール 横 [設定項目]
core\console.htm#幅,コンソール:幅 [設定項目],コンソール 幅 [設定項目]
core\console.htm#高さ,コンソール:高さ [設定項目],コンソール 高さ [設定項目]
core\console.htm#桁数,コンソール:桁数 [設定項目],コンソール 桁数 [設定項目]
core\console.htm#行数,コンソール:行数 [設定項目],コンソール 行数 [設定項目]
core\console.htm#文字色,コンソール:文字色 [設定項目],コンソール 文字色 [設定項目]
core\console.htm#背景色,コンソール:背景色 [設定項目],コンソール 背景色 [設定項目]
core\console.htm#sample1,逆引き「コンソールで文字を受け付けて表示する」,コンソールで文字を受け付けて表示する
core\core.htm,基本, 基本
core\core.htm#種類名,基本:種類名 [手順],基本 種類名 [手順]
core\core.htm#実行する,基本:実行する [手順],基本 実行する [手順]
core\core.htm#環境変数,基本:環境変数 [手順],基本 環境変数 [手順]
core\core.htm#起動時間,基本:起動時間 [手順],基本 起動時間 [手順]
core\core.htm#交換する,基本:交換する [手順],基本 交換する [手順]
core\core.htm#使う,基本:使う [手順],基本 使う [手順]
core\core.htm#質問する,基本:質問する [手順],基本 質問する [手順]
core\core.htm#質問する,基本:質問する [手順],基本 質問する [手順]
core\core.htm#聞く,基本:聞く [手順],基本 聞く [手順]
core\core.htm#開くファイルを選択する,基本:開くファイルを選択する [手順],基本 開くファイルを選択する [手順]
core\core.htm#保存するファイルを選択する,基本:保存するファイルを選択する [手順],基本 保存するファイルを選択する [手順]
core\core.htm#フォルダを選択する,基本:フォルダを選択する [手順],基本 フォルダを選択する [手順]
core\core.htm#色を選択する,基本:色を選択する [手順],基本 色を選択する [手順]
core\core.htm#フォントを選択する,基本:フォントを選択する [手順],基本 フォントを選択する [手順]
core\core.htm#待機する,基本:待機する [手順],基本 待機する [手順]
core\core.htm#休憩する,基本:休憩する [手順],基本 休憩する [手順]
core\core.htm#代入する,基本:代入する [手順],基本 代入する [手順]
core\core.htm#入れる,基本:入れる [手順],基本 入れる [手順]
core\core.htm#表示する,基本:表示する [手順],基本 表示する [手順]
core\core.htm#待つ,基本:待つ [手順],基本 待つ [手順]
core\core.htm#変える,基本:変える [手順],基本 変える [手順]
core\core.htm#報告する,基本:報告する [手順],基本 報告する [手順]
core\core.htm#出力する,基本:出力する [手順],基本 出力する [手順]
core\core.htm#プロデる,基本:プロデる [手順],基本 プロデる [手順]
core\core.htm#命令する,基本:命令する [手順],基本 命令する [手順]
core\core.htm#プロデルへ命令する,基本:プロデルへ命令する [手順],基本 プロデルへ命令する [手順]
core\core.htm#ググる,基本:ググる [手順],基本 ググる [手順]
core\core.htm#ヤフーする,基本:ヤフーする [手順],基本 ヤフーする [手順]
core\core.htm#Bingする,基本:Bingする [手順],基本 Bingする [手順]
core\core.htm#解放する,基本:解放する [手順],基本 解放する [手順]
core\core.htm#GUID値を生成する,基本:GUID値を生成する [手順],基本 GUID値を生成する [手順]
core\core.htm#エラーを発生させる,基本:エラーを発生させる [手順],基本 エラーを発生させる [手順]
core\core.htm#エラーを無視する,基本:エラーを無視する [手順],基本 エラーを無視する [手順]
core\core.htm#フォント一覧,基本:フォント一覧 [設定項目],基本 フォント一覧 [設定項目]
core\core.htm#プリンタ一覧,基本:プリンタ一覧 [設定項目],基本 プリンタ一覧 [設定項目]
core\core.htm#質問する,逆引き「はいといいえで尋ねる」,はいといいえで尋ねる
core\core.htm#質問する,逆引き「はいといいえとキャンセルで尋ねる」,はいといいえとキャンセルで尋ねる
core\core.htm#質問する,逆引き「はいといいえで尋ねる」,はいといいえで尋ねる
core\core.htm#GUID値を生成する,逆引き「GUID値を生成する」,GUID値を生成する
core\core.htm#エラーを発生させる,逆引き「エラーを発生させる」,エラーを発生させる
core\delegate.htm,匿名手順, 匿名手順 種類
core\delegate.htm#実行する,匿名手順:実行する [手順],匿名手順 実行する [手順]
core\delegate.htm#内容,匿名手順:内容 [設定項目],匿名手順 内容 [設定項目]
core\delegate.htm#sample1,逆引き「匿名手順を生成して呼び出す」,匿名手順を生成して呼び出す
core\encoding.htm,文字コード, 文字コード 種類 UTF8 Unicode Shift-JIS エンコーディング
core\encoding.htm#取得する,文字コード:取得する [手順],文字コード 取得する [手順]
core\encoding.htm#判別する,文字コード:判別する [手順],文字コード 判別する [手順]
core\encoding.htm#バイナリ配列へ変換する,文字コード:バイナリ配列へ変換する [手順],文字コード バイナリ配列へ変換する [手順]
core\encoding.htm#バイナリ配列から変換する,文字コード:バイナリ配列から変換する [手順],文字コード バイナリ配列から変換する [手順]
core\errorinfo.htm,エラー情報, エラー情報
core\errorinfo.htm#メッセージ,エラー情報:メッセージ [設定項目],エラー情報 メッセージ [設定項目]
core\errorinfo.htm#番号,エラー情報:番号 [設定項目],エラー情報 番号 [設定項目]
core\errorinfo.htm#sample1,逆引き「エラーが発生した時に理由を取得する」,エラーが発生した時に理由を取得する
core\file.htm,ファイル, ファイル
core\file.htm#アクセス日,ファイル:アクセス日 [手順],ファイル アクセス日 [手順]
core\file.htm#アクセス日を変更する,ファイル:アクセス日を変更する [手順],ファイル アクセス日を変更する [手順]
core\file.htm#サイズ,ファイル:サイズ [手順],ファイル サイズ [手順]
core\file.htm#一覧,ファイル:一覧 [手順],ファイル 一覧 [手順]
core\file.htm#更新日,ファイル:更新日 [手順],ファイル 更新日 [手順]
core\file.htm#更新日を変更する,ファイル:更新日を変更する [手順],ファイル 更新日を変更する [手順]
core\file.htm#作成日,ファイル:作成日 [手順],ファイル 作成日 [手順]
core\file.htm#作成日を変更する,ファイル:作成日を変更する [手順],ファイル 作成日を変更する [手順]
core\file.htm#全一覧,ファイル:全一覧 [手順],ファイル 全一覧 [手順]
core\file.htm#存在する,ファイル:存在する [手順],ファイル 存在する [手順]
core\file.htm#アクセス日,逆引き「ファイルのアクセス日時を調べる」,ファイルのアクセス日時を調べる
core\file.htm#アクセス日を変更する,逆引き「ファイルのアクセス日時を修正する」,ファイルのアクセス日時を修正する
core\file.htm#サイズ,逆引き「ファイルサイズを求める」,ファイルサイズを求める
core\file.htm#一覧,逆引き「ファイルの一覧を列挙する」,ファイルの一覧を列挙する
core\file.htm#一覧,逆引き「ファイルの一覧をフルパスで列挙する」,ファイルの一覧をフルパスで列挙する
core\file.htm#更新日,逆引き「ファイルの更新日時を調べる」,ファイルの更新日時を調べる
core\file.htm#更新日を変更する,逆引き「ファイルの更新日時を修正する」,ファイルの更新日時を修正する
core\file.htm#作成日,逆引き「ファイルの作成日時を調べる」,ファイルの作成日時を調べる
core\file.htm#作成日を変更する,逆引き「ファイルの作成日時を修正する」,ファイルの作成日時を修正する
core\file.htm#存在する,逆引き「ファイルが存在するかどうか調べる」,ファイルが存在するかどうか調べる
core\filecontrol.htm,ファイル操作, ファイル操作
core\filecontrol.htm#コピーする,ファイル操作:コピーする [手順],ファイル操作 コピーする [手順]
core\filecontrol.htm#サイズ形式,ファイル操作:サイズ形式 [手順],ファイル操作 サイズ形式 [手順]
core\filecontrol.htm#移動する,ファイル操作:移動する [手順],ファイル操作 移動する [手順]
core\filecontrol.htm#読み込む,ファイル操作:読み込む [手順],ファイル操作 読み込む [手順]
core\filecontrol.htm#削除する,ファイル操作:削除する [手順],ファイル操作 削除する [手順]
core\filecontrol.htm#ファイル名だけ,ファイル操作:ファイル名だけ [手順],ファイル操作 ファイル名だけ [手順]
core\filecontrol.htm#フォルダだけ,ファイル操作:フォルダだけ [手順],ファイル操作 フォルダだけ [手順]
core\filecontrol.htm#名前だけ,ファイル操作:名前だけ [手順],ファイル操作 名前だけ [手順]
core\filecontrol.htm#拡張子だけ,ファイル操作:拡張子だけ [手順],ファイル操作 拡張子だけ [手順]
core\filecontrol.htm#相対パス,ファイル操作:相対パス [手順],ファイル操作 相対パス [手順]
core\filecontrol.htm#拡張子を置き換える,ファイル操作:拡張子を置き換える [手順],ファイル操作 拡張子を置き換える [手順]
core\filecontrol.htm#追加する,ファイル操作:追加する [手順],ファイル操作 追加する [手順]
core\filecontrol.htm#変更する,ファイル操作:変更する [手順],ファイル操作 変更する [手順]
core\filecontrol.htm#保存する,ファイル操作:保存する [手順],ファイル操作 保存する [手順]
core\filecontrol.htm#ファイル属性を取得する,ファイル操作:ファイル属性を取得する [手順],ファイル操作 ファイル属性を取得する [手順]
core\filecontrol.htm#ファイル属性を設定する,ファイル操作:ファイル属性を設定する [手順],ファイル操作 ファイル属性を設定する [手順]
core\filecontrol.htm#コピーする,逆引き「ファイルをコピーする」,ファイルをコピーする
core\filecontrol.htm#サイズ形式,逆引き「ファイルサイズの単位付きで求める」,ファイルサイズの単位付きで求める
core\filecontrol.htm#移動する,逆引き「ファイルを移動する」,ファイルを移動する
core\filecontrol.htm#読み込む,逆引き「テキストファイルの内容を取得する」,テキストファイルの内容を取得する
core\filecontrol.htm#削除する,逆引き「ファイルを削除する」,ファイルを削除する
core\filecontrol.htm#ファイル名だけ,逆引き「パスからファイル名だけを取り出す」,パスからファイル名だけを取り出す
core\filecontrol.htm#フォルダだけ,逆引き「パスからフォルダ名だけを取り出す」,パスからフォルダ名だけを取り出す
core\filecontrol.htm#名前だけ,逆引き「パスから拡張子を除くファイル名だけを取り出す」,パスから拡張子を除くファイル名だけを取り出す
core\filecontrol.htm#拡張子だけ,逆引き「パスから拡張子だけを取り出す」,パスから拡張子だけを取り出す
core\filecontrol.htm#相対パス,逆引き「特定のフォルダを基準とする相対パスを求める」,特定のフォルダを基準とする相対パスを求める
core\filecontrol.htm#拡張子を置き換える,逆引き「パスから拡張子だけを取り出す」,パスから拡張子だけを取り出す
core\filecontrol.htm#追加する,逆引き「テキストファイルへ追記する」,テキストファイルへ追記する
core\filecontrol.htm#変更する,逆引き「ファイル名を変更する」,ファイル名を変更する
core\filecontrol.htm#保存する,逆引き「テキストファイルを保存する」,テキストファイルを保存する
core\filecontrol.htm#ファイル属性を取得する,逆引き「ファイル属性を調べる」,ファイル属性を調べる
core\filecontrol.htm#ファイル属性を設定する,逆引き「ファイル属性を修正する」,ファイル属性を修正する
core\fileinfo.htm,ファイル情報, ファイル情報 種類
core\fileinfo.htm#名前,ファイル情報:名前 [設定項目],ファイル情報 名前 [設定項目]
core\fileinfo.htm#絶対パス,ファイル情報:絶対パス [設定項目],ファイル情報 絶対パス [設定項目]
core\fileinfo.htm#サイズ,ファイル情報:サイズ [設定項目],ファイル情報 サイズ [設定項目]
core\fileinfo.htm#サイズ表記,ファイル情報:サイズ表記 [設定項目],ファイル情報 サイズ表記 [設定項目]
core\fileinfo.htm#作成日,ファイル情報:作成日 [設定項目],ファイル情報 作成日 [設定項目]
core\fileinfo.htm#アクセス日,ファイル情報:アクセス日 [設定項目],ファイル情報 アクセス日 [設定項目]
core\fileinfo.htm#更新日,ファイル情報:更新日 [設定項目],ファイル情報 更新日 [設定項目]
core\fileinfo.htm#ファイル属性,ファイル情報:ファイル属性 [設定項目],ファイル情報 ファイル属性 [設定項目]
core\fileinfo.htm#フォルダ,ファイル情報:フォルダ [設定項目],ファイル情報 フォルダ [設定項目]
core\fileinfo.htm#フォルダ名,ファイル情報:フォルダ名 [設定項目],ファイル情報 フォルダ名 [設定項目]
core\fileinfo.htm#sample1,逆引き「ファイルサイズなどを調べる」,ファイルサイズなどを調べる
core\fileinfo.htm#sample2,逆引き「フォルダの合計サイズを計算する」,フォルダの合計サイズを計算する
core\filereader.htm,ファイル読取器, ファイル読取器 種類
core\filereader.htm#次へ進める,ファイル読取器:次へ進める [手順],ファイル読取器 次へ進める [手順]
core\filereader.htm#一行読み取る,ファイル読取器:一行読み取る [手順],ファイル読取器 一行読み取る [手順]
core\filereader.htm#すべて読む,ファイル読取器:すべて読む [手順],ファイル読取器 すべて読む [手順]
core\filereader.htm#終わり,ファイル読取器:終わり [手順],ファイル読取器 終わり [手順]
core\filereader.htm#閉じる,ファイル読取器:閉じる [手順],ファイル読取器 閉じる [手順]
core\filereader.htm#現在文字,ファイル読取器:現在文字 [設定項目],ファイル読取器 現在文字 [設定項目]
core\filereader.htm#sample1,逆引き「ファイルから1行ずつ読み取る」,ファイルから1行ずつ読み取る
core\filewriter.htm,ファイル書込器, ファイル書込器 種類
core\filewriter.htm#加える,ファイル書込器:加える [手順],ファイル書込器 加える [手順]
core\filewriter.htm#加えて改行する,ファイル書込器:加えて改行する [手順],ファイル書込器 加えて改行する [手順]
core\filewriter.htm#内容,ファイル書込器:内容 [設定項目],ファイル書込器 内容 [設定項目]
core\filewriter.htm#文字コード,ファイル書込器:文字コード [設定項目],ファイル書込器 文字コード [設定項目]
core\filewriter.htm#改行文字,ファイル書込器:改行文字 [設定項目],ファイル書込器 改行文字 [設定項目]
core\filewriter.htm#sample1,逆引き「ファイルへ一行ずつ書き出す」,ファイルへ一行ずつ書き出す
core\folder.htm,フォルダ, フォルダ
core\folder.htm#一覧,フォルダ:一覧 [手順],フォルダ 一覧 [手順]
core\folder.htm#全一覧,フォルダ:全一覧 [手順],フォルダ 全一覧 [手順]
core\folder.htm#作成する,フォルダ:作成する [手順],フォルダ 作成する [手順]
core\folder.htm#削除する,フォルダ:削除する [手順],フォルダ 削除する [手順]
core\folder.htm#存在する,フォルダ:存在する [手順],フォルダ 存在する [手順]
core\folder.htm#変更する,フォルダ:変更する [手順],フォルダ 変更する [手順]
core\folder.htm#作成する,逆引き「フォルダを作成する」,フォルダを作成する
core\folder.htm#削除する,逆引き「フォルダを削除する」,フォルダを削除する
core\folder.htm#存在する,逆引き「フォルダが存在するか調べる」,フォルダが存在するか調べる
core\folder.htm#変更する,逆引き「フォルダ名を修正する」,フォルダ名を修正する
core\folderinfo.htm,フォルダ情報, フォルダ情報 種類
core\folderinfo.htm#列挙する,フォルダ情報:列挙する [手順],フォルダ情報 列挙する [手順]
core\folderinfo.htm#作成する,フォルダ情報:作成する [手順],フォルダ情報 作成する [手順]
core\folderinfo.htm#フォルダを作成する,フォルダ情報:フォルダを作成する [手順],フォルダ情報 フォルダを作成する [手順]
core\folderinfo.htm#削除する,フォルダ情報:削除する [手順],フォルダ情報 削除する [手順]
core\folderinfo.htm#取得する,フォルダ情報:取得する [手順],フォルダ情報 取得する [手順]
core\folderinfo.htm#存在する,フォルダ情報:存在する [手順],フォルダ情報 存在する [手順]
core\folderinfo.htm#ファイルが存在する,フォルダ情報:ファイルが存在する [手順],フォルダ情報 ファイルが存在する [手順]
core\folderinfo.htm#フォルダが存在する,フォルダ情報:フォルダが存在する [手順],フォルダ情報 フォルダが存在する [手順]
core\folderinfo.htm#変更する,フォルダ情報:変更する [手順],フォルダ情報 変更する [手順]
core\folderinfo.htm#名前,フォルダ情報:名前 [設定項目],フォルダ情報 名前 [設定項目]
core\folderinfo.htm#絶対パス,フォルダ情報:絶対パス [設定項目],フォルダ情報 絶対パス [設定項目]
core\folderinfo.htm#親,フォルダ情報:親 [設定項目],フォルダ情報 親 [設定項目]
core\folderinfo.htm#ルート,フォルダ情報:ルート [設定項目],フォルダ情報 ルート [設定項目]
core\folderinfo.htm#ファイル一覧,フォルダ情報:ファイル一覧 [設定項目],フォルダ情報 ファイル一覧 [設定項目]
core\folderinfo.htm#全ファイル一覧,フォルダ情報:全ファイル一覧 [設定項目],フォルダ情報 全ファイル一覧 [設定項目]
core\folderinfo.htm#フォルダ一覧,フォルダ情報:フォルダ一覧 [設定項目],フォルダ情報 フォルダ一覧 [設定項目]
core\folderinfo.htm#sample1,逆引き「フォルダを作成してファイルをコピーする」,フォルダを作成してファイルをコピーする
core\folderinfo.htm#変更する,逆引き「フォルダの名前を変更する」,フォルダの名前を変更する
core\folderlist.htm,基本フォルダ, 基本フォルダ
core\folderlist.htm#ウィンドウズフォルダ,基本フォルダ:ウィンドウズフォルダ [設定項目],基本フォルダ ウィンドウズフォルダ [設定項目]
core\folderlist.htm#お気に入り,基本フォルダ:お気に入り [設定項目],基本フォルダ お気に入り [設定項目]
core\folderlist.htm#システムフォルダ,基本フォルダ:システムフォルダ [設定項目],基本フォルダ システムフォルダ [設定項目]
core\folderlist.htm#スタートアップ,基本フォルダ:スタートアップ [設定項目],基本フォルダ スタートアップ [設定項目]
core\folderlist.htm#スタートメニュー,基本フォルダ:スタートメニュー [設定項目],基本フォルダ スタートメニュー [設定項目]
core\folderlist.htm#デスクトップ,基本フォルダ:デスクトップ [設定項目],基本フォルダ デスクトップ [設定項目]
core\folderlist.htm#テンポラリフォルダ,基本フォルダ:テンポラリフォルダ [設定項目],基本フォルダ テンポラリフォルダ [設定項目]
core\folderlist.htm#プログラムファイル,基本フォルダ:プログラムファイル [設定項目],基本フォルダ プログラムファイル [設定項目]
core\folderlist.htm#プログラムフォルダ,基本フォルダ:プログラムフォルダ [設定項目],基本フォルダ プログラムフォルダ [設定項目]
core\folderlist.htm#プロファイルフォルダ,基本フォルダ:プロファイルフォルダ [設定項目],基本フォルダ プロファイルフォルダ [設定項目]
core\folderlist.htm#マイドキュメント,基本フォルダ:マイドキュメント [設定項目],基本フォルダ マイドキュメント [設定項目]
core\folderlist.htm#マイピクチャー,基本フォルダ:マイピクチャー [設定項目],基本フォルダ マイピクチャー [設定項目]
core\folderlist.htm#マイミュージック,基本フォルダ:マイミュージック [設定項目],基本フォルダ マイミュージック [設定項目]
core\folderlist.htm#マイビデオ,基本フォルダ:マイビデオ [設定項目],基本フォルダ マイビデオ [設定項目]
core\folderlist.htm#今の位置,基本フォルダ:今の位置 [設定項目],基本フォルダ 今の位置 [設定項目]
core\folderlist.htm#送るフォルダ,基本フォルダ:送るフォルダ [設定項目],基本フォルダ 送るフォルダ [設定項目]
core\global.htm,広域種類, 広域種類
core\global_datetime.htm,日付時刻関連操作, 日付時刻関連操作
core\global_datetime.htm#時間形式,日付時刻関連操作:時間形式 [手順],日付時刻関連操作 時間形式 [手順]
core\global_datetime.htm#日付形式,日付時刻関連操作:日付形式 [手順],日付時刻関連操作 日付形式 [手順]
core\global_datetime.htm#日時形式化,日付時刻関連操作:日時形式化 [手順],日付時刻関連操作 日時形式化 [手順]
core\global_datetime.htm#今日,日付時刻関連操作:今日 [設定項目],日付時刻関連操作 今日 [設定項目]
core\global_datetime.htm#昨日,日付時刻関連操作:昨日 [設定項目],日付時刻関連操作 昨日 [設定項目]
core\global_datetime.htm#明日,日付時刻関連操作:明日 [設定項目],日付時刻関連操作 明日 [設定項目]
core\global_datetime.htm#明後日,日付時刻関連操作:明後日 [設定項目],日付時刻関連操作 明後日 [設定項目]
core\global_datetime.htm#今月,日付時刻関連操作:今月 [設定項目],日付時刻関連操作 今月 [設定項目]
core\global_datetime.htm#来月,日付時刻関連操作:来月 [設定項目],日付時刻関連操作 来月 [設定項目]
core\global_datetime.htm#先月,日付時刻関連操作:先月 [設定項目],日付時刻関連操作 先月 [設定項目]
core\global_datetime.htm#去年,日付時刻関連操作:去年 [設定項目],日付時刻関連操作 去年 [設定項目]
core\global_datetime.htm#今年,日付時刻関連操作:今年 [設定項目],日付時刻関連操作 今年 [設定項目]
core\global_datetime.htm#来年,日付時刻関連操作:来年 [設定項目],日付時刻関連操作 来年 [設定項目]
core\global_datetime.htm#日付,日付時刻関連操作:日付 [設定項目],日付時刻関連操作 日付 [設定項目]
core\global_datetime.htm#時刻,日付時刻関連操作:時刻 [設定項目],日付時刻関連操作 時刻 [設定項目]
core\global_datetime.htm#時間形式,逆引き「文字列を時間形式に変換する」,文字列を時間形式に変換する
core\global_datetime.htm#日時形式化,逆引き「文字列を日時形式型へ変換する」,文字列を日時形式型へ変換する
core\global_string.htm,文字列関連操作, 文字列関連操作
core\global_string.htm#アスキー番号,文字列関連操作:アスキー番号 [手順],文字列関連操作 アスキー番号 [手順]
core\global_string.htm#キャラクタ,文字列関連操作:キャラクタ [手順],文字列関連操作 キャラクタ [手順]
core\global_string.htm#文字化,文字列関連操作:文字化 [手順],文字列関連操作 文字化 [手順]
core\global_string.htm#スペース,文字列関連操作:スペース [手順],文字列関連操作 スペース [手順]
core\global_string.htm#パーセント形式,文字列関連操作:パーセント形式 [手順],文字列関連操作 パーセント形式 [手順]
core\global_string.htm#一行だけ,文字列関連操作:一行だけ [手順],文字列関連操作 一行だけ [手順]
core\global_string.htm#区切る,文字列関連操作:区切る [手順],文字列関連操作 区切る [手順]
core\global_string.htm#個数,文字列関連操作:個数 [手順],文字列関連操作 個数 [手順]
core\global_string.htm#行区切り,文字列関連操作:行区切り [手順],文字列関連操作 行区切り [手順]
core\global_string.htm#行数,文字列関連操作:行数 [手順],文字列関連操作 行数 [手順]
core\global_string.htm#整える,文字列関連操作:整える [手順],文字列関連操作 整える [手順]
core\global_string.htm#通貨形式,文字列関連操作:通貨形式 [手順],文字列関連操作 通貨形式 [手順]
core\global_string.htm#反復文字,文字列関連操作:反復文字 [手順],文字列関連操作 反復文字 [手順]
core\global_string.htm#文字数,文字列関連操作:文字数 [手順],文字列関連操作 文字数 [手順]
core\global_string.htm#数字である,文字列関連操作:数字である [手順],文字列関連操作 数字である [手順]
core\global_string.htm#文字である,文字列関連操作:文字である [手順],文字列関連操作 文字である [手順]
core\global_string.htm#ひらがなである,文字列関連操作:ひらがなである [手順],文字列関連操作 ひらがなである [手順]
core\global_string.htm#カタカナである,文字列関連操作:カタカナである [手順],文字列関連操作 カタカナである [手順]
core\global_string.htm#全角である,文字列関連操作:全角である [手順],文字列関連操作 全角である [手順]
core\global_string.htm#半角である,文字列関連操作:半角である [手順],文字列関連操作 半角である [手順]
core\global_string.htm#アルファベットである,文字列関連操作:アルファベットである [手順],文字列関連操作 アルファベットである [手順]
core\global_string.htm#記号である,文字列関連操作:記号である [手順],文字列関連操作 記号である [手順]
core\global_string.htm#空白である,文字列関連操作:空白である [手順],文字列関連操作 空白である [手順]
core\global_string.htm#大文字である,文字列関連操作:大文字である [手順],文字列関連操作 大文字である [手順]
core\global_string.htm#小文字である,文字列関連操作:小文字である [手順],文字列関連操作 小文字である [手順]
core\global_string.htm#タブ,文字列関連操作:タブ [設定項目],文字列関連操作 タブ [設定項目]
core\global_string.htm#改行,文字列関連操作:改行 [設定項目],文字列関連操作 改行 [設定項目]
core\global_string.htm#アスキー番号,逆引き「文字のASCII番号を取得する」,文字のASCII番号を取得する
core\global_string.htm#キャラクタ,逆引き「ASCII番号の文字を取得する」,ASCII番号の文字を取得する
core\global_string.htm#個数,逆引き「文字列の登場回数を数える」,文字列の登場回数を数える
core\global_string.htm#行区切り,逆引き「文字列を1行ごとに配列化する」,文字列を1行ごとに配列化する
core\global_string.htm#行数,逆引き「文字列の行数を数える」,文字列の行数を数える
core\global_string.htm#整える,逆引き「数値を指定した書式に整える」,数値を指定した書式に整える
core\global_string.htm#反復文字,逆引き「同じ文字を繰り返した文字列を返す」,同じ文字を繰り返した文字列を返す
core\htmlencoding.htm,HTML形式, HTML形式
core\htmlencoding.htm#変換する,HTML形式:変換する [手順],HTML形式 変換する [手順]
core\index.htm,基本機能, 基本機能
core\math.htm,数学関数, 数学関数
core\math.htm#ラジアン,数学関数:ラジアン [手順],数学関数 ラジアン [手順]
core\math.htm#逆ラジアン,数学関数:逆ラジアン [手順],数学関数 逆ラジアン [手順]
core\math.htm#コサイン,数学関数:コサイン [手順],数学関数 コサイン [手順]
core\math.htm#サイン,数学関数:サイン [手順],数学関数 サイン [手順]
core\math.htm#タンジェント,数学関数:タンジェント [手順],数学関数 タンジェント [手順]
core\math.htm#cos,数学関数:cos [手順],数学関数 cos [手順]
core\math.htm#ラジアンコサイン,数学関数:ラジアンコサイン [手順],数学関数 ラジアンコサイン [手順]
core\math.htm#sin,数学関数:sin [手順],数学関数 sin [手順]
core\math.htm#ラジアンサイン,数学関数:ラジアンサイン [手順],数学関数 ラジアンサイン [手順]
core\math.htm#tan,数学関数:tan [手順],数学関数 tan [手順]
core\math.htm#ラジアンタンジェント,数学関数:ラジアンタンジェント [手順],数学関数 ラジアンタンジェント [手順]
core\math.htm#acos,数学関数:acos [手順],数学関数 acos [手順]
core\math.htm#アークコサイン,数学関数:アークコサイン [手順],数学関数 アークコサイン [手順]
core\math.htm#逆コサイン,数学関数:逆コサイン [手順],数学関数 逆コサイン [手順]
core\math.htm#asin,数学関数:asin [手順],数学関数 asin [手順]
core\math.htm#アークサイン,数学関数:アークサイン [手順],数学関数 アークサイン [手順]
core\math.htm#逆サイン,数学関数:逆サイン [手順],数学関数 逆サイン [手順]
core\math.htm#atan,数学関数:atan [手順],数学関数 atan [手順]
core\math.htm#アークタンジェント,数学関数:アークタンジェント [手順],数学関数 アークタンジェント [手順]
core\math.htm#逆タンジェント,数学関数:逆タンジェント [手順],数学関数 逆タンジェント [手順]
core\math.htm#足す,数学関数:足す [手順],数学関数 足す [手順]
core\math.htm#足す,数学関数:足す [手順],数学関数 足す [手順]
core\math.htm#引く,数学関数:引く [手順],数学関数 引く [手順]
core\math.htm#引く,数学関数:引く [手順],数学関数 引く [手順]
core\math.htm#掛る,数学関数:掛る [手順],数学関数 掛る [手順]
core\math.htm#掛る,数学関数:掛る [手順],数学関数 掛る [手順]
core\math.htm#掛る,数学関数:掛る [手順],数学関数 掛る [手順]
core\math.htm#割った剰り,数学関数:割った剰り [手順],数学関数 割った剰り [手順]
core\math.htm#差,数学関数:差 [手順],数学関数 差 [手順]
core\math.htm#四捨五入する,数学関数:四捨五入する [手順],数学関数 四捨五入する [手順]
core\math.htm#自然対数乗,数学関数:自然対数乗 [手順],数学関数 自然対数乗 [手順]
core\math.htm#十進数,数学関数:十進数 [手順],数学関数 十進数 [手順]
core\math.htm#十六進数,数学関数:十六進数 [手順],数学関数 十六進数 [手順]
core\math.htm#二進数,数学関数:二進数 [手順],数学関数 二進数 [手順]
core\math.htm#商,数学関数:商 [手順],数学関数 商 [手順]
core\math.htm#剰余演算,数学関数:剰余演算 [手順],数学関数 剰余演算 [手順]
core\math.htm#整数,数学関数:整数 [手順],数学関数 整数 [手順]
core\math.htm#和,数学関数:和 [手順],数学関数 和 [手順]
core\math.htm#積,数学関数:積 [手順],数学関数 積 [手順]
core\math.htm#切り捨てる,数学関数:切り捨てる [手順],数学関数 切り捨てる [手順]
core\math.htm#切り上げる,数学関数:切り上げる [手順],数学関数 切り上げる [手順]
core\math.htm#絶対値,数学関数:絶対値 [手順],数学関数 絶対値 [手順]
core\math.htm#対数,数学関数:対数 [手順],数学関数 対数 [手順]
core\math.htm#平方根,数学関数:平方根 [手順],数学関数 平方根 [手順]
core\math.htm#乱数,数学関数:乱数 [手順],数学関数 乱数 [手順]
core\math.htm#左シフト,数学関数:左シフト [手順],数学関数 左シフト [手順]
core\math.htm#右シフト,数学関数:右シフト [手順],数学関数 右シフト [手順]
core\math.htm#論理積,数学関数:論理積 [手順],数学関数 論理積 [手順]
core\math.htm#論理和,数学関数:論理和 [手順],数学関数 論理和 [手順]
core\math.htm#排他的論理和,数学関数:排他的論理和 [手順],数学関数 排他的論理和 [手順]
core\math.htm#増やす,数学関数:増やす [手順],数学関数 増やす [手順]
core\math.htm#減らす,数学関数:減らす [手順],数学関数 減らす [手順]
core\math.htm#正である,数学関数:正である [手順],数学関数 正である [手順]
core\math.htm#負である,数学関数:負である [手順],数学関数 負である [手順]
core\math.htm#若い,数学関数:若い [手順],数学関数 若い [手順]
core\math.htm#若くない,数学関数:若くない [手順],数学関数 若くない [手順]
core\math.htm#円周率,数学関数:円周率 [設定項目],数学関数 円周率 [設定項目]
core\math.htm#四捨五入,逆引き「整数3桁目で四捨五入する」,整数3桁目で四捨五入する
core\math.htm#四捨五入,逆引き「小数点4桁目で四捨五入する」,小数点4桁目で四捨五入する
core\math.htm#切り捨てる,逆引き「値を切り捨てる」,値を切り捨てる
core\math.htm#切り上げる,逆引き「小数部を切り上げる」,小数部を切り上げる
core\math.htm#切り上げる,逆引き「小数部を丸める」,小数部を丸める
core\math.htm#絶対値,逆引き「絶対値を求める」,絶対値を求める
core\math.htm#対数,逆引き「対数を求める」,対数を求める
core\math.htm#平方根,逆引き「平方根を求める」,平方根を求める
core\math.htm#乱数,逆引き「乱数を求める」,乱数を求める
core\math.htm#論理積,逆引き「論理積(AND)を求める」,論理積(AND)を求める
core\math.htm#論理和,逆引き「論理和(OR)を求める」,論理和(OR)を求める
core\math.htm#排他的論理和,逆引き「排他的論理和(XOR)を求める」,排他的論理和(XOR)を求める
core\nativefunc.htm,ネイティブ関数, ネイティブ関数 種類 Win32API API DLL
core\nativefunc.htm#呼び出す,ネイティブ関数:呼び出す [手順],ネイティブ関数 呼び出す [手順]
core\nativefunc.htm#ファイル名,ネイティブ関数:ファイル名 [設定項目],ネイティブ関数 ファイル名 [設定項目]
core\nativefunc.htm#関数名,ネイティブ関数:関数名 [設定項目],ネイティブ関数 関数名 [設定項目]
core\nativefunc.htm#戻り値型,ネイティブ関数:戻り値型 [設定項目],ネイティブ関数 戻り値型 [設定項目]
core\nativefunc.htm#引数型一覧,ネイティブ関数:引数型一覧 [設定項目],ネイティブ関数 引数型一覧 [設定項目]
core\nativefunc.htm#文字セット,ネイティブ関数:文字セット [設定項目],ネイティブ関数 文字セット [設定項目]
core\nativefunc.htm#sample1,逆引き「MessageBox関数を呼び出す」,MessageBox関数を呼び出す
core\nativepointer.htm,ネイティブ参照, ネイティブ参照 種類 Win32API API DLL ポインタ
core\nativepointer.htm#バイナリとして取得する,ネイティブ参照:バイナリとして取得する [手順],ネイティブ参照 バイナリとして取得する [手順]
core\nativepointer.htm#型,ネイティブ参照:型 [設定項目],ネイティブ参照 型 [設定項目]
core\nativepointer.htm#文字数,ネイティブ参照:文字数 [設定項目],ネイティブ参照 文字数 [設定項目]
core\nativepointer.htm#文字セット,ネイティブ参照:文字セット [設定項目],ネイティブ参照 文字セット [設定項目]
core\nativepointer.htm#バイト数,ネイティブ参照:バイト数 [設定項目],ネイティブ参照 バイト数 [設定項目]
core\nativepointer.htm#値,ネイティブ参照:値 [設定項目],ネイティブ参照 値 [設定項目]
core\nativepointer.htm#ポインタ値,ネイティブ参照:ポインタ値 [設定項目],ネイティブ参照 ポインタ値 [設定項目]
core\nativepointer.htm#sample1,逆引き「GetUserName関数を呼び出す」,GetUserName関数を呼び出す
core\nativestruct.htm,ネイティブ構造体, ネイティブ構造体 種類 Win32API API DLL 構造体
core\nativestruct.htm#初期化する,ネイティブ構造体:初期化する [手順],ネイティブ構造体 初期化する [手順]
core\nativestruct.htm#設定する,ネイティブ構造体:設定する [手順],ネイティブ構造体 設定する [手順]
core\nativestruct.htm#バイナリ化する,ネイティブ構造体:バイナリ化する [手順],ネイティブ構造体 バイナリ化する [手順]
core\nativestruct.htm#構築する,ネイティブ構造体:構築する [手順],ネイティブ構造体 構築する [手順]
core\nativestruct.htm#構造体バイト数,ネイティブ構造体:構造体バイト数 [設定項目],ネイティブ構造体 構造体バイト数 [設定項目]
core\nativestruct.htm#ポインタ値,ネイティブ構造体:ポインタ値 [設定項目],ネイティブ構造体 ポインタ値 [設定項目]
core\nativestruct.htm#sample1,逆引き「GetCursorPos関数を呼び出す」,GetCursorPos関数を呼び出す
core\nativestruct.htm#sample2,逆引き「GetVersionEx関数を呼び出す」,GetVersionEx関数を呼び出す
core\printer.htm,プリンタ, プリンタ 種類
core\printer.htm#プリンタ名,プリンタ:プリンタ名 [設定項目],プリンタ プリンタ名 [設定項目]
core\printer.htm#両面印刷可能,プリンタ:両面印刷可能 [設定項目],プリンタ 両面印刷可能 [設定項目]
core\printer.htm#部単位,プリンタ:部単位 [設定項目],プリンタ 部単位 [設定項目]
core\printer.htm#両面印刷方向,プリンタ:両面印刷方向 [設定項目],プリンタ 両面印刷方向 [設定項目]
core\printer.htm#開始ページ,プリンタ:開始ページ [設定項目],プリンタ 開始ページ [設定項目]
core\printer.htm#終了ページ,プリンタ:終了ページ [設定項目],プリンタ 終了ページ [設定項目]
core\printer.htm#既定プリンタ,プリンタ:既定プリンタ [設定項目],プリンタ 既定プリンタ [設定項目]
core\printer.htm#プロッタ,プリンタ:プロッタ [設定項目],プリンタ プロッタ [設定項目]
core\printer.htm#有効,プリンタ:有効 [設定項目],プリンタ 有効 [設定項目]
core\printer.htm#回転角度,プリンタ:回転角度 [設定項目],プリンタ 回転角度 [設定項目]
core\printer.htm#最大印刷可能部数,プリンタ:最大印刷可能部数 [設定項目],プリンタ 最大印刷可能部数 [設定項目]
core\printer.htm#最大ページ数,プリンタ:最大ページ数 [設定項目],プリンタ 最大ページ数 [設定項目]
core\printer.htm#最小ページ数,プリンタ:最小ページ数 [設定項目],プリンタ 最小ページ数 [設定項目]
core\printer.htm#用紙サイズ一覧,プリンタ:用紙サイズ一覧 [設定項目],プリンタ 用紙サイズ一覧 [設定項目]
core\printer.htm#供給方法一覧,プリンタ:供給方法一覧 [設定項目],プリンタ 供給方法一覧 [設定項目]
core\printer.htm#出力ファイル名,プリンタ:出力ファイル名 [設定項目],プリンタ 出力ファイル名 [設定項目]
core\printer.htm#印刷範囲,プリンタ:印刷範囲 [設定項目],プリンタ 印刷範囲 [設定項目]
core\printer.htm#ファイル出力,プリンタ:ファイル出力 [設定項目],プリンタ ファイル出力 [設定項目]
core\printer.htm#カラー印刷可能,プリンタ:カラー印刷可能 [設定項目],プリンタ カラー印刷可能 [設定項目]
core\printer.htm#用紙大きさ,プリンタ:用紙大きさ [設定項目],プリンタ 用紙大きさ [設定項目]
core\printer.htm#カラー印刷,プリンタ:カラー印刷 [設定項目],プリンタ カラー印刷 [設定項目]
core\printer.htm#ハードマージン横,プリンタ:ハードマージン横 [設定項目],プリンタ ハードマージン横 [設定項目]
core\printer.htm#ハードマージン縦,プリンタ:ハードマージン縦 [設定項目],プリンタ ハードマージン縦 [設定項目]
core\printer.htm#横向き,プリンタ:横向き [設定項目],プリンタ 横向き [設定項目]
core\printer.htm#余白,プリンタ:余白 [設定項目],プリンタ 余白 [設定項目]
core\printer.htm#用紙サイズ,プリンタ:用紙サイズ [設定項目],プリンタ 用紙サイズ [設定項目]
core\printer.htm#供給方法,プリンタ:供給方法 [設定項目],プリンタ 供給方法 [設定項目]
core\printer.htm#印刷可能範囲,プリンタ:印刷可能範囲 [設定項目],プリンタ 印刷可能範囲 [設定項目]
core\printer.htm#印刷解像度,プリンタ:印刷解像度 [設定項目],プリンタ 印刷解像度 [設定項目]
core\printer.htm#sample1,逆引き「指定した用紙サイズで印刷する」,指定した用紙サイズで印刷する
core\produire.htm,プロデル, プロデル 種類
core\produire.htm#バージョン,プロデル:バージョン [設定項目],プロデル バージョン [設定項目]
core\produire.htm#最終更新日,プロデル:最終更新日 [設定項目],プロデル 最終更新日 [設定項目]
core\produire.htm#sample1,逆引き「プロデルのバージョン情報を取得する」,プロデルのバージョン情報を取得する
core\program.htm,プログラム, プログラム 種類
core\program.htm#起動中,プログラム:起動中 [手順],プログラム 起動中 [手順]
core\program.htm#一時停止する,プログラム:一時停止する [手順],プログラム 一時停止する [手順]
core\program.htm#再起動する,プログラム:再起動する [手順],プログラム 再起動する [手順]
core\program.htm#管理者として再起動する,プログラム:管理者として再起動する [手順],プログラム 管理者として再起動する [手順]
core\program.htm#タイトル,プログラム:タイトル [設定項目],プログラム タイトル [設定項目]
core\program.htm#ファイル名,プログラム:ファイル名 [設定項目],プログラム ファイル名 [設定項目]
core\program.htm#フォルダ,プログラム:フォルダ [設定項目],プログラム フォルダ [設定項目]
core\program.htm#コマンドライン引数,プログラム:コマンドライン引数 [設定項目],プログラム コマンドライン引数 [設定項目]
core\program.htm#起動時設定,プログラム:起動時設定 [設定項目],プログラム 起動時設定 [設定項目]
core\program.htm#作業フォルダ,プログラム:作業フォルダ [設定項目],プログラム 作業フォルダ [設定項目]
core\program.htm#実行フォルダ,プログラム:実行フォルダ [設定項目],プログラム 実行フォルダ [設定項目]
core\program.htm#状況通知,プログラム:状況通知 [設定項目],プログラム 状況通知 [設定項目]
core\program.htm#プロセス,プログラム:プロセス [設定項目],プログラム プロセス [設定項目]
core\program.htm#管理者権限,プログラム:管理者権限 [設定項目],プログラム 管理者権限 [設定項目]
core\program.htm#アクセス制御有効,プログラム:アクセス制御有効 [設定項目],プログラム アクセス制御有効 [設定項目]
core\queue.htm,キュー, キュー 種類
core\queue.htm#並ばせる,キュー:並ばせる [手順],キュー 並ばせる [手順]
core\queue.htm#入れる,キュー:入れる [手順],キュー 入れる [手順]
core\queue.htm#取り出す,キュー:取り出す [手順],キュー 取り出す [手順]
core\queue.htm#すべて消す,キュー:すべて消す [手順],キュー すべて消す [手順]
core\queue.htm#先頭,キュー:先頭 [設定項目],キュー 先頭 [設定項目]
core\queue.htm#要素数,キュー:要素数 [設定項目],キュー 要素数 [設定項目]
core\queue.htm#全要素,キュー:全要素 [設定項目],キュー 全要素 [設定項目]
core\queue.htm#sample1,逆引き「キューで値を出し入れする」,キューで値を出し入れする
core\regexp.htm,正規表現, 正規表現 種類
core\regexp.htm#合致する,正規表現:合致する [手順],正規表現 合致する [手順]
core\regexp.htm#取り出す,正規表現:取り出す [手順],正規表現 取り出す [手順]
core\regexp.htm#区別して取り出す,正規表現:区別して取り出す [手順],正規表現 区別して取り出す [手順]
core\regexp.htm#子要素ごとに取り出す,正規表現:子要素ごとに取り出す [手順],正規表現 子要素ごとに取り出す [手順]
core\regexp.htm#区別して子要素ごとに取り出す,正規表現:区別して子要素ごとに取り出す [手順],正規表現 区別して子要素ごとに取り出す [手順]
core\regexp.htm#置換する,正規表現:置換する [手順],正規表現 置換する [手順]
core\regexp.htm#無害化する,正規表現:無害化する [手順],正規表現 無害化する [手順]
core\regexp.htm#lookup1,逆引き「HTMLからタグを取り出す」,HTMLからタグを取り出す
core\regexp.htm#lookup2,逆引き「住所から郵便番号だけを取り出す」,住所から郵便番号だけを取り出す
core\regexp.htm#lookup3,逆引き「サブマッチで電話番号を細かく分解する」,サブマッチで電話番号を細かく分解する
core\regexp.htm#lookup4,逆引き「HTMLからタグ名とその内容を取り出す」,HTMLからタグ名とその内容を取り出す
core\regexp.htm#lookup5,逆引き「最短一致で検索する」,最短一致で検索する
core\regexp.htm#lookup6,逆引き「HTMLから&lt;body&gt;タグの内容を取り出す」,HTMLから&lt;body&gt;タグの内容を取り出す
core\resource.htm,素材リスト, 素材リスト 種類
core\resource.htm#文字列として取得する,素材リスト:文字列として取得する [手順],素材リスト 文字列として取得する [手順]
core\resource.htm#画像として取得する,素材リスト:画像として取得する [手順],素材リスト 画像として取得する [手順]
core\resource.htm#アイコンとして取得する,素材リスト:アイコンとして取得する [手順],素材リスト アイコンとして取得する [手順]
core\resource.htm#カーソルとして取得する,素材リスト:カーソルとして取得する [手順],素材リスト カーソルとして取得する [手順]
core\resource.htm#バイナリ配列として取得する,素材リスト:バイナリ配列として取得する [手順],素材リスト バイナリ配列として取得する [手順]
core\resource.htm#効果音として取得する,素材リスト:効果音として取得する [手順],素材リスト 効果音として取得する [手順]
core\resource.htm#保存する,素材リスト:保存する [手順],素材リスト 保存する [手順]
core\resource.htm#sample1,逆引き「実行可能ファイルにファイルを埋め込む」,実行可能ファイルにファイルを埋め込む
core\resource.htm#sample2,逆引き「実行可能ファイルに画像を埋め込む」,実行可能ファイルに画像を埋め込む
core\stack.htm,スタック, スタック 種類
core\stack.htm#積む,スタック:積む [手順],スタック 積む [手順]
core\stack.htm#取り出す,スタック:取り出す [手順],スタック 取り出す [手順]
core\stack.htm#すべて消す,スタック:すべて消す [手順],スタック すべて消す [手順]
core\stack.htm#先頭,スタック:先頭 [設定項目],スタック 先頭 [設定項目]
core\stack.htm#要素数,スタック:要素数 [設定項目],スタック 要素数 [設定項目]
core\stack.htm#全要素,スタック:全要素 [設定項目],スタック 全要素 [設定項目]
core\stack.htm#sample1,逆引き「値をスタックに積む」,値をスタックに積む
core\static.htm,静的種類, 静的種類
core\stringreader.htm,文字列読込器, 文字列読込器 種類
core\stringreader.htm#次へ進める,文字列読込器:次へ進める [手順],文字列読込器 次へ進める [手順]
core\stringreader.htm#最後まで読む,文字列読込器:最後まで読む [手順],文字列読込器 最後まで読む [手順]
core\stringreader.htm#終わり,文字列読込器:終わり [手順],文字列読込器 終わり [手順]
core\stringreader.htm#現在文字,文字列読込器:現在文字 [設定項目],文字列読込器 現在文字 [設定項目]
core\stringreader.htm#sample1,逆引き「文字列を一文字ずつ読み取る」,文字列を一文字ずつ読み取る
core\stringwriter.htm,文字列書込器, 文字列書込器 種類
core\stringwriter.htm#加える,文字列書込器:加える [手順],文字列書込器 加える [手順]
core\stringwriter.htm#加えて改行する,文字列書込器:加えて改行する [手順],文字列書込器 加えて改行する [手順]
core\stringwriter.htm#クリアする,文字列書込器:クリアする [手順],文字列書込器 クリアする [手順]
core\stringwriter.htm#内容,文字列書込器:内容 [設定項目],文字列書込器 内容 [設定項目]
core\stringwriter.htm#文字コード,文字列書込器:文字コード [設定項目],文字列書込器 文字コード [設定項目]
core\stringwriter.htm#改行文字,文字列書込器:改行文字 [設定項目],文字列書込器 改行文字 [設定項目]
core\stringwriter.htm#sample1,逆引き「長い文字列を繋ぎ合わせる」,長い文字列を繋ぎ合わせる
core\struct.htm,値型, 値型
core\textencoding.htm,文字エンコーディング, 文字エンコーディング 種類 UTF8 Unicode Shift-JIS エンコーディング
core\textencoding.htm#配列化する,文字エンコーディング:配列化する [手順],文字エンコーディング 配列化する [手順]
core\textencoding.htm#文字列化する,文字エンコーディング:文字列化する [手順],文字エンコーディング 文字列化する [手順]
core\textencoding.htm#名前,文字エンコーディング:名前 [設定項目],文字エンコーディング 名前 [設定項目]
core\textencoding.htm#コードページ,文字エンコーディング:コードページ [設定項目],文字エンコーディング コードページ [設定項目]
core\textencoding.htm#ウェブ名,文字エンコーディング:ウェブ名 [設定項目],文字エンコーディング ウェブ名 [設定項目]
core\thread.htm,スレッド, スレッド 種類
core\thread.htm#実行する,スレッド:実行する [手順],スレッド 実行する [手順]
core\thread.htm#停止する,スレッド:停止する [手順],スレッド 停止する [手順]
core\thread.htm#待機する,スレッド:待機する [手順],スレッド 待機する [手順]
core\thread.htm#実行中,スレッド:実行中 [設定項目],スレッド 実行中 [設定項目]
core\thread.htm#ID,スレッド:ID [設定項目],スレッド ID [設定項目]
core\thread.htm#名前,スレッド:名前 [設定項目],スレッド 名前 [設定項目]
core\thread.htm#優先度,スレッド:優先度 [設定項目],スレッド 優先度 [設定項目]
core\thread.htm#バックグラウンド,スレッド:バックグラウンド [設定項目],スレッド バックグラウンド [設定項目]
core\thread.htm#状態,スレッド:状態 [設定項目],スレッド 状態 [設定項目]
core\thread.htm#sample1,逆引き「2つの処理を並列処理する」,2つの処理を並列処理する
core\timer.htm,タイマー, タイマー 種類
core\timer.htm#開始する,タイマー:開始する [手順],タイマー 開始する [手順]
core\timer.htm#停止する,タイマー:停止する [手順],タイマー 停止する [手順]
core\timer.htm#動作中,タイマー:動作中 [手順],タイマー 動作中 [手順]
core\timer.htm#間隔,タイマー:間隔 [設定項目],タイマー 間隔 [設定項目]
core\timer.htm#時間になった,タイマー:時間になった [イベント],タイマー 時間になった [イベント]
core\timer.htm#sample1,逆引き「デジタル時計を作る」,デジタル時計を作る
core\timer.htm#sample2,逆引き「ストップウォッチを作る」,ストップウォッチを作る
core\urlencoding.htm,URL形式, URL形式 種類
core\urlencoding.htm#変換する,URL形式:変換する [手順],URL形式 変換する [手順]
core\wave.htm,効果音, 効果音 種類
core\wave.htm#再生する,効果音:再生する [手順],効果音 再生する [手順]
core\wave.htm#同期して再生する,効果音:同期して再生する [手順],効果音 同期して再生する [手順]
core\wave.htm#繰り返して再生する,効果音:繰り返して再生する [手順],効果音 繰り返して再生する [手順]
core\wave.htm#停止する,効果音:停止する [手順],効果音 停止する [手順]
core\wave.htm#ビープ音を鳴らす,効果音:ビープ音を鳴らす [手順],効果音 ビープ音を鳴らす [手順]
core\wave.htm#警告音を鳴らす,効果音:警告音を鳴らす [手順],効果音 警告音を鳴らす [手順]
core\wave.htm#情報音を鳴らす,効果音:情報音を鳴らす [手順],効果音 情報音を鳴らす [手順]
core\wave.htm#問い合わせ音を鳴らす,効果音:問い合わせ音を鳴らす [手順],効果音 問い合わせ音を鳴らす [手順]
core\wave.htm#エラー音を鳴らす,効果音:エラー音を鳴らす [手順],効果音 エラー音を鳴らす [手順]
core\wave.htm#sample1,逆引き「効果音を繰り返して再生する」,効果音を繰り返して再生する
core\wave.htm#sample2,逆引き「Windowsで設定されている効果音を鳴らしたい」,Windowsで設定されている効果音を鳴らしたい
core\wavefile.htm,効果音ファイル, 効果音ファイル 種類
core\wavefile.htm#再生する,効果音ファイル:再生する [手順],効果音ファイル 再生する [手順]
core\wavefile.htm#同期して再生する,効果音ファイル:同期して再生する [手順],効果音ファイル 同期して再生する [手順]
core\wavefile.htm#繰り返して再生する,効果音ファイル:繰り返して再生する [手順],効果音ファイル 繰り返して再生する [手順]
core\wavefile.htm#停止する,効果音ファイル:停止する [手順],効果音ファイル 停止する [手順]
core\wavefile.htm#sample1,逆引き「効果音を繰り返し再生する」,効果音を繰り返し再生する
core\dialog\colordialog.htm,色選択画面, 色選択画面 種類 ダイアログ
core\dialog\colordialog.htm#表示する,色選択画面:表示する [手順],色選択画面 表示する [手順]
core\dialog\colordialog.htm#クリアする,色選択画面:クリアする [手順],色選択画面 クリアする [手順]
core\dialog\colordialog.htm#キャンセル,色選択画面:キャンセル [設定項目],色選択画面 キャンセル [設定項目]
core\dialog\colordialog.htm#色,色選択画面:色 [設定項目],色選択画面 色 [設定項目]
core\dialog\colordialog.htm#全色使用,色選択画面:全色使用 [設定項目],色選択画面 全色使用 [設定項目]
core\dialog\colordialog.htm#純色のみ,色選択画面:純色のみ [設定項目],色選択画面 純色のみ [設定項目]
core\dialog\colordialog.htm#ユーザ定義色一覧,色選択画面:ユーザ定義色一覧 [設定項目],色選択画面 ユーザ定義色一覧 [設定項目]
core\dialog\colordialog.htm#sample1,逆引き「色を選択する」,色を選択する
core\dialog\folderdialog.htm,フォルダ選択画面, フォルダ選択画面 種類 ダイアログ
core\dialog\folderdialog.htm#表示する,フォルダ選択画面:表示する [手順],フォルダ選択画面 表示する [手順]
core\dialog\folderdialog.htm#キャンセル,フォルダ選択画面:キャンセル [設定項目],フォルダ選択画面 キャンセル [設定項目]
core\dialog\folderdialog.htm#フォルダ名,フォルダ選択画面:フォルダ名 [設定項目],フォルダ選択画面 フォルダ名 [設定項目]
core\dialog\folderdialog.htm#説明,フォルダ選択画面:説明 [設定項目],フォルダ選択画面 説明 [設定項目]
core\dialog\folderdialog.htm#新しいフォルダボタン,フォルダ選択画面:新しいフォルダボタン [設定項目],フォルダ選択画面 新しいフォルダボタン [設定項目]
core\dialog\folderdialog.htm#ルートフォルダ,フォルダ選択画面:ルートフォルダ [設定項目],フォルダ選択画面 ルートフォルダ [設定項目]
core\dialog\folderdialog.htm#sample1,逆引き「フォルダを選択する」,フォルダを選択する
core\dialog\fontdialog.htm,フォント選択画面, フォント選択画面 種類 ダイアログ
core\dialog\fontdialog.htm#表示する,フォント選択画面:表示する [手順],フォント選択画面 表示する [手順]
core\dialog\fontdialog.htm#クリアする,フォント選択画面:クリアする [手順],フォント選択画面 クリアする [手順]
core\dialog\fontdialog.htm#キャンセル,フォント選択画面:キャンセル [設定項目],フォント選択画面 キャンセル [設定項目]
core\dialog\fontdialog.htm#フォント,フォント選択画面:フォント [設定項目],フォント選択画面 フォント [設定項目]
core\dialog\fontdialog.htm#フォント名,フォント選択画面:フォント名 [設定項目],フォント選択画面 フォント名 [設定項目]
core\dialog\fontdialog.htm#文字色,フォント選択画面:文字色 [設定項目],フォント選択画面 文字色 [設定項目]
core\dialog\fontdialog.htm#文字色選択可能,フォント選択画面:文字色選択可能 [設定項目],フォント選択画面 文字色選択可能 [設定項目]
core\dialog\fontdialog.htm#飾り選択可能,フォント選択画面:飾り選択可能 [設定項目],フォント選択画面 飾り選択可能 [設定項目]
core\dialog\fontdialog.htm#sample1,逆引き「フォントを選択する」,フォントを選択する
core\dialog\inputdialog.htm,入力画面, 入力画面 種類 ダイアログ
core\dialog\inputdialog.htm#入力する,入力画面:入力する [手順],入力画面 入力する [手順]
core\dialog\inputdialog.htm#聞く,入力画面:聞く [手順],入力画面 聞く [手順]
core\dialog\inputdialog.htm#キャンセル,入力画面:キャンセル [設定項目],入力画面 キャンセル [設定項目]
core\dialog\inputdialog.htm#タイトル,入力画面:タイトル [設定項目],入力画面 タイトル [設定項目]
core\dialog\inputdialog.htm#内容,入力画面:内容 [設定項目],入力画面 内容 [設定項目]
core\dialog\inputdialog.htm#パスワード入力,入力画面:パスワード入力 [設定項目],入力画面 パスワード入力 [設定項目]
core\dialog\inputdialog.htm#最大文字数,入力画面:最大文字数 [設定項目],入力画面 最大文字数 [設定項目]
core\dialog\inputdialog.htm#IME状態,入力画面:IME状態 [設定項目],入力画面 IME状態 [設定項目]
core\dialog\inputdialog.htm#空欄許可,入力画面:空欄許可 [設定項目],入力画面 空欄許可 [設定項目]
core\dialog\inputdialog.htm#複数行,入力画面:複数行 [設定項目],入力画面 複数行 [設定項目]
core\dialog\inputdialog.htm#sample1,逆引き「文字を入力してもらう画面を表示する」,文字を入力してもらう画面を表示する
core\dialog\opendialog.htm,開く画面, 開く画面 種類 ダイアログ
core\dialog\opendialog.htm#表示する,開く画面:表示する [手順],開く画面 表示する [手順]
core\dialog\opendialog.htm#キャンセル,開く画面:キャンセル [設定項目],開く画面 キャンセル [設定項目]
core\dialog\opendialog.htm#タイトル,開く画面:タイトル [設定項目],開く画面 タイトル [設定項目]
core\dialog\opendialog.htm#ファイル名,開く画面:ファイル名 [設定項目],開く画面 ファイル名 [設定項目]
core\dialog\opendialog.htm#ファイル名一覧,開く画面:ファイル名一覧 [設定項目],開く画面 ファイル名一覧 [設定項目]
core\dialog\opendialog.htm#フォルダ名,開く画面:フォルダ名 [設定項目],開く画面 フォルダ名 [設定項目]
core\dialog\opendialog.htm#種類,開く画面:種類 [設定項目],開く画面 種類 [設定項目]
core\dialog\opendialog.htm#フィルタ,開く画面:フィルタ [設定項目],開く画面 フィルタ [設定項目]
core\dialog\opendialog.htm#複数選択,開く画面:複数選択 [設定項目],開く画面 複数選択 [設定項目]
core\dialog\opendialog.htm#存在確認,開く画面:存在確認 [設定項目],開く画面 存在確認 [設定項目]
core\dialog\opendialog.htm#拡張子付加,開く画面:拡張子付加 [設定項目],開く画面 拡張子付加 [設定項目]
core\dialog\opendialog.htm#パス存在確認,開く画面:パス存在確認 [設定項目],開く画面 パス存在確認 [設定項目]
core\dialog\opendialog.htm#ショートカット有効,開く画面:ショートカット有効 [設定項目],開く画面 ショートカット有効 [設定項目]
core\dialog\opendialog.htm#選択種類番号,開く画面:選択種類番号 [設定項目],開く画面 選択種類番号 [設定項目]
core\dialog\opendialog.htm#初期フォルダ復元,開く画面:初期フォルダ復元 [設定項目],開く画面 初期フォルダ復元 [設定項目]
core\dialog\opendialog.htm#複数拡張子,開く画面:複数拡張子 [設定項目],開く画面 複数拡張子 [設定項目]
core\dialog\opendialog.htm#有効ファイル名確認,開く画面:有効ファイル名確認 [設定項目],開く画面 有効ファイル名確認 [設定項目]
core\dialog\opendialog.htm#既定拡張子,開く画面:既定拡張子 [設定項目],開く画面 既定拡張子 [設定項目]
core\dialog\opendialog.htm#上書き確認,開く画面:上書き確認 [設定項目],開く画面 上書き確認 [設定項目]
core\dialog\opendialog.htm#sample1,逆引き「開くファイルを選択する」,開くファイルを選択する
core\dialog\pagedialog.htm,ページ設定画面, ページ設定画面 種類 ダイアログ 印刷 プリンタ
core\dialog\pagedialog.htm#表示する,ページ設定画面:表示する [手順],ページ設定画面 表示する [手順]
core\dialog\pagedialog.htm#クリアする,ページ設定画面:クリアする [手順],ページ設定画面 クリアする [手順]
core\dialog\pagedialog.htm#プリンタ,ページ設定画面:プリンタ [設定項目],ページ設定画面 プリンタ [設定項目]
core\dialog\pagedialog.htm#キャンセル,ページ設定画面:キャンセル [設定項目],ページ設定画面 キャンセル [設定項目]
core\dialog\pagedialog.htm#余白設定,ページ設定画面:余白設定 [設定項目],ページ設定画面 余白設定 [設定項目]
core\dialog\pagedialog.htm#用紙方向設定,ページ設定画面:用紙方向設定 [設定項目],ページ設定画面 用紙方向設定 [設定項目]
core\dialog\pagedialog.htm#用紙設定,ページ設定画面:用紙設定 [設定項目],ページ設定画面 用紙設定 [設定項目]
core\dialog\pagedialog.htm#印刷ボタン,ページ設定画面:印刷ボタン [設定項目],ページ設定画面 印刷ボタン [設定項目]
core\dialog\pagedialog.htm#結果,ページ設定画面:結果 [設定項目],ページ設定画面 結果 [設定項目]
core\dialog\pagedialog.htm#sample1,逆引き「ページ設定を表示して印刷する」,ページ設定を表示して印刷する
core\dialog\savedialog.htm,保存画面, 保存画面 種類 ダイアログ
core\dialog\savedialog.htm#表示する,保存画面:表示する [手順],保存画面 表示する [手順]
core\dialog\savedialog.htm#キャンセル,保存画面:キャンセル [設定項目],保存画面 キャンセル [設定項目]
core\dialog\savedialog.htm#タイトル,保存画面:タイトル [設定項目],保存画面 タイトル [設定項目]
core\dialog\savedialog.htm#ファイル名,保存画面:ファイル名 [設定項目],保存画面 ファイル名 [設定項目]
core\dialog\savedialog.htm#フォルダ名,保存画面:フォルダ名 [設定項目],保存画面 フォルダ名 [設定項目]
core\dialog\savedialog.htm#種類,保存画面:種類 [設定項目],保存画面 種類 [設定項目]
core\dialog\savedialog.htm#作成確認,保存画面:作成確認 [設定項目],保存画面 作成確認 [設定項目]
core\dialog\savedialog.htm#存在確認,保存画面:存在確認 [設定項目],保存画面 存在確認 [設定項目]
core\dialog\savedialog.htm#拡張子付加,保存画面:拡張子付加 [設定項目],保存画面 拡張子付加 [設定項目]
core\dialog\savedialog.htm#パス存在確認,保存画面:パス存在確認 [設定項目],保存画面 パス存在確認 [設定項目]
core\dialog\savedialog.htm#ショートカット有効,保存画面:ショートカット有効 [設定項目],保存画面 ショートカット有効 [設定項目]
core\dialog\savedialog.htm#選択種類番号,保存画面:選択種類番号 [設定項目],保存画面 選択種類番号 [設定項目]
core\dialog\savedialog.htm#初期フォルダ復元,保存画面:初期フォルダ復元 [設定項目],保存画面 初期フォルダ復元 [設定項目]
core\dialog\savedialog.htm#複数拡張子,保存画面:複数拡張子 [設定項目],保存画面 複数拡張子 [設定項目]
core\dialog\savedialog.htm#有効ファイル名確認,保存画面:有効ファイル名確認 [設定項目],保存画面 有効ファイル名確認 [設定項目]
core\dialog\savedialog.htm#既定拡張子,保存画面:既定拡張子 [設定項目],保存画面 既定拡張子 [設定項目]
core\dialog\savedialog.htm#sample1,逆引き「ファイルの保存先を選択する」,ファイルの保存先を選択する
core\reflection\comtype.htm,COM型, COM型 種類 COM
core\reflection\comtype.htm#インスタンスを作る,COM型:インスタンスを作る [手順],COM型 インスタンスを作る [手順]
core\reflection\comtype.htm#sample1,逆引き「COMインタフェースでPDFファイルを開く」,COMインタフェースでPDFファイルを開く
core\reflection\defconstruct.htm,種類定義, 種類定義 種類 コードモデル リフレクション
core\reflection\defconstruct.htm#手順を加える,種類定義:手順を加える [手順],種類定義 手順を加える [手順]
core\reflection\defconstruct.htm#メソッドを加える,種類定義:メソッドを加える [手順],種類定義 メソッドを加える [手順]
core\reflection\defconstruct.htm#変数を加える,種類定義:変数を加える [手順],種類定義 変数を加える [手順]
core\reflection\defconstruct.htm#注釈を取得する,種類定義:注釈を取得する [手順],種類定義 注釈を取得する [手順]
core\reflection\defconstruct.htm#手順一覧,種類定義:手順一覧 [設定項目],種類定義 手順一覧 [設定項目]
core\reflection\defconstruct.htm#変数一覧,種類定義:変数一覧 [設定項目],種類定義 変数一覧 [設定項目]
core\reflection\defconstruct.htm#生成手順,種類定義:生成手順 [設定項目],種類定義 生成手順 [設定項目]
core\reflection\defconstruct.htm#注釈一覧,種類定義:注釈一覧 [設定項目],種類定義 注釈一覧 [設定項目]
core\reflection\defconstruct.htm#継承型,種類定義:継承型 [設定項目],種類定義 継承型 [設定項目]
core\reflection\defconstruct.htm#継承型名,種類定義:継承型名 [設定項目],種類定義 継承型名 [設定項目]
core\reflection\defconstruct.htm#sample1,逆引き「手順の定義」,手順の定義
core\reflection\defconstruct.htm#sample2,逆引き「種類変数の定義」,種類変数の定義
core\reflection\defdverb.htm,動詞定義, 動詞定義 種類 コードモデル リフレクション
core\reflection\defdverb.htm#手順一覧を取得する,動詞定義:手順一覧を取得する [手順],動詞定義 手順一覧を取得する [手順]
core\reflection\defdverb.htm#助詞一覧を取得する,動詞定義:助詞一覧を取得する [手順],動詞定義 助詞一覧を取得する [手順]
core\reflection\defdverb.htm#名前,動詞定義:名前 [設定項目],動詞定義 名前 [設定項目]
core\reflection\defdverb.htm#sample1,逆引き「手順定義を取得する」,手順定義を取得する
core\reflection\defprocedure.htm,手順定義, 手順定義 種類 コードモデル リフレクション
core\reflection\defprocedure.htm#名前,手順定義:名前 [設定項目],手順定義 名前 [設定項目]
core\reflection\defprocedure.htm#定義型,手順定義:定義型 [設定項目],手順定義 定義型 [設定項目]
core\reflection\defprocedure.htm#戻り値型,手順定義:戻り値型 [設定項目],手順定義 戻り値型 [設定項目]
core\reflection\defprocedure.htm#レシーバ補語,手順定義:レシーバ補語 [設定項目],手順定義 レシーバ補語 [設定項目]
core\reflection\defprocedure.htm#シグネチャ,手順定義:シグネチャ [設定項目],手順定義 シグネチャ [設定項目]
core\reflection\defproperty.htm,設定項目定義, 設定項目定義 種類 コードモデル リフレクション
core\reflection\defproperty.htm#名前,設定項目定義:名前 [設定項目],設定項目定義 名前 [設定項目]
core\reflection\defproperty.htm#型,設定項目定義:型 [設定項目],設定項目定義 型 [設定項目]
core\reflection\defproperty.htm#定義型,設定項目定義:定義型 [設定項目],設定項目定義 定義型 [設定項目]
core\reflection\defsentence.htm,文構造定義, 文構造定義 種類 コードモデル リフレクション
core\reflection\defsentence.htm#字句一覧を取得する,文構造定義:字句一覧を取得する [手順],文構造定義 字句一覧を取得する [手順]
core\reflection\defsentence.htm#字句を取得する,文構造定義:字句を取得する [手順],文構造定義 字句を取得する [手順]
core\reflection\defsentence.htm#動詞,文構造定義:動詞 [設定項目],文構造定義 動詞 [設定項目]
core\reflection\defuserprocedure.htm,ユーザ手順定義, ユーザ手順定義 種類 コードモデル リフレクション
core\reflection\defuserprocedure.htm#仮引数を加える,ユーザ手順定義:仮引数を加える [手順],ユーザ手順定義 仮引数を加える [手順]
core\reflection\defuserprocedure.htm#名前,ユーザ手順定義:名前 [設定項目],ユーザ手順定義 名前 [設定項目]
core\reflection\defuserprocedure.htm#動詞,ユーザ手順定義:動詞 [設定項目],ユーザ手順定義 動詞 [設定項目]
core\reflection\defuserprocedure.htm#固有名,ユーザ手順定義:固有名 [設定項目],ユーザ手順定義 固有名 [設定項目]
core\reflection\defuserprocedure.htm#助詞一覧,ユーザ手順定義:助詞一覧 [設定項目],ユーザ手順定義 助詞一覧 [設定項目]
core\reflection\defuserprocedure.htm#注釈一覧,ユーザ手順定義:注釈一覧 [設定項目],ユーザ手順定義 注釈一覧 [設定項目]
core\reflection\defuserprocedure.htm#ソース,ユーザ手順定義:ソース [設定項目],ユーザ手順定義 ソース [設定項目]
core\reflection\defuserprocedure.htm#変数一覧,ユーザ手順定義:変数一覧 [設定項目],ユーザ手順定義 変数一覧 [設定項目]
core\reflection\defuserprocedure.htm#仮引数一覧,ユーザ手順定義:仮引数一覧 [設定項目],ユーザ手順定義 仮引数一覧 [設定項目]
core\reflection\defuserprocedure.htm#文一覧,ユーザ手順定義:文一覧 [設定項目],ユーザ手順定義 文一覧 [設定項目]
core\reflection\defuserprocedure.htm#戻り値型,ユーザ手順定義:戻り値型 [設定項目],ユーザ手順定義 戻り値型 [設定項目]
core\reflection\defvar.htm,変数定義, 変数定義 種類 コードモデル リフレクション
core\reflection\defvar.htm#名前,変数定義:名前 [設定項目],変数定義 名前 [設定項目]
core\reflection\defvar.htm#型,変数定義:型 [設定項目],変数定義 型 [設定項目]
core\reflection\defvar.htm#sample1,逆引き「種類に含まれる変数を列挙する」,種類に含まれる変数を列挙する
core\reflection\dotnetassembly.htm,ドットネットアセンブリ, ドットネットアセンブリ 種類 .NET
core\reflection\dotnetassembly.htm#取得する,ドットネットアセンブリ:取得する [手順],ドットネットアセンブリ 取得する [手順]
core\reflection\dotnetassembly.htm#インスタンスとして作る,ドットネットアセンブリ:インスタンスとして作る [手順],ドットネットアセンブリ インスタンスとして作る [手順]
core\reflection\dotnetassembly.htm#sample1,逆引き「.NET向けライブラリのクラスを利用する」,.NET向けライブラリのクラスを利用する
core\reflection\dotnettype.htm,ドットネット型, ドットネット型 種類 .NETクラス
core\reflection\dotnettype.htm#インスタンスを作る,ドットネット型:インスタンスを作る [手順],ドットネット型 インスタンスを作る [手順]
core\reflection\dotnettype.htm#配列を作る,ドットネット型:配列を作る [手順],ドットネット型 配列を作る [手順]
core\reflection\dotnettype.htm#取得する,ドットネット型:取得する [手順],ドットネット型 取得する [手順]
core\reflection\dotnettype.htm#設定する,ドットネット型:設定する [手順],ドットネット型 設定する [手順]
core\reflection\dotnettype.htm#呼び出す,ドットネット型:呼び出す [手順],ドットネット型 呼び出す [手順]
core\reflection\dotnettype.htm#sample1,逆引き「StringBuilderクラスのインスタンスを生成する」,StringBuilderクラスのインスタンスを生成する
core\reflection\dotnettype.htm#sample2,逆引き「Stopwatchクラスのインスタンスを生成する」,Stopwatchクラスのインスタンスを生成する
core\reflection\index.htm,リフレクション, リフレクション
core\reflection\pluginprocedure.htm,プラグイン手順定義, プラグイン手順定義 種類 コードモデル リフレクション
core\reflection\pluginprocedure.htm#メソッド情報,プラグイン手順定義:メソッド情報 [設定項目],プラグイン手順定義 メソッド情報 [設定項目]
core\reflection\pluginproperty.htm,プラグイン設定項目定義, プラグイン設定項目定義 種類 コードモデル リフレクション
core\reflection\plugintypeinfo.htm,プラグイン型情報, プラグイン型情報 種類 リフレクション
core\reflection\produirefile.htm,プロデルファイル, プロデルファイル 種類 コードモデル リフレクション
core\reflection\produirefile.htm#読み込む,プロデルファイル:読み込む [手順],プロデルファイル 読み込む [手順]
core\reflection\produirefile.htm#保存する,プロデルファイル:保存する [手順],プロデルファイル 保存する [手順]
core\reflection\produirefile.htm#手順を加える,プロデルファイル:手順を加える [手順],プロデルファイル 手順を加える [手順]
core\reflection\produirefile.htm#メソッドを加える,プロデルファイル:メソッドを加える [手順],プロデルファイル メソッドを加える [手順]
core\reflection\produirefile.htm#種類を加える,プロデルファイル:種類を加える [手順],プロデルファイル 種類を加える [手順]
core\reflection\produirefile.htm#ファイル名,プロデルファイル:ファイル名 [設定項目],プロデルファイル ファイル名 [設定項目]
core\reflection\produirefile.htm#内容,プロデルファイル:内容 [設定項目],プロデルファイル 内容 [設定項目]
core\reflection\produirefile.htm#変数一覧,プロデルファイル:変数一覧 [設定項目],プロデルファイル 変数一覧 [設定項目]
core\reflection\produirefile.htm#手順一覧,プロデルファイル:手順一覧 [設定項目],プロデルファイル 手順一覧 [設定項目]
core\reflection\produirefile.htm#種類一覧,プロデルファイル:種類一覧 [設定項目],プロデルファイル 種類一覧 [設定項目]
core\reflection\produirefile.htm#参照一覧,プロデルファイル:参照一覧 [設定項目],プロデルファイル 参照一覧 [設定項目]
core\reflection\produirefile.htm#参照リスト,プロデルファイル:参照リスト [設定項目],プロデルファイル 参照リスト [設定項目]
core\reflection\produirefile.htm#sample1,逆引き「定義内容を調べる」,定義内容を調べる
core\reflection\produirefile.htm#sample2,逆引き「種類定義と手順定義を追加する」,種類定義と手順定義を追加する
core\reflection\referencelist.htm,参照リスト, 参照リスト 種類 コードモデル リフレクション
core\reflection\referencelist.htm#登録する,参照リスト:登録する [手順],参照リスト 登録する [手順]
core\reflection\referencelist.htm#助詞一覧を取得する,参照リスト:助詞一覧を取得する [手順],参照リスト 助詞一覧を取得する [手順]
core\reflection\referencelist.htm#型を取得する,参照リスト:型を取得する [手順],参照リスト 型を取得する [手順]
core\reflection\referencelist.htm#型一覧を取得する,参照リスト:型一覧を取得する [手順],参照リスト 型一覧を取得する [手順]
core\reflection\referencelist.htm#動詞を取得する,参照リスト:動詞を取得する [手順],参照リスト 動詞を取得する [手順]
core\reflection\referencelist.htm#動詞一覧を取得する,参照リスト:動詞一覧を取得する [手順],参照リスト 動詞一覧を取得する [手順]
core\reflection\referencelist.htm#再構成する,参照リスト:再構成する [手順],参照リスト 再構成する [手順]
core\reflection\typeinfo.htm,型情報, 型情報 種類 リフレクション
core\reflection\typeinfo.htm#インスタンスを作る,型情報:インスタンスを作る [手順],型情報 インスタンスを作る [手順]
core\reflection\typeinfo.htm#配列を作る,型情報:配列を作る [手順],型情報 配列を作る [手順]
core\reflection\typeinfo.htm#手順一覧を取得する,型情報:手順一覧を取得する [手順],型情報 手順一覧を取得する [手順]
core\reflection\typeinfo.htm#設定項目一覧を取得する,型情報:設定項目一覧を取得する [手順],型情報 設定項目一覧を取得する [手順]
core\reflection\typeinfo.htm#設定項目情報を取得する,型情報:設定項目情報を取得する [手順],型情報 設定項目情報を取得する [手順]
core\reflection\typeinfo.htm#変数一覧を取得する,型情報:変数一覧を取得する [手順],型情報 変数一覧を取得する [手順]
core\reflection\typeinfo.htm#名前,型情報:名前 [設定項目],型情報 名前 [設定項目]
core\reflection\typeinfo.htm#sample1,逆引き「変数の取得と設定」,変数の取得と設定
core\reflection\typeinfo.htm#sample2,逆引き「変数一覧の値の取得」,変数一覧の値の取得
core\reflection\userprocedure.htm,ユーザ手順定義, ユーザ手順定義 種類 コードモデル リフレクション
core\reflection\userprocedure.htm#仮引数を加える,ユーザ手順定義:仮引数を加える [手順],ユーザ手順定義 仮引数を加える [手順]
core\reflection\userprocedure.htm#レシーバ補語を加える,ユーザ手順定義:レシーバ補語を加える [手順],ユーザ手順定義 レシーバ補語を加える [手順]
core\reflection\userprocedure.htm#形式補語を加える,ユーザ手順定義:形式補語を加える [手順],ユーザ手順定義 形式補語を加える [手順]
core\reflection\userprocedure.htm#名前,ユーザ手順定義:名前 [設定項目],ユーザ手順定義 名前 [設定項目]
core\reflection\userprocedure.htm#動詞,ユーザ手順定義:動詞 [設定項目],ユーザ手順定義 動詞 [設定項目]
core\reflection\userprocedure.htm#固有名,ユーザ手順定義:固有名 [設定項目],ユーザ手順定義 固有名 [設定項目]
core\reflection\userprocedure.htm#助詞一覧,ユーザ手順定義:助詞一覧 [設定項目],ユーザ手順定義 助詞一覧 [設定項目]
core\reflection\userprocedure.htm#注釈一覧,ユーザ手順定義:注釈一覧 [設定項目],ユーザ手順定義 注釈一覧 [設定項目]
core\reflection\userprocedure.htm#ソース,ユーザ手順定義:ソース [設定項目],ユーザ手順定義 ソース [設定項目]
core\reflection\userprocedure.htm#変数一覧,ユーザ手順定義:変数一覧 [設定項目],ユーザ手順定義 変数一覧 [設定項目]
core\reflection\userprocedure.htm#仮引数一覧,ユーザ手順定義:仮引数一覧 [設定項目],ユーザ手順定義 仮引数一覧 [設定項目]
core\reflection\userprocedure.htm#文一覧,ユーザ手順定義:文一覧 [設定項目],ユーザ手順定義 文一覧 [設定項目]
core\reflection\userprocedure.htm#戻り値型,ユーザ手順定義:戻り値型 [設定項目],ユーザ手順定義 戻り値型 [設定項目]
core\reflection\userprocedure.htm#sample1,逆引き「手順を生成する」,手順を生成する
core\reflection\userproperty.htm,ユーザ設定項目定義, ユーザ設定項目定義 種類 コードモデル リフレクション
core\reflection\phrase\BracketedPhrase.htm,囲い句, 囲い句 種類 コードモデル リフレクション
core\reflection\phrase\BracketedPhrase.htm#名前,囲い句:名前 [設定項目],囲い句 名前 [設定項目]
core\reflection\phrase\BracketedPhrase.htm#型,囲い句:型 [設定項目],囲い句 型 [設定項目]
core\reflection\phrase\CircleBracketed.htm,丸囲い句, 丸囲い句 種類 コードモデル リフレクション
core\reflection\phrase\CircleBracketed.htm#名前,丸囲い句:名前 [設定項目],丸囲い句 名前 [設定項目]
core\reflection\phrase\CircleBracketed.htm#型,丸囲い句:型 [設定項目],丸囲い句 型 [設定項目]
core\reflection\phrase\ConditionSentence.htm,日本語条件句, 日本語条件句 種類 コードモデル リフレクション
core\reflection\phrase\ConditionSentence.htm#名前,日本語条件句:名前 [設定項目],日本語条件句 名前 [設定項目]
core\reflection\phrase\ConditionSentence.htm#型,日本語条件句:型 [設定項目],日本語条件句 型 [設定項目]
core\reflection\phrase\ConditionSentenceSuffix.htm,末尾付き日本語条件句, 末尾付き日本語条件句 種類 コードモデル リフレクション
core\reflection\phrase\ConditionSentenceSuffix.htm#名前,末尾付き日本語条件句:名前 [設定項目],末尾付き日本語条件句 名前 [設定項目]
core\reflection\phrase\ConditionSentenceSuffix.htm#型,末尾付き日本語条件句:型 [設定項目],末尾付き日本語条件句 型 [設定項目]
core\reflection\phrase\SquareBracketed.htm,四角囲い句, 四角囲い句 種類 コードモデル リフレクション
core\reflection\phrase\SquareBracketed.htm#名前,四角囲い句:名前 [設定項目],四角囲い句 名前 [設定項目]
core\reflection\phrase\SquareBracketed.htm#型,四角囲い句:型 [設定項目],四角囲い句 型 [設定項目]
corelib\cursor.htm,マウスカーソル, マウスカーソル 種類 RPA
corelib\cursor.htm#移動する,マウスカーソル:移動する [手順],マウスカーソル 移動する [手順]
corelib\cursor.htm#移動する,マウスカーソル:移動する [手順],マウスカーソル 移動する [手順]
corelib\cursor.htm#移動する,マウスカーソル:移動する [手順],マウスカーソル 移動する [手順]
corelib\cursor.htm#クリックさせる,マウスカーソル:クリックさせる [手順],マウスカーソル クリックさせる [手順]
corelib\cursor.htm#ダブルクリックさせる,マウスカーソル:ダブルクリックさせる [手順],マウスカーソル ダブルクリックさせる [手順]
corelib\cursor.htm#右クリックさせる,マウスカーソル:右クリックさせる [手順],マウスカーソル 右クリックさせる [手順]
corelib\cursor.htm#押させる,マウスカーソル:押させる [手順],マウスカーソル 押させる [手順]
corelib\cursor.htm#離れさせる,マウスカーソル:離れさせる [手順],マウスカーソル 離れさせる [手順]
corelib\cursor.htm#ホイール回転させる,マウスカーソル:ホイール回転させる [手順],マウスカーソル ホイール回転させる [手順]
corelib\cursor.htm#チルトさせる,マウスカーソル:チルトさせる [手順],マウスカーソル チルトさせる [手順]
corelib\cursor.htm#位置,マウスカーソル:位置 [設定項目],マウスカーソル 位置 [設定項目]
corelib\cursor.htm#カーソル,マウスカーソル:カーソル [設定項目],マウスカーソル カーソル [設定項目]
corelib\cursor.htm#sample1,逆引き「選択したウィンドウの中央にマウスカーソルを移動させる」,選択したウィンドウの中央にマウスカーソルを移動させる
corelib\cursor.htm#移動する,逆引き「擬似的にマウスカーソルを移動する」,擬似的にマウスカーソルを移動する
corelib\cursor.htm#移動する,逆引き「擬似的にマウスカーソルを移動する」,擬似的にマウスカーソルを移動する
corelib\cursor.htm#移動する,逆引き「擬似的にマウスカーソルを移動する」,擬似的にマウスカーソルを移動する
corelib\cursor.htm#クリックさせる,逆引き「擬似的にクリックさせる」,擬似的にクリックさせる
corelib\cursor.htm#ダブルクリックさせる,逆引き「擬似的にダブルクリックさせる」,擬似的にダブルクリックさせる
corelib\cursor.htm#右クリックさせる,逆引き「擬似的に右クリックさせる」,擬似的に右クリックさせる
corelib\cursor.htm#クリックさせる,逆引き「擬似的にマウスボタンを押したままにさせる」,擬似的にマウスボタンを押したままにさせる
corelib\cursor.htm#クリックさせる,逆引き「擬似的にドラッグさせる」,擬似的にドラッグさせる
corelib\cursor.htm#ホイール回転させる,逆引き「擬似的にマウスホイールを回転させる」,擬似的にマウスホイールを回転させる
corelib\cursor.htm#チルトさせる,逆引き「擬似的にマウスをチルトさせる」,擬似的にマウスをチルトさせる
corelib\explorerfile.htm,エクスプローラファイル, エクスプローラファイル
corelib\explorerfile.htm#ごみ箱へ移動する,エクスプローラファイル:ごみ箱へ移動する [手順],エクスプローラファイル ごみ箱へ移動する [手順]
corelib\explorerfile.htm#ごみ箱へすぐに移動する,エクスプローラファイル:ごみ箱へすぐに移動する [手順],エクスプローラファイル ごみ箱へすぐに移動する [手順]
corelib\explorerfile.htm#ごみ箱へ移動する,逆引き「ごみ箱へ移動する」,ごみ箱へ移動する
corelib\handledwindow.htm,外部ウィンドウ, 外部ウィンドウ 種類 ウィンドウハンドル RPA
corelib\handledwindow.htm#アクティブ化する,外部ウィンドウ:アクティブ化する [手順],外部ウィンドウ アクティブ化する [手順]
corelib\handledwindow.htm#入力する,外部ウィンドウ:入力する [手順],外部ウィンドウ 入力する [手順]
corelib\handledwindow.htm#ハンドル,外部ウィンドウ:ハンドル [設定項目],外部ウィンドウ ハンドル [設定項目]
corelib\handledwindow.htm#タイトル文字数,外部ウィンドウ:タイトル文字数 [設定項目],外部ウィンドウ タイトル文字数 [設定項目]
corelib\handledwindow.htm#タイトル,外部ウィンドウ:タイトル [設定項目],外部ウィンドウ タイトル [設定項目]
corelib\handledwindow.htm#クラス名,外部ウィンドウ:クラス名 [設定項目],外部ウィンドウ クラス名 [設定項目]
corelib\handledwindow.htm#プロセス,外部ウィンドウ:プロセス [設定項目],外部ウィンドウ プロセス [設定項目]
corelib\handledwindow.htm#位置と大きさ,外部ウィンドウ:位置と大きさ [設定項目],外部ウィンドウ 位置と大きさ [設定項目]
corelib\handledwindow.htm#位置,外部ウィンドウ:位置 [設定項目],外部ウィンドウ 位置 [設定項目]
corelib\handledwindow.htm#大きさ,外部ウィンドウ:大きさ [設定項目],外部ウィンドウ 大きさ [設定項目]
corelib\process.htm,プロセス, プロセス 種類 RPA
corelib\process.htm#切り替える,プロセス:切り替える [手順],プロセス 切り替える [手順]
corelib\process.htm#入力する,プロセス:入力する [手順],プロセス 入力する [手順]
corelib\process.htm#待つ,プロセス:待つ [手順],プロセス 待つ [手順]
corelib\process.htm#閉じる,プロセス:閉じる [手順],プロセス 閉じる [手順]
corelib\process.htm#終了する,プロセス:終了する [手順],プロセス 終了する [手順]
corelib\process.htm#強制終了する,プロセス:強制終了する [手順],プロセス 強制終了する [手順]
corelib\process.htm#起動中,プロセス:起動中 [設定項目],プロセス 起動中 [設定項目]
corelib\process.htm#応答する,プロセス:応答する [設定項目],プロセス 応答する [設定項目]
corelib\process.htm#名前,プロセス:名前 [設定項目],プロセス 名前 [設定項目]
corelib\process.htm#ID,プロセス:ID [設定項目],プロセス ID [設定項目]
corelib\process.htm#セッションID,プロセス:セッションID [設定項目],プロセス セッションID [設定項目]
corelib\process.htm#起動マシン名,プロセス:起動マシン名 [設定項目],プロセス 起動マシン名 [設定項目]
corelib\process.htm#タイトル,プロセス:タイトル [設定項目],プロセス タイトル [設定項目]
corelib\process.htm#メインウィンドウハンドル,プロセス:メインウィンドウハンドル [設定項目],プロセス メインウィンドウハンドル [設定項目]
corelib\process.htm#メイン外部ウィンドウ,プロセス:メイン外部ウィンドウ [設定項目],プロセス メイン外部ウィンドウ [設定項目]
corelib\process.htm#ハンドル,プロセス:ハンドル [設定項目],プロセス ハンドル [設定項目]
corelib\process.htm#終了コード,プロセス:終了コード [設定項目],プロセス 終了コード [設定項目]
corelib\process.htm#終了時刻,プロセス:終了時刻 [設定項目],プロセス 終了時刻 [設定項目]
corelib\process.htm#sample1,逆引き「起動したアプリを操作する」,起動したアプリを操作する
corelib\process.htm#起動して待つ,逆引き「プログラムを起動して終了するまで待機する」,プログラムを起動して終了するまで待機する
corelib\processstatic.htm,プロセス基本, プロセス基本
corelib\processstatic.htm#開く,プロセス基本:開く [手順],プロセス基本 開く [手順]
corelib\processstatic.htm#起動する,プロセス基本:起動する [手順],プロセス基本 起動する [手順]
corelib\processstatic.htm#起動して待つ,プロセス基本:起動して待つ [手順],プロセス基本 起動して待つ [手順]
corelib\processstatic.htm#管理者として実行する,プロセス基本:管理者として実行する [手順],プロセス基本 管理者として実行する [手順]
corelib\processstatic.htm#入力する,プロセス基本:入力する [手順],プロセス基本 入力する [手順]
corelib\processstatic.htm#プロセス,プロセス基本:プロセス [手順],プロセス基本 プロセス [手順]
corelib\processstatic.htm#プロセス一覧,プロセス基本:プロセス一覧 [手順],プロセス基本 プロセス一覧 [手順]
corelib\processstatic.htm#プロセスを取得する,プロセス基本:プロセスを取得する [手順],プロセス基本 プロセスを取得する [手順]
corelib\processstatic.htm#コマンド実行する,プロセス基本:コマンド実行する [手順],プロセス基本 コマンド実行する [手順]
corelib\processstatic.htm#切り替える,プロセス基本:切り替える [手順],プロセス基本 切り替える [手順]
corelib\processstatic.htm#終了する,プロセス基本:終了する [手順],プロセス基本 終了する [手順]
corelib\processstatic.htm#選択プロセス,プロセス基本:選択プロセス [設定項目],プロセス基本 選択プロセス [設定項目]
corelib\processstatic.htm#現在プロセス,プロセス基本:現在プロセス [設定項目],プロセス基本 現在プロセス [設定項目]
corelib\processstatic.htm#起動中プロセス一覧,プロセス基本:起動中プロセス一覧 [設定項目],プロセス基本 起動中プロセス一覧 [設定項目]
corelib\processstatic.htm#sample1,逆引き「起動したアプリの特定の画面で自動入力させる」,起動したアプリの特定の画面で自動入力させる
corelib\processstatic.htm#開く,逆引き「ファイルを関連付けられたアプリで開く」,ファイルを関連付けられたアプリで開く
corelib\processstatic.htm#起動する,逆引き「外部プログラムを起動する」,外部プログラムを起動する
corelib\processstatic.htm#起動して待つ,逆引き「プログラムを起動して終了するまで待機する」,プログラムを起動して終了するまで待機する
corelib\processstatic.htm#起動する,逆引き「管理者として外部プログラムを起動する」,管理者として外部プログラムを起動する
corelib\processstatic.htm#入力する,逆引き「他のアプリに文字列を入力する」,他のアプリに文字列を入力する
corelib\processstatic.htm#プロセス,逆引き「指定した名前のプロセスを終了させる」,指定した名前のプロセスを終了させる
corelib\processstatic.htm#プロセス一覧,逆引き「起動しているプロセスを列挙する」,起動しているプロセスを列挙する
corelib\processstatic.htm#プロセスを取得する,逆引き「ウィンドウ名からアプリのプロセスIDを取得する」,ウィンドウ名からアプリのプロセスIDを取得する
corelib\processstatic.htm#コマンド実行する,逆引き「コマンドプロンプトの結果を取得する」,コマンドプロンプトの結果を取得する
corelib\screen.htm,画面, 画面 種類
corelib\screen.htm#取得する,画面:取得する [手順],画面 取得する [手順]
corelib\screen.htm#ウィンドウを列挙する,画面:ウィンドウを列挙する [手順],画面 ウィンドウを列挙する [手順]
corelib\screen.htm#ウィンドウを取得する,画面:ウィンドウを取得する [手順],画面 ウィンドウを取得する [手順]
corelib\screen.htm#幅,画面:幅 [設定項目],画面 幅 [設定項目]
corelib\screen.htm#高さ,画面:高さ [設定項目],画面 高さ [設定項目]
corelib\screen.htm#画面数,画面:画面数 [設定項目],画面 画面数 [設定項目]
corelib\screen.htm#ディスプレイ名,画面:ディスプレイ名 [設定項目],画面 ディスプレイ名 [設定項目]
corelib\screenarea.htm,画面領域, 画面領域 種類
corelib\screenarea.htm#幅,画面領域:幅 [設定項目],画面領域 幅 [設定項目]
corelib\screenarea.htm#高さ,画面領域:高さ [設定項目],画面領域 高さ [設定項目]
corelib\screenarea.htm#名前,画面領域:名前 [設定項目],画面領域 名前 [設定項目]
corelib\screenarea.htm#作業領域,画面領域:作業領域 [設定項目],画面領域 作業領域 [設定項目]
corelib\screenarea.htm#メイン,画面領域:メイン [設定項目],画面領域 メイン [設定項目]
corelib\screenarea.htm#ビット数,画面領域:ビット数 [設定項目],画面領域 ビット数 [設定項目]
corelib\screenarea.htm#sample1,逆引き「2番目のディスプレイの情報を取得する」,2番目のディスプレイの情報を取得する
data\index.htm,データ形式/データベース, データ形式/データベース
data\json.htm,JSON形式, JSON形式 JSON
data\json.htm#読み取る,JSON形式:読み取る [手順],JSON形式 読み取る [手順]
data\json.htm#書き出す,JSON形式:書き出す [手順],JSON形式 書き出す [手順]
data\json.htm#整形して書き出す,JSON形式:整形して書き出す [手順],JSON形式 整形して書き出す [手順]
data\json.htm#インデント文字列,JSON形式:インデント文字列 [設定項目],JSON形式 インデント文字列 [設定項目]
data\json.htm#samples1,逆引き「JSON形式を文字列として生成する」,JSON形式を文字列として生成する
data\json.htm#samples2,逆引き「JSON形式の文字列から辞書を作る」,JSON形式の文字列から辞書を作る
data\json.htm#samples3,逆引き「JSON形式の文字列から配列と辞書を作る」,JSON形式の文字列から配列と辞書を作る
data\db\dbaccess.htm,Accessデータベース, Accessデータベース 種類 Access データベース
data\db\dbaccess.htm#接続する,Accessデータベース:接続する [手順],Accessデータベース 接続する [手順]
data\db\dbaccess.htm#切断する,Accessデータベース:切断する [手順],Accessデータベース 切断する [手順]
data\db\dbaccess.htm#位置,Accessデータベース:位置 [設定項目],Accessデータベース 位置 [設定項目]
data\db\dbaccess.htm#sample1,逆引き「Access用のデータベース(MDB)を操作する」,Access用のデータベース(MDB)を操作する
data\db\dbaccess2007.htm,Access2007データベース, Access2007データベース 種類 Access データベース
data\db\dbaccess2007.htm#接続する,Access2007データベース:接続する [手順],Access2007データベース 接続する [手順]
data\db\dbaccess2007.htm#切断する,Access2007データベース:切断する [手順],Access2007データベース 切断する [手順]
data\db\dbaccess2007.htm#位置,Access2007データベース:位置 [設定項目],Access2007データベース 位置 [設定項目]
data\db\dbaccess2007.htm#sample1,逆引き「Access2007形式のデータベース(accdb)を操作する」,Access2007形式のデータベース(accdb)を操作する
data\db\dbdatabase.htm,データベースエンジン, データベースエンジン 種類 データベース
data\db\dbdatabase.htm#取得する,データベースエンジン:取得する [手順],データベースエンジン 取得する [手順]
data\db\dbdatabase.htm#一行だけ取得する,データベースエンジン:一行だけ取得する [手順],データベースエンジン 一行だけ取得する [手順]
data\db\dbdatabase.htm#一行だけ取得する,データベースエンジン:一行だけ取得する [手順],データベースエンジン 一行だけ取得する [手順]
data\db\dbdatabase.htm#一行だけ取得する,データベースエンジン:一行だけ取得する [手順],データベースエンジン 一行だけ取得する [手順]
data\db\dbdatabase.htm#値だけ取得する,データベースエンジン:値だけ取得する [手順],データベースエンジン 値だけ取得する [手順]
data\db\dbdatabase.htm#値だけ取得する,データベースエンジン:値だけ取得する [手順],データベースエンジン 値だけ取得する [手順]
data\db\dbdatabase.htm#値だけ取得する,データベースエンジン:値だけ取得する [手順],データベースエンジン 値だけ取得する [手順]
data\db\dbdatabase.htm#データ表として取得する,データベースエンジン:データ表として取得する [手順],データベースエンジン データ表として取得する [手順]
data\db\dbdatabase.htm#実行する,データベースエンジン:実行する [手順],データベースエンジン 実行する [手順]
data\db\dbdatabase.htm#更新する,データベースエンジン:更新する [手順],データベースエンジン 更新する [手順]
data\db\dbdatabase.htm#見出し一覧を取得する,データベースエンジン:見出し一覧を取得する [手順],データベースエンジン 見出し一覧を取得する [手順]
data\db\dbdatabase.htm#テーブルが存在する,データベースエンジン:テーブルが存在する [手順],データベースエンジン テーブルが存在する [手順]
data\db\dbdatabase.htm#ビューが存在する,データベースエンジン:ビューが存在する [手順],データベースエンジン ビューが存在する [手順]
data\db\dbdatabase.htm#状態,データベースエンジン:状態 [設定項目],データベースエンジン 状態 [設定項目]
data\db\dbdatabase.htm#テーブル名一覧,データベースエンジン:テーブル名一覧 [設定項目],データベースエンジン テーブル名一覧 [設定項目]
data\db\dbdatabase.htm#ビュー名一覧,データベースエンジン:ビュー名一覧 [設定項目],データベースエンジン ビュー名一覧 [設定項目]
data\db\dbdatabase.htm#元実体,データベースエンジン:元実体 [設定項目],データベースエンジン 元実体 [設定項目]
data\db\dbmysql.htm,MySQLデータベース, MySQLデータベース 種類 MySQL データベース
data\db\dbmysql.htm#接続する,MySQLデータベース:接続する [手順],MySQLデータベース 接続する [手順]
data\db\dbmysql.htm#切断する,MySQLデータベース:切断する [手順],MySQLデータベース 切断する [手順]
data\db\dbmysql.htm#接続文字列,MySQLデータベース:接続文字列 [設定項目],MySQLデータベース 接続文字列 [設定項目]
data\db\dbmysql.htm#サーバ,MySQLデータベース:サーバ [設定項目],MySQLデータベース サーバ [設定項目]
data\db\dbmysql.htm#ポート,MySQLデータベース:ポート [設定項目],MySQLデータベース ポート [設定項目]
data\db\dbmysql.htm#ユーザID,MySQLデータベース:ユーザID [設定項目],MySQLデータベース ユーザID [設定項目]
data\db\dbmysql.htm#パスワード,MySQLデータベース:パスワード [設定項目],MySQLデータベース パスワード [設定項目]
data\db\dbmysql.htm#データベース,MySQLデータベース:データベース [設定項目],MySQLデータベース データベース [設定項目]
data\db\dbmysql.htm#文字コード,MySQLデータベース:文字コード [設定項目],MySQLデータベース 文字コード [設定項目]
data\db\dbmysql.htm#接続タイムアウト時間,MySQLデータベース:接続タイムアウト時間 [設定項目],MySQLデータベース 接続タイムアウト時間 [設定項目]
data\db\dbmysql.htm#実行タイムアウト時間,MySQLデータベース:実行タイムアウト時間 [設定項目],MySQLデータベース 実行タイムアウト時間 [設定項目]
data\db\dbmysql.htm#プール,MySQLデータベース:プール [設定項目],MySQLデータベース プール [設定項目]
data\db\dbmysql.htm#最小プール数,MySQLデータベース:最小プール数 [設定項目],MySQLデータベース 最小プール数 [設定項目]
data\db\dbmysql.htm#最大プール数,MySQLデータベース:最大プール数 [設定項目],MySQLデータベース 最大プール数 [設定項目]
data\db\dbmysql.htm#バージョン,MySQLデータベース:バージョン [設定項目],MySQLデータベース バージョン [設定項目]
data\db\dbmysql.htm#sample1,逆引き「MySQLのデータベースを操作する」,MySQLのデータベースを操作する
data\db\dboracle.htm,オラクルデータベース, オラクルデータベース 種類 オラクルデータベース Oracle
data\db\dboracle.htm#接続する,オラクルデータベース:接続する [手順],オラクルデータベース 接続する [手順]
data\db\dboracle.htm#切断する,オラクルデータベース:切断する [手順],オラクルデータベース 切断する [手順]
data\db\dboracle.htm#データソース,オラクルデータベース:データソース [設定項目],オラクルデータベース データソース [設定項目]
data\db\dboracle.htm#接続文字列,オラクルデータベース:接続文字列 [設定項目],オラクルデータベース 接続文字列 [設定項目]
data\db\dboracle.htm#ユーザID,オラクルデータベース:ユーザID [設定項目],オラクルデータベース ユーザID [設定項目]
data\db\dboracle.htm#パスワード,オラクルデータベース:パスワード [設定項目],オラクルデータベース パスワード [設定項目]
data\db\dboracle.htm#接続タイムアウト時間,オラクルデータベース:接続タイムアウト時間 [設定項目],オラクルデータベース 接続タイムアウト時間 [設定項目]
data\db\dboracle.htm#バージョン,オラクルデータベース:バージョン [設定項目],オラクルデータベース バージョン [設定項目]
data\db\dboracle.htm#sample1,逆引き「Oracleデータベースを操作する」,Oracleデータベースを操作する
data\db\dbpostgresql.htm,PostgreSQLデータベース, PostgreSQLデータベース 種類 PostgreSQL データベース
data\db\dbpostgresql.htm#接続する,PostgreSQLデータベース:接続する [手順],PostgreSQLデータベース 接続する [手順]
data\db\dbpostgresql.htm#切断する,PostgreSQLデータベース:切断する [手順],PostgreSQLデータベース 切断する [手順]
data\db\dbpostgresql.htm#接続文字列,PostgreSQLデータベース:接続文字列 [設定項目],PostgreSQLデータベース 接続文字列 [設定項目]
data\db\dbpostgresql.htm#サーバ,PostgreSQLデータベース:サーバ [設定項目],PostgreSQLデータベース サーバ [設定項目]
data\db\dbpostgresql.htm#ポート,PostgreSQLデータベース:ポート [設定項目],PostgreSQLデータベース ポート [設定項目]
data\db\dbpostgresql.htm#ユーザID,PostgreSQLデータベース:ユーザID [設定項目],PostgreSQLデータベース ユーザID [設定項目]
data\db\dbpostgresql.htm#パスワード,PostgreSQLデータベース:パスワード [設定項目],PostgreSQLデータベース パスワード [設定項目]
data\db\dbpostgresql.htm#データベース,PostgreSQLデータベース:データベース [設定項目],PostgreSQLデータベース データベース [設定項目]
data\db\dbpostgresql.htm#SSL使用,PostgreSQLデータベース:SSL使用 [設定項目],PostgreSQLデータベース SSL使用 [設定項目]
data\db\dbpostgresql.htm#接続タイムアウト時間,PostgreSQLデータベース:接続タイムアウト時間 [設定項目],PostgreSQLデータベース 接続タイムアウト時間 [設定項目]
data\db\dbpostgresql.htm#実行タイムアウト時間,PostgreSQLデータベース:実行タイムアウト時間 [設定項目],PostgreSQLデータベース 実行タイムアウト時間 [設定項目]
data\db\dbpostgresql.htm#プール,PostgreSQLデータベース:プール [設定項目],PostgreSQLデータベース プール [設定項目]
data\db\dbpostgresql.htm#最小プール数,PostgreSQLデータベース:最小プール数 [設定項目],PostgreSQLデータベース 最小プール数 [設定項目]
data\db\dbpostgresql.htm#最大プール数,PostgreSQLデータベース:最大プール数 [設定項目],PostgreSQLデータベース 最大プール数 [設定項目]
data\db\dbpostgresql.htm#バージョン,PostgreSQLデータベース:バージョン [設定項目],PostgreSQLデータベース バージョン [設定項目]
data\db\dbpostgresql.htm#sample1,逆引き「PostgreSQLデータベースを操作する」,PostgreSQLデータベースを操作する
data\db\dbsqlite.htm,SQLiteデータベース, SQLiteデータベース 種類 SQLite データベース
data\db\dbsqlite.htm#接続する,SQLiteデータベース:接続する [手順],SQLiteデータベース 接続する [手順]
data\db\dbsqlite.htm#切断する,SQLiteデータベース:切断する [手順],SQLiteデータベース 切断する [手順]
data\db\dbsqlite.htm#データソース,SQLiteデータベース:データソース [設定項目],SQLiteデータベース データソース [設定項目]
data\db\dbsqlite.htm#接続文字列,SQLiteデータベース:接続文字列 [設定項目],SQLiteデータベース 接続文字列 [設定項目]
data\db\dbsqlite.htm#バージョン,SQLiteデータベース:バージョン [設定項目],SQLiteデータベース バージョン [設定項目]
data\db\dbsqlite.htm#データバージョン,SQLiteデータベース:データバージョン [設定項目],SQLiteデータベース データバージョン [設定項目]
data\db\dbsqlite.htm#拡張機能有効,SQLiteデータベース:拡張機能有効 [設定項目],SQLiteデータベース 拡張機能有効 [設定項目]
data\db\dbsqlite.htm#sample1,逆引き「SQLiteのデータベースを操作する」,SQLiteのデータベースを操作する
data\db\dbsqlserver.htm,SQLServerデータベース, SQLServerデータベース 種類 SQLServer データベース
data\db\dbsqlserver.htm#接続する,SQLServerデータベース:接続する [手順],SQLServerデータベース 接続する [手順]
data\db\dbsqlserver.htm#切断する,SQLServerデータベース:切断する [手順],SQLServerデータベース 切断する [手順]
data\db\dbsqlserver.htm#データソース,SQLServerデータベース:データソース [設定項目],SQLServerデータベース データソース [設定項目]
data\db\dbsqlserver.htm#接続文字列,SQLServerデータベース:接続文字列 [設定項目],SQLServerデータベース 接続文字列 [設定項目]
data\db\dbsqlserver.htm#ユーザID,SQLServerデータベース:ユーザID [設定項目],SQLServerデータベース ユーザID [設定項目]
data\db\dbsqlserver.htm#パスワード,SQLServerデータベース:パスワード [設定項目],SQLServerデータベース パスワード [設定項目]
data\db\dbsqlserver.htm#データベース,SQLServerデータベース:データベース [設定項目],SQLServerデータベース データベース [設定項目]
data\db\dbsqlserver.htm#Windows認証,SQLServerデータベース:Windows認証 [設定項目],SQLServerデータベース Windows認証 [設定項目]
data\db\dbsqlserver.htm#接続タイムアウト時間,SQLServerデータベース:接続タイムアウト時間 [設定項目],SQLServerデータベース 接続タイムアウト時間 [設定項目]
data\db\dbsqlserver.htm#プール,SQLServerデータベース:プール [設定項目],SQLServerデータベース プール [設定項目]
data\db\dbsqlserver.htm#最小プール数,SQLServerデータベース:最小プール数 [設定項目],SQLServerデータベース 最小プール数 [設定項目]
data\db\dbsqlserver.htm#最大プール数,SQLServerデータベース:最大プール数 [設定項目],SQLServerデータベース 最大プール数 [設定項目]
data\db\dbsqlserver.htm#バージョン,SQLServerデータベース:バージョン [設定項目],SQLServerデータベース バージョン [設定項目]
data\db\dbsqlserver.htm#sample1,逆引き「SQLServerデータベースを操作する」,SQLServerデータベースを操作する
data\db\mysqlquery.htm,MySQLクエリ, MySQLクエリ 種類 データベース操作
data\db\mysqlquery.htm#最終挿入ID,MySQLクエリ:最終挿入ID [設定項目],MySQLクエリ 最終挿入ID [設定項目]
data\db\odbcdatabase.htm,ODBCデータベース, ODBCデータベース 種類 ODBC データベース
data\db\odbcdatabase.htm#接続する,ODBCデータベース:接続する [手順],ODBCデータベース 接続する [手順]
data\db\odbcdatabase.htm#切断する,ODBCデータベース:切断する [手順],ODBCデータベース 切断する [手順]
data\db\odbcdatabase.htm#データソース,ODBCデータベース:データソース [設定項目],ODBCデータベース データソース [設定項目]
data\db\odbcdatabase.htm#データソースファイル,ODBCデータベース:データソースファイル [設定項目],ODBCデータベース データソースファイル [設定項目]
data\db\odbcdatabase.htm#接続文字列,ODBCデータベース:接続文字列 [設定項目],ODBCデータベース 接続文字列 [設定項目]
data\db\odbcdatabase.htm#サーバ,ODBCデータベース:サーバ [設定項目],ODBCデータベース サーバ [設定項目]
data\db\odbcdatabase.htm#ポート,ODBCデータベース:ポート [設定項目],ODBCデータベース ポート [設定項目]
data\db\odbcdatabase.htm#ドライバ,ODBCデータベース:ドライバ [設定項目],ODBCデータベース ドライバ [設定項目]
data\db\odbcdatabase.htm#ユーザ名,ODBCデータベース:ユーザ名 [設定項目],ODBCデータベース ユーザ名 [設定項目]
data\db\odbcdatabase.htm#パスワード,ODBCデータベース:パスワード [設定項目],ODBCデータベース パスワード [設定項目]
data\db\odbcdatabase.htm#データベース,ODBCデータベース:データベース [設定項目],ODBCデータベース データベース [設定項目]
data\db\oledbdatabase.htm,OLEデータベース, OLEデータベース 種類 データベース
data\db\oledbdatabase.htm#接続する,OLEデータベース:接続する [手順],OLEデータベース 接続する [手順]
data\db\oledbdatabase.htm#切断する,OLEデータベース:切断する [手順],OLEデータベース 切断する [手順]
data\db\oledbdatabase.htm#プロバイダ,OLEデータベース:プロバイダ [設定項目],OLEデータベース プロバイダ [設定項目]
data\db\oledbdatabase.htm#データソース,OLEデータベース:データソース [設定項目],OLEデータベース データソース [設定項目]
data\db\oledbdatabase.htm#位置,OLEデータベース:位置 [設定項目],OLEデータベース 位置 [設定項目]
data\db\oledbdatabase.htm#ユーザ名,OLEデータベース:ユーザ名 [設定項目],OLEデータベース ユーザ名 [設定項目]
data\db\oledbdatabase.htm#パスワード,OLEデータベース:パスワード [設定項目],OLEデータベース パスワード [設定項目]
data\db\oledbdatabase.htm#接続文字列,OLEデータベース:接続文字列 [設定項目],OLEデータベース 接続文字列 [設定項目]
data\db\query.htm,データベースクエリ形, データベースクエリ形 種類 データベース操作
data\db\query.htm#取得する,データベースクエリ形:取得する [手順],データベースクエリ形 取得する [手順]
data\db\query.htm#一行だけ取得する,データベースクエリ形:一行だけ取得する [手順],データベースクエリ形 一行だけ取得する [手順]
data\db\query.htm#値だけ取得する,データベースクエリ形:値だけ取得する [手順],データベースクエリ形 値だけ取得する [手順]
data\db\query.htm#データ表として取得する,データベースクエリ形:データ表として取得する [手順],データベースクエリ形 データ表として取得する [手順]
data\db\query.htm#実行する,データベースクエリ形:実行する [手順],データベースクエリ形 実行する [手順]
data\db\query.htm#元実体,データベースクエリ形:元実体 [設定項目],データベースクエリ形 元実体 [設定項目]
data\db\transaction.htm,トランザクション, トランザクション 種類 データベース操作
data\db\transaction.htm#完了する,トランザクション:完了する [手順],トランザクション 完了する [手順]
data\db\transaction.htm#コミットする,トランザクション:コミットする [手順],トランザクション コミットする [手順]
data\db\transaction.htm#取り消す,トランザクション:取り消す [手順],トランザクション 取り消す [手順]
data\db\transaction.htm#ロールバックする,トランザクション:ロールバックする [手順],トランザクション ロールバックする [手順]
data\db\transaction.htm#元実体,トランザクション:元実体 [設定項目],トランザクション 元実体 [設定項目]
data\grid\datacolumn.htm,データ列, データ列 種類
data\grid\datacolumn.htm#名前,データ列:名前 [設定項目],データ列 名前 [設定項目]
data\grid\datacolumn.htm#番号,データ列:番号 [設定項目],データ列 番号 [設定項目]
data\grid\datacolumn.htm#見出し,データ列:見出し [設定項目],データ列 見出し [設定項目]
data\grid\datacolumn.htm#データ表,データ列:データ表 [設定項目],データ列 データ表 [設定項目]
data\grid\datacolumn.htm#データ型,データ列:データ型 [設定項目],データ列 データ型 [設定項目]
data\grid\datacolumn.htm#元実体,データ列:元実体 [設定項目],データ列 元実体 [設定項目]
data\grid\datacolumn.htm#sample1,逆引き「データ表に列を定義する」,データ表に列を定義する
data\grid\datarow.htm,データ行, データ行 種類
data\grid\datarow.htm#列目に設定する,データ行:列目に設定する [手順],データ行 列目に設定する [手順]
data\grid\datarow.htm#設定する,データ行:設定する [手順],データ行 設定する [手順]
data\grid\datarow.htm#取得する,データ行:取得する [手順],データ行 取得する [手順]
data\grid\datarow.htm#番目を取得する,データ行:番目を取得する [手順],データ行 番目を取得する [手順]
data\grid\datarow.htm#列目を取得する,データ行:列目を取得する [手順],データ行 列目を取得する [手順]
data\grid\datarow.htm#辞書化,データ行:辞書化 [手順],データ行 辞書化 [手順]
data\grid\datarow.htm#データ表,データ行:データ表 [設定項目],データ行 データ表 [設定項目]
data\grid\datarow.htm#元実体,データ行:元実体 [設定項目],データ行 元実体 [設定項目]
data\grid\datarow.htm#sample1,逆引き「データ表を編集できる表部品を作る」,データ表を編集できる表部品を作る
data\grid\datarow.htm#列目に設定する,逆引き「行の2列目に値を設定する」,行の2列目に値を設定する
data\grid\datarow.htm#設定する,逆引き「行の「メール」列に対応する値を設定する」,行の「メール」列に対応する値を設定する
data\grid\datarow.htm#列目を取得する,逆引き「行の2列目の値を取得する」,行の2列目の値を取得する
data\grid\dataset.htm,データセット, データセット 種類
data\grid\dataset.htm#すべて消す,データセット:すべて消す [手順],データセット すべて消す [手順]
data\grid\dataset.htm#加える,データセット:加える [手順],データセット 加える [手順]
data\grid\dataset.htm#消す,データセット:消す [手順],データセット 消す [手順]
data\grid\dataset.htm#保存する,データセット:保存する [手順],データセット 保存する [手順]
data\grid\dataset.htm#スキーマとして保存する,データセット:スキーマとして保存する [手順],データセット スキーマとして保存する [手順]
data\grid\dataset.htm#読み込む,データセット:読み込む [手順],データセット 読み込む [手順]
data\grid\dataset.htm#スキーマとして読み込む,データセット:スキーマとして読み込む [手順],データセット スキーマとして読み込む [手順]
data\grid\dataset.htm#名前,データセット:名前 [設定項目],データセット 名前 [設定項目]
data\grid\dataset.htm#一覧,データセット:一覧 [設定項目],データセット 一覧 [設定項目]
data\grid\dataset.htm#表一覧,データセット:表一覧 [設定項目],データセット 表一覧 [設定項目]
data\grid\dataset.htm#テーブル数,データセット:テーブル数 [設定項目],データセット テーブル数 [設定項目]
data\grid\dataset.htm#名前,データセット:名前 [設定項目],データセット 名前 [設定項目]
data\grid\dataset.htm#名前空間,データセット:名前空間 [設定項目],データセット 名前空間 [設定項目]
data\grid\dataset.htm#接頭詞,データセット:接頭詞 [設定項目],データセット 接頭詞 [設定項目]
data\grid\dataset.htm#元実体,データセット:元実体 [設定項目],データセット 元実体 [設定項目]
data\grid\dataset.htm#加える,逆引き「データセットにデータ表を作る」,データセットにデータ表を作る
data\grid\dataset.htm#保存する,逆引き「データセットをXMLファイルとして保存する」,データセットをXMLファイルとして保存する
data\grid\dataset.htm#保存する,逆引き「データセットのXMLスキーマを保存する」,データセットのXMLスキーマを保存する
data\grid\dataset.htm#読み込む,逆引き「XMLファイルの内容をデータセットへ読み込む」,XMLファイルの内容をデータセットへ読み込む
data\grid\dataset.htm#スキーマとして読み込む,逆引き「XMLファイルのスキーマからデータセットを作る」,XMLファイルのスキーマからデータセットを作る
data\grid\datatable.htm,データ表, データ表 種類 テーブル CSVファイル
data\grid\datatable.htm#すべて消す,データ表:すべて消す [手順],データ表 すべて消す [手順]
data\grid\datatable.htm#内容をすべて消す,データ表:内容をすべて消す [手順],データ表 内容をすべて消す [手順]
data\grid\datatable.htm#列を加える,データ表:列を加える [手順],データ表 列を加える [手順]
data\grid\datatable.htm#行を加える,データ表:行を加える [手順],データ表 行を加える [手順]
data\grid\datatable.htm#加える,データ表:加える [手順],データ表 加える [手順]
data\grid\datatable.htm#行を挿入する,データ表:行を挿入する [手順],データ表 行を挿入する [手順]
data\grid\datatable.htm#挿入する,データ表:挿入する [手順],データ表 挿入する [手順]
data\grid\datatable.htm#行目を消す,データ表:行目を消す [手順],データ表 行目を消す [手順]
data\grid\datatable.htm#列目を取得する,データ表:列目を取得する [手順],データ表 列目を取得する [手順]
data\grid\datatable.htm#行目を取得する,データ表:行目を取得する [手順],データ表 行目を取得する [手順]
data\grid\datatable.htm#保存する,データ表:保存する [手順],データ表 保存する [手順]
data\grid\datatable.htm#読み込む,データ表:読み込む [手順],データ表 読み込む [手順]
data\grid\datatable.htm#一覧で取得する,データ表:一覧で取得する [手順],データ表 一覧で取得する [手順]
data\grid\datatable.htm#一覧で設定する,データ表:一覧で設定する [手順],データ表 一覧で設定する [手順]
data\grid\datatable.htm#選択する,データ表:選択する [手順],データ表 選択する [手順]
data\grid\datatable.htm#並べ替える,データ表:並べ替える [手順],データ表 並べ替える [手順]
data\grid\datatable.htm#並べ替えたもの,データ表:並べ替えたもの [手順],データ表 並べ替えたもの [手順]
data\grid\datatable.htm#CSVへ変換する,データ表:CSVへ変換する [手順],データ表 CSVへ変換する [手順]
data\grid\datatable.htm#タブ区切りへ変換する,データ表:タブ区切りへ変換する [手順],データ表 タブ区切りへ変換する [手順]
data\grid\datatable.htm#名前,データ表:名前 [設定項目],データ表 名前 [設定項目]
data\grid\datatable.htm#一覧,データ表:一覧 [設定項目],データ表 一覧 [設定項目]
data\grid\datatable.htm#元一覧,データ表:元一覧 [設定項目],データ表 元一覧 [設定項目]
data\grid\datatable.htm#列一覧,データ表:列一覧 [設定項目],データ表 列一覧 [設定項目]
data\grid\datatable.htm#行一覧,データ表:行一覧 [設定項目],データ表 行一覧 [設定項目]
data\grid\datatable.htm#行数,データ表:行数 [設定項目],データ表 行数 [設定項目]
data\grid\datatable.htm#列数,データ表:列数 [設定項目],データ表 列数 [設定項目]
data\grid\datatable.htm#見出し行,データ表:見出し行 [設定項目],データ表 見出し行 [設定項目]
data\grid\datatable.htm#元実体,データ表:元実体 [設定項目],データ表 元実体 [設定項目]
data\grid\datatable.htm#sample1,逆引き「データ表に行を追加・削除する」,データ表に行を追加・削除する
data\grid\datatable.htm#sample2,逆引き「データ表のセルの値を設定・取得する」,データ表のセルの値を設定・取得する
data\grid\datatable.htm#createcsv,逆引き「CSVファイルを作成する」,CSVファイルを作成する
data\grid\datatable.htm#loadcsv,逆引き「CSVファイルを読み込む」,CSVファイルを読み込む
data\grid\datatable.htm#usearray,逆引き「CSVファイルのデータを処理する」,CSVファイルのデータを処理する
data\grid\datatable.htm#加える,逆引き「データ表に、辞書の内容を新しい行として追加する」,データ表に、辞書の内容を新しい行として追加する
data\grid\datatable.htm#加える,逆引き「データ表に、辞書の内容を新しい行として追加する」,データ表に、辞書の内容を新しい行として追加する
data\grid\datatable.htm#加える,逆引き「データ表に、辞書の内容を新しい行として追加する」,データ表に、辞書の内容を新しい行として追加する
data\grid\datatable.htm#加える,逆引き「データ表に、辞書の内容を新しい行として差し込む追加する」,データ表に、辞書の内容を新しい行として差し込む追加する
data\grid\datatable.htm#行目を消す,逆引き「データ表から1行目を消す」,データ表から1行目を消す
data\grid\datatable.htm#保存する,逆引き「データ表の内容をCSVファイルとして保存する」,データ表の内容をCSVファイルとして保存する
data\grid\datatable.htm#読み込む,逆引き「CSVファイルの内容をデータ表へ読み込む」,CSVファイルの内容をデータ表へ読み込む
data\grid\datatable.htm#一覧で取得する,逆引き「データ表の2列目の内容だけを配列として取り出す」,データ表の2列目の内容だけを配列として取り出す
data\grid\datatable.htm#一覧で設定する,逆引き「データ表の3行目の内容を一括で設定する」,データ表の3行目の内容を一括で設定する
data\grid\datatable.htm#選択する,逆引き「データ表から条件に合致する行だけを配列として取り出す」,データ表から条件に合致する行だけを配列として取り出す
data\grid\datatable.htm#CSVへ変換する,逆引き「データ表をCSV形式の文字列へ変換する」,データ表をCSV形式の文字列へ変換する
data\grid\datatable.htm#タブ区切りへ変換する,逆引き「データ表をタブ区切りの文字列へ変換する」,データ表をタブ区切りの文字列へ変換する
data\grid\filterexpr.htm,データ表のフィルタ式, データ表のフィルタ式
data\grid\grid.htm,表部品, 表部品 種類 GUI部品 コントロール部品 グリッド
data\grid\grid.htm#加える,表部品:加える [手順],表部品 加える [手順]
data\grid\grid.htm#消す,表部品:消す [手順],表部品 消す [手順]
data\grid\grid.htm#すべて選択する,表部品:すべて選択する [手順],表部品 すべて選択する [手順]
data\grid\grid.htm#選択解除する,表部品:選択解除する [手順],表部品 選択解除する [手順]
data\grid\grid.htm#編集する,表部品:編集する [手順],表部品 編集する [手順]
data\grid\grid.htm#キャンセルする,表部品:キャンセルする [手順],表部品 キャンセルする [手順]
data\grid\grid.htm#確定する,表部品:確定する [手順],表部品 確定する [手順]
data\grid\grid.htm#セルを取得する,表部品:セルを取得する [手順],表部品 セルを取得する [手順]
data\grid\grid.htm#セル部品を取得する,表部品:セル部品を取得する [手順],表部品 セル部品を取得する [手順]
data\grid\grid.htm#行部品を取得する,表部品:行部品を取得する [手順],表部品 行部品を取得する [手順]
data\grid\grid.htm#列部品を取得する,表部品:列部品を取得する [手順],表部品 列部品を取得する [手順]
data\grid\grid.htm#昇順に並べ替える,表部品:昇順に並べ替える [手順],表部品 昇順に並べ替える [手順]
data\grid\grid.htm#降順に並べ替える,表部品:降順に並べ替える [手順],表部品 降順に並べ替える [手順]
data\grid\grid.htm#列目を調整する,表部品:列目を調整する [手順],表部品 列目を調整する [手順]
data\grid\grid.htm#行目を調整する,表部品:行目を調整する [手順],表部品 行目を調整する [手順]
data\grid\grid.htm#データ表,表部品:データ表 [設定項目],表部品 データ表 [設定項目]
data\grid\grid.htm#選択行一覧,表部品:選択行一覧 [設定項目],表部品 選択行一覧 [設定項目]
data\grid\grid.htm#読み取り専用,表部品:読み取り専用 [設定項目],表部品 読み取り専用 [設定項目]
data\grid\grid.htm#行追加可能,表部品:行追加可能 [設定項目],表部品 行追加可能 [設定項目]
data\grid\grid.htm#行削除可能,表部品:行削除可能 [設定項目],表部品 行削除可能 [設定項目]
data\grid\grid.htm#列移動可能,表部品:列移動可能 [設定項目],表部品 列移動可能 [設定項目]
data\grid\grid.htm#列幅変更可能,表部品:列幅変更可能 [設定項目],表部品 列幅変更可能 [設定項目]
data\grid\grid.htm#行高さ変更可能,表部品:行高さ変更可能 [設定項目],表部品 行高さ変更可能 [設定項目]
data\grid\grid.htm#セルエラー表示,表部品:セルエラー表示 [設定項目],表部品 セルエラー表示 [設定項目]
data\grid\grid.htm#セル説明表示,表部品:セル説明表示 [設定項目],表部品 セル説明表示 [設定項目]
data\grid\grid.htm#編集箇所表示,表部品:編集箇所表示 [設定項目],表部品 編集箇所表示 [設定項目]
data\grid\grid.htm#行エラー表示,表部品:行エラー表示 [設定項目],表部品 行エラー表示 [設定項目]
data\grid\grid.htm#列一覧,表部品:列一覧 [設定項目],表部品 列一覧 [設定項目]
data\grid\grid.htm#行一覧,表部品:行一覧 [設定項目],表部品 行一覧 [設定項目]
data\grid\grid.htm#標準行装飾,表部品:標準行装飾 [設定項目],表部品 標準行装飾 [設定項目]
data\grid\grid.htm#奇数行装飾,表部品:奇数行装飾 [設定項目],表部品 奇数行装飾 [設定項目]
data\grid\grid.htm#列見出し表示,表部品:列見出し表示 [設定項目],表部品 列見出し表示 [設定項目]
data\grid\grid.htm#列見出し高さ,表部品:列見出し高さ [設定項目],表部品 列見出し高さ [設定項目]
data\grid\grid.htm#列見出し幅,表部品:列見出し幅 [設定項目],表部品 列見出し幅 [設定項目]
data\grid\grid.htm#行見出し表示,表部品:行見出し表示 [設定項目],表部品 行見出し表示 [設定項目]
data\grid\grid.htm#行見出し高さ,表部品:行見出し高さ [設定項目],表部品 行見出し高さ [設定項目]
data\grid\grid.htm#行見出し幅,表部品:行見出し幅 [設定項目],表部品 行見出し幅 [設定項目]
data\grid\grid.htm#列数,表部品:列数 [設定項目],表部品 列数 [設定項目]
data\grid\grid.htm#行数,表部品:行数 [設定項目],表部品 行数 [設定項目]
data\grid\grid.htm#新しい行番号,表部品:新しい行番号 [設定項目],表部品 新しい行番号 [設定項目]
data\grid\grid.htm#選択セル,表部品:選択セル [設定項目],表部品 選択セル [設定項目]
data\grid\grid.htm#選択列,表部品:選択列 [設定項目],表部品 選択列 [設定項目]
data\grid\grid.htm#選択行,表部品:選択行 [設定項目],表部品 選択行 [設定項目]
data\grid\grid.htm#セル位置,表部品:セル位置 [設定項目],表部品 セル位置 [設定項目]
data\grid\grid.htm#セル一覧,表部品:セル一覧 [設定項目],表部品 セル一覧 [設定項目]
data\grid\grid.htm#左上ヘッダ,表部品:左上ヘッダ [設定項目],表部品 左上ヘッダ [設定項目]
data\grid\grid.htm#画面表示セル数,表部品:画面表示セル数 [設定項目],表部品 画面表示セル数 [設定項目]
data\grid\grid.htm#表示セル数,表部品:表示セル数 [設定項目],表部品 表示セル数 [設定項目]
data\grid\grid.htm#選択セル数,表部品:選択セル数 [設定項目],表部品 選択セル数 [設定項目]
data\grid\grid.htm#行ひな形,表部品:行ひな形 [設定項目],表部品 行ひな形 [設定項目]
data\grid\grid.htm#セルがクリックされた,表部品:セルがクリックされた [イベント],表部品 セルがクリックされた [イベント]
data\grid\grid.htm#セルの編集が開始された,表部品:セルの編集が開始された [イベント],表部品 セルの編集が開始された [イベント]
data\grid\grid.htm#セルの編集が終了された,表部品:セルの編集が終了された [イベント],表部品 セルの編集が終了された [イベント]
data\grid\grid.htm#セルが検証する,表部品:セルが検証する [イベント],表部品 セルが検証する [イベント]
data\grid\grid.htm#セルが検証された,表部品:セルが検証された [イベント],表部品 セルが検証された [イベント]
data\grid\grid.htm#セルが選択された,表部品:セルが選択された [イベント],表部品 セルが選択された [イベント]
data\grid\grid.htm#セルから離れた,表部品:セルから離れた [イベント],表部品 セルから離れた [イベント]
data\grid\grid.htm#セルの値が変更された,表部品:セルの値が変更された [イベント],表部品 セルの値が変更された [イベント]
data\grid\grid.htm#セル部品がクリックされた,表部品:セル部品がクリックされた [イベント],表部品 セル部品がクリックされた [イベント]
data\grid\grid.htm#セル部品がダブルクリックされた,表部品:セル部品がダブルクリックされた [イベント],表部品 セル部品がダブルクリックされた [イベント]
data\grid\grid.htm#行が追加された,表部品:行が追加された [イベント],表部品 行が追加された [イベント]
data\grid\grid.htm#行が削除された,表部品:行が削除された [イベント],表部品 行が削除された [イベント]
data\grid\grid.htm#選択行を離れた,表部品:選択行を離れた [イベント],表部品 選択行を離れた [イベント]
data\grid\grid.htm#選択行に入った,表部品:選択行に入った [イベント],表部品 選択行に入った [イベント]
data\grid\grid.htm#sample1,逆引き「データ表から表部品を作る」,データ表から表部品を作る
data\grid\grid.htm#行目を消す,逆引き「データ表から1行目を消す」,データ表から1行目を消す
data\grid\grid.htm#セルを取得する,逆引き「マウスカーソルの座標にあるセルを取得する」,マウスカーソルの座標にあるセルを取得する
data\grid\grid.htm#セル部品を取得する,逆引き「指定した行と列のセルを取得する」,指定した行と列のセルを取得する
data\grid\grid.htm#行部品を取得する,逆引き「指定した行の行部品を取得する」,指定した行の行部品を取得する
data\grid\grid.htm#列部品を取得する,逆引き「指定した列の列部品を取得する」,指定した列の列部品を取得する
data\grid\grid.htm#昇順に並べ替える,逆引き「指定した列を昇順に並べ替える」,指定した列を昇順に並べ替える
data\grid\grid.htm#降順に並べ替える,逆引き「指定した列を降順に並べ替える」,指定した列を降順に並べ替える
data\grid\grid.htm#降順に並べ替える,逆引き「指定した列幅を自動調整する」,指定した列幅を自動調整する
data\grid\grid.htm#降順に並べ替える,逆引き「指定した行高さを自動調整する」,指定した行高さを自動調整する
data\grid\gridcell.htm,セル部品, セル部品 種類
data\grid\gridcell.htm#選択する,セル部品:選択する [手順],セル部品 選択する [手順]
data\grid\gridcell.htm#エラーメッセージ,セル部品:エラーメッセージ [設定項目],セル部品 エラーメッセージ [設定項目]
data\grid\gridcell.htm#コンテキストメニュー,セル部品:コンテキストメニュー [設定項目],セル部品 コンテキストメニュー [設定項目]
data\grid\gridcell.htm#タグ,セル部品:タグ [設定項目],セル部品 タグ [設定項目]
data\grid\gridcell.htm#データ型,セル部品:データ型 [設定項目],セル部品 データ型 [設定項目]
data\grid\gridcell.htm#既定装飾,セル部品:既定装飾 [設定項目],セル部品 既定装飾 [設定項目]
data\grid\gridcell.htm#見出し番号,セル部品:見出し番号 [設定項目],セル部品 見出し番号 [設定項目]
data\grid\gridcell.htm#列番号,セル部品:列番号 [設定項目],セル部品 列番号 [設定項目]
data\grid\gridcell.htm#行番号,セル部品:行番号 [設定項目],セル部品 行番号 [設定項目]
data\grid\gridcell.htm#固定,セル部品:固定 [設定項目],セル部品 固定 [設定項目]
data\grid\gridcell.htm#親表部品,セル部品:親表部品 [設定項目],セル部品 親表部品 [設定項目]
data\grid\gridcell.htm#整形済み内容,セル部品:整形済み内容 [設定項目],セル部品 整形済み内容 [設定項目]
data\grid\gridcell.htm#整形済み内容データ型,セル部品:整形済み内容データ型 [設定項目],セル部品 整形済み内容データ型 [設定項目]
data\grid\gridcell.htm#説明,セル部品:説明 [設定項目],セル部品 説明 [設定項目]
data\grid\gridcell.htm#選択中,セル部品:選択中 [設定項目],セル部品 選択中 [設定項目]
data\grid\gridcell.htm#装飾,セル部品:装飾 [設定項目],セル部品 装飾 [設定項目]
data\grid\gridcell.htm#大きさ,セル部品:大きさ [設定項目],セル部品 大きさ [設定項目]
data\grid\gridcell.htm#独自装飾,セル部品:独自装飾 [設定項目],セル部品 独自装飾 [設定項目]
data\grid\gridcell.htm#読み取り専用,セル部品:読み取り専用 [設定項目],セル部品 読み取り専用 [設定項目]
data\grid\gridcell.htm#内容,セル部品:内容 [設定項目],セル部品 内容 [設定項目]
data\grid\gridcell.htm#表示,セル部品:表示 [設定項目],セル部品 表示 [設定項目]
data\grid\gridcell.htm#元実体,セル部品:元実体 [設定項目],セル部品 元実体 [設定項目]
data\grid\gridcell.htm#sample1,逆引き「表部品で選択したセルの内容を取得する」,表部品で選択したセルの内容を取得する
data\grid\gridcellstyle.htm,セル部品装飾, セル部品装飾 種類
data\grid\gridcellstyle.htm#配置,セル部品装飾:配置 [設定項目],セル部品装飾 配置 [設定項目]
data\grid\gridcellstyle.htm#背景色,セル部品装飾:背景色 [設定項目],セル部品装飾 背景色 [設定項目]
data\grid\gridcellstyle.htm#文字色,セル部品装飾:文字色 [設定項目],セル部品装飾 文字色 [設定項目]
data\grid\gridcellstyle.htm#書式,セル部品装飾:書式 [設定項目],セル部品装飾 書式 [設定項目]
data\grid\gridcellstyle.htm#選択時背景色,セル部品装飾:選択時背景色 [設定項目],セル部品装飾 選択時背景色 [設定項目]
data\grid\gridcellstyle.htm#選択時文字色,セル部品装飾:選択時文字色 [設定項目],セル部品装飾 選択時文字色 [設定項目]
data\grid\gridcellstyle.htm#折り返し,セル部品装飾:折り返し [設定項目],セル部品装飾 折り返し [設定項目]
data\grid\gridcellstyle.htm#余白,セル部品装飾:余白 [設定項目],セル部品装飾 余白 [設定項目]
data\grid\gridcellstyle.htm#フォント,セル部品装飾:フォント [設定項目],セル部品装飾 フォント [設定項目]
data\grid\gridcellstyle.htm#空欄内容,セル部品装飾:空欄内容 [設定項目],セル部品装飾 空欄内容 [設定項目]
data\grid\gridcellstyle.htm#タグ,セル部品装飾:タグ [設定項目],セル部品装飾 タグ [設定項目]
data\grid\gridcellstyle.htm#元実体,セル部品装飾:元実体 [設定項目],セル部品装飾 元実体 [設定項目]
data\grid\gridcellstyle.htm#sample1,逆引き「奇数行と偶数行が色分けされた表を表示する」,奇数行と偶数行が色分けされた表を表示する
data\grid\gridcolumn.htm,列部品, 列部品 種類
data\grid\gridcolumn.htm#選択する,列部品:選択する [手順],列部品 選択する [手順]
data\grid\gridcolumn.htm#名前,列部品:名前 [設定項目],列部品 名前 [設定項目]
data\grid\gridcolumn.htm#幅,列部品:幅 [設定項目],列部品 幅 [設定項目]
data\grid\gridcolumn.htm#最小幅,列部品:最小幅 [設定項目],列部品 最小幅 [設定項目]
data\grid\gridcolumn.htm#データ型,列部品:データ型 [設定項目],列部品 データ型 [設定項目]
data\grid\gridcolumn.htm#データ列名,列部品:データ列名 [設定項目],列部品 データ列名 [設定項目]
data\grid\gridcolumn.htm#選択中,列部品:選択中 [設定項目],列部品 選択中 [設定項目]
data\grid\gridcolumn.htm#固定,列部品:固定 [設定項目],列部品 固定 [設定項目]
data\grid\gridcolumn.htm#読み取り専用,列部品:読み取り専用 [設定項目],列部品 読み取り専用 [設定項目]
data\grid\gridcolumn.htm#塗りつぶし幅,列部品:塗りつぶし幅 [設定項目],列部品 塗りつぶし幅 [設定項目]
data\grid\gridcolumn.htm#表示番号,列部品:表示番号 [設定項目],列部品 表示番号 [設定項目]
data\grid\gridcolumn.htm#番号,列部品:番号 [設定項目],列部品 番号 [設定項目]
data\grid\gridcolumn.htm#親表部品,列部品:親表部品 [設定項目],列部品 親表部品 [設定項目]
data\grid\gridcolumn.htm#表示,列部品:表示 [設定項目],列部品 表示 [設定項目]
data\grid\gridcolumn.htm#タグ,列部品:タグ [設定項目],列部品 タグ [設定項目]
data\grid\gridcolumn.htm#見出し,列部品:見出し [設定項目],列部品 見出し [設定項目]
data\grid\gridcolumn.htm#見出しセル,列部品:見出しセル [設定項目],列部品 見出しセル [設定項目]
data\grid\gridcolumn.htm#説明,列部品:説明 [設定項目],列部品 説明 [設定項目]
data\grid\gridcolumn.htm#コンテキストメニュー,列部品:コンテキストメニュー [設定項目],列部品 コンテキストメニュー [設定項目]
data\grid\gridcolumn.htm#装飾,列部品:装飾 [設定項目],列部品 装飾 [設定項目]
data\grid\gridcolumn.htm#独自装飾,列部品:独自装飾 [設定項目],列部品 独自装飾 [設定項目]
data\grid\gridcolumn.htm#既定装飾,列部品:既定装飾 [設定項目],列部品 既定装飾 [設定項目]
data\grid\gridcolumn.htm#元実体,列部品:元実体 [設定項目],列部品 元実体 [設定項目]
data\grid\gridcolumn.htm#sample1,逆引き「表部品の列の見出しや幅を変更する」,表部品の列の見出しや幅を変更する
data\grid\gridrow.htm,行部品, 行部品 種類
data\grid\gridrow.htm#選択する,行部品:選択する [手順],行部品 選択する [手順]
data\grid\gridrow.htm#エラーメッセージ,行部品:エラーメッセージ [設定項目],行部品 エラーメッセージ [設定項目]
data\grid\gridrow.htm#タグ,行部品:タグ [設定項目],行部品 タグ [設定項目]
data\grid\gridrow.htm#区分線太さ,行部品:区分線太さ [設定項目],行部品 区分線太さ [設定項目]
data\grid\gridrow.htm#固定,行部品:固定 [設定項目],行部品 固定 [設定項目]
data\grid\gridrow.htm#高さ,行部品:高さ [設定項目],行部品 高さ [設定項目]
data\grid\gridrow.htm#最小高さ,行部品:最小高さ [設定項目],行部品 最小高さ [設定項目]
data\grid\gridrow.htm#新しい,行部品:新しい [設定項目],行部品 新しい [設定項目]
data\grid\gridrow.htm#親表部品,行部品:親表部品 [設定項目],行部品 親表部品 [設定項目]
data\grid\gridrow.htm#選択中,行部品:選択中 [設定項目],行部品 選択中 [設定項目]
data\grid\gridrow.htm#読み取り専用,行部品:読み取り専用 [設定項目],行部品 読み取り専用 [設定項目]
data\grid\gridrow.htm#セル一覧,行部品:セル一覧 [設定項目],行部品 セル一覧 [設定項目]
data\grid\gridrow.htm#番号,行部品:番号 [設定項目],行部品 番号 [設定項目]
data\grid\gridrow.htm#見出し,行部品:見出し [設定項目],行部品 見出し [設定項目]
data\grid\gridrow.htm#見出しセル,行部品:見出しセル [設定項目],行部品 見出しセル [設定項目]
data\grid\gridrow.htm#表示,行部品:表示 [設定項目],行部品 表示 [設定項目]
data\grid\gridrow.htm#元実体,行部品:元実体 [設定項目],行部品 元実体 [設定項目]
data\grid\gridrow.htm#sample1,逆引き「各列部品に行番号を設定する」,各列部品に行番号を設定する
data\grid\grid_event.htm,表部品のイベント情報, 表部品のイベント情報 イベント情報
data\grid\grid_event.htm#表セル行イベント情報,表部品のイベント情報:表セル行イベント情報 [設定項目],表部品のイベント情報 表セル行イベント情報 [設定項目]
data\grid\grid_event.htm#行数,表部品のイベント情報:行数 [設定項目],表部品のイベント情報 行数 [設定項目]
data\grid\grid_event.htm#行番号,表部品のイベント情報:行番号 [設定項目],表部品のイベント情報 行番号 [設定項目]
data\grid\grid_event.htm#表部品セルイベント情報,表部品のイベント情報:表部品セルイベント情報 [設定項目],表部品のイベント情報 表部品セルイベント情報 [設定項目]
data\grid\grid_event.htm#行,表部品のイベント情報:行 [設定項目],表部品のイベント情報 行 [設定項目]
data\grid\grid_event.htm#列,表部品のイベント情報:列 [設定項目],表部品のイベント情報 列 [設定項目]
data\grid\grid_event.htm#セル,表部品のイベント情報:セル [設定項目],表部品のイベント情報 セル [設定項目]
data\grid\grid_event.htm#表部品セル検証イベント情報,表部品のイベント情報:表部品セル検証イベント情報 [設定項目],表部品のイベント情報 表部品セル検証イベント情報 [設定項目]
data\grid\grid_event.htm#キャンセル,表部品のイベント情報:キャンセル [設定項目],表部品のイベント情報 キャンセル [設定項目]
data\grid\grid_event.htm#内容,表部品のイベント情報:内容 [設定項目],表部品のイベント情報 内容 [設定項目]
data\grid\grid_event.htm#行,表部品のイベント情報:行 [設定項目],表部品のイベント情報 行 [設定項目]
data\grid\grid_event.htm#列,表部品のイベント情報:列 [設定項目],表部品のイベント情報 列 [設定項目]
data\grid\index.htm,表部品, 表部品
data\grid\grid\buttoncolumn.htm,ボタン列部品, ボタン列部品 種類
data\grid\grid\buttoncolumn.htm#sample1,逆引き「表部品にボタンのセルを作る」,表部品にボタンのセルを作る
data\grid\grid\checkcell.htm,チェックボックスセル部品, チェックボックスセル部品 種類
data\grid\grid\checkcell.htm#選択する,チェックボックスセル部品:選択する [手順],チェックボックスセル部品 選択する [手順]
data\grid\grid\checkcell.htm#中間状態,チェックボックスセル部品:中間状態 [設定項目],チェックボックスセル部品 中間状態 [設定項目]
data\grid\grid\checkcell.htm#チェック状態内容,チェックボックスセル部品:チェック状態内容 [設定項目],チェックボックスセル部品 チェック状態内容 [設定項目]
data\grid\grid\checkcell.htm#非チェック状態内容,チェックボックスセル部品:非チェック状態内容 [設定項目],チェックボックスセル部品 非チェック状態内容 [設定項目]
data\grid\grid\checkcell.htm#中間状態内容,チェックボックスセル部品:中間状態内容 [設定項目],チェックボックスセル部品 中間状態内容 [設定項目]
data\grid\grid\checkcolumn.htm,チェックボックス列部品, チェックボックス列部品 種類
data\grid\grid\checkcolumn.htm#中間状態,チェックボックス列部品:中間状態 [設定項目],チェックボックス列部品 中間状態 [設定項目]
data\grid\grid\checkcolumn.htm#チェック状態内容,チェックボックス列部品:チェック状態内容 [設定項目],チェックボックス列部品 チェック状態内容 [設定項目]
data\grid\grid\checkcolumn.htm#非チェック状態内容,チェックボックス列部品:非チェック状態内容 [設定項目],チェックボックス列部品 非チェック状態内容 [設定項目]
data\grid\grid\checkcolumn.htm#中間状態内容,チェックボックス列部品:中間状態内容 [設定項目],チェックボックス列部品 中間状態内容 [設定項目]
data\grid\grid\checkcolumn.htm#sample1,逆引き「表部品にチェックボックス欄を追加する」,表部品にチェックボックス欄を追加する
data\grid\grid\comboboxcell.htm,選択リストセル部品, 選択リストセル部品 種類
data\grid\grid\comboboxcell.htm#追加する,選択リストセル部品:追加する [手順],選択リストセル部品 追加する [手順]
data\grid\grid\comboboxcell.htm#削除する,選択リストセル部品:削除する [手順],選択リストセル部品 削除する [手順]
data\grid\grid\comboboxcell.htm#削除する,選択リストセル部品:削除する [手順],選択リストセル部品 削除する [手順]
data\grid\grid\comboboxcell.htm#すべて削除する,選択リストセル部品:すべて削除する [手順],選択リストセル部品 すべて削除する [手順]
data\grid\grid\comboboxcell.htm#選択セルのみ表示,選択リストセル部品:選択セルのみ表示 [設定項目],選択リストセル部品 選択セルのみ表示 [設定項目]
data\grid\grid\comboboxcell.htm#見出しデータ列名,選択リストセル部品:見出しデータ列名 [設定項目],選択リストセル部品 見出しデータ列名 [設定項目]
data\grid\grid\comboboxcell.htm#値データ列名,選択リストセル部品:値データ列名 [設定項目],選択リストセル部品 値データ列名 [設定項目]
data\grid\grid\comboboxcolumn.htm,選択リスト列部品, 選択リスト列部品 種類
data\grid\grid\comboboxcolumn.htm#追加する,選択リスト列部品:追加する [手順],選択リスト列部品 追加する [手順]
data\grid\grid\comboboxcolumn.htm#削除する,選択リスト列部品:削除する [手順],選択リスト列部品 削除する [手順]
data\grid\grid\comboboxcolumn.htm#削除する,選択リスト列部品:削除する [手順],選択リスト列部品 削除する [手順]
data\grid\grid\comboboxcolumn.htm#すべて削除する,選択リスト列部品:すべて削除する [手順],選択リスト列部品 すべて削除する [手順]
data\grid\grid\comboboxcolumn.htm#選択セルのみ表示,選択リスト列部品:選択セルのみ表示 [設定項目],選択リスト列部品 選択セルのみ表示 [設定項目]
data\grid\grid\comboboxcolumn.htm#見出しデータ列名,選択リスト列部品:見出しデータ列名 [設定項目],選択リスト列部品 見出しデータ列名 [設定項目]
data\grid\grid\comboboxcolumn.htm#値データ列名,選択リスト列部品:値データ列名 [設定項目],選択リスト列部品 値データ列名 [設定項目]
data\grid\grid\comboboxcolumn.htm#sample1,逆引き「表部品でプルダウン項目を作る」,表部品でプルダウン項目を作る
data\grid\grid\imagecell.htm,画像セル部品, 画像セル部品 種類
data\grid\grid\imagecell.htm#画像配置,画像セル部品:画像配置 [設定項目],画像セル部品 画像配置 [設定項目]
data\grid\grid\imagecell.htm#画像説明,画像セル部品:画像説明 [設定項目],画像セル部品 画像説明 [設定項目]
data\grid\grid\imagecell.htm#アイコン表示,画像セル部品:アイコン表示 [設定項目],画像セル部品 アイコン表示 [設定項目]
data\grid\grid\imagecolumn.htm,画像列部品, 画像列部品 種類
data\grid\grid\imagecolumn.htm#画像,画像列部品:画像 [設定項目],画像列部品 画像 [設定項目]
data\grid\grid\imagecolumn.htm#画像配置,画像列部品:画像配置 [設定項目],画像列部品 画像配置 [設定項目]
data\grid\grid\imagecolumn.htm#画像説明,画像列部品:画像説明 [設定項目],画像列部品 画像説明 [設定項目]
data\grid\grid\imagecolumn.htm#アイコン,画像列部品:アイコン [設定項目],画像列部品 アイコン [設定項目]
data\grid\grid\imagecolumn.htm#アイコン表示,画像列部品:アイコン表示 [設定項目],画像列部品 アイコン表示 [設定項目]
data\grid\grid\linkcell.htm,リンクセル部品, リンクセル部品 種類
data\grid\grid\linkcell.htm#アクティブリンク色,リンクセル部品:アクティブリンク色 [設定項目],リンクセル部品 アクティブリンク色 [設定項目]
data\grid\grid\linkcell.htm#移動済みリンク色,リンクセル部品:移動済みリンク色 [設定項目],リンクセル部品 移動済みリンク色 [設定項目]
data\grid\grid\linkcell.htm#リンク色,リンクセル部品:リンク色 [設定項目],リンクセル部品 リンク色 [設定項目]
data\grid\grid\linkcell.htm#移動済み,リンクセル部品:移動済み [設定項目],リンクセル部品 移動済み [設定項目]
data\grid\grid\linkcolumn.htm,リンク列部品, リンク列部品 種類
data\grid\grid\linkcolumn.htm#アクティブリンク色,リンク列部品:アクティブリンク色 [設定項目],リンク列部品 アクティブリンク色 [設定項目]
data\grid\grid\linkcolumn.htm#移動済みリンク色,リンク列部品:移動済みリンク色 [設定項目],リンク列部品 移動済みリンク色 [設定項目]
data\grid\grid\linkcolumn.htm#リンク色,リンク列部品:リンク色 [設定項目],リンク列部品 リンク色 [設定項目]
data\grid\grid\textboxcell.htm,テキストボックスセル部品, テキストボックスセル部品 種類
data\grid\grid\textboxcell.htm#選択する,テキストボックスセル部品:選択する [手順],テキストボックスセル部品 選択する [手順]
data\grid\grid\textboxcell.htm#最大文字数,テキストボックスセル部品:最大文字数 [設定項目],テキストボックスセル部品 最大文字数 [設定項目]
data\grid\grid\textboxcolumn.htm,テキストボックス列部品, テキストボックス列部品 種類
data\grid\grid\textboxcolumn.htm#最大文字数,テキストボックス列部品:最大文字数 [設定項目],テキストボックス列部品 最大文字数 [設定項目]
data\xml\xml.htm,XML, XML 種類
data\xml\xml.htm#開く,XML:開く [手順],XML 開く [手順]
data\xml\xml.htm#読み込む,XML:読み込む [手順],XML 読み込む [手順]
data\xml\xml.htm#作成する,XML:作成する [手順],XML 作成する [手順]
data\xml\xml.htm#検証,XML:検証 [設定項目],XML 検証 [設定項目]
data\xml\xml.htm#sample1,逆引き「XMLへ書き込む」,XMLへ書き込む
data\xml\xml.htm#sample2,逆引き「XMLから同じ名前の要素をすべて取り出す」,XMLから同じ名前の要素をすべて取り出す
data\xml\xml.htm#createxml,逆引き「XML文章を作る」,XML文章を作る
data\xml\xml.htm#addelement,逆引き「要素を加える」,要素を加える
data\xml\xml.htm#childelement,逆引き「要素の中に要素を加える」,要素の中に要素を加える
data\xml\xml.htm#savexml,逆引き「XMLファイルとして保存する」,XMLファイルとして保存する
data\xml\xmlattribute.htm,XML属性, XML属性 種類 XML 属性
data\xml\xmlattribute.htm#内容,XML属性:内容 [設定項目],XML属性 内容 [設定項目]
data\xml\xmlattribute.htm#名前,XML属性:名前 [設定項目],XML属性 名前 [設定項目]
data\xml\xmlattribute.htm#名前空間,XML属性:名前空間 [設定項目],XML属性 名前空間 [設定項目]
data\xml\xmlattribute.htm#接頭辞,XML属性:接頭辞 [設定項目],XML属性 接頭辞 [設定項目]
data\xml\xmlattribute.htm#元実体,XML属性:元実体 [設定項目],XML属性 元実体 [設定項目]
data\xml\xmlcdata.htm,XMLデータセクション要素, XMLデータセクション要素 種類 XML データセクション要素
data\xml\xmlcdata.htm#内容,XMLデータセクション要素:内容 [設定項目],XMLデータセクション要素 内容 [設定項目]
data\xml\xmlcdata.htm#元実体,XMLデータセクション要素:元実体 [設定項目],XMLデータセクション要素 元実体 [設定項目]
data\xml\xmlcdata.htm#sample1,逆引き「CDATAセクションを含むXMLを生成する」,CDATAセクションを含むXMLを生成する
data\xml\xmlcomment.htm,XMLコメント要素, XMLコメント要素 種類 XML コメント要素
data\xml\xmlcomment.htm#内容,XMLコメント要素:内容 [設定項目],XMLコメント要素 内容 [設定項目]
data\xml\xmlcomment.htm#元実体,XMLコメント要素:元実体 [設定項目],XMLコメント要素 元実体 [設定項目]
data\xml\xmlcomment.htm#sample1,逆引き「コメントを含むXMLを生成する」,コメントを含むXMLを生成する
data\xml\xmldocument.htm,XML文章, XML文章 種類 XML
data\xml\xmldocument.htm#更新する,XML文章:更新する [手順],XML文章 更新する [手順]
data\xml\xmldocument.htm#要素を作る,XML文章:要素を作る [手順],XML文章 要素を作る [手順]
data\xml\xmldocument.htm#プロセッサ処理を作る,XML文章:プロセッサ処理を作る [手順],XML文章 プロセッサ処理を作る [手順]
data\xml\xmldocument.htm#コメントを作る,XML文章:コメントを作る [手順],XML文章 コメントを作る [手順]
data\xml\xmldocument.htm#データセクションを作る,XML文章:データセクションを作る [手順],XML文章 データセクションを作る [手順]
data\xml\xmldocument.htm#空白を作る,XML文章:空白を作る [手順],XML文章 空白を作る [手順]
data\xml\xmldocument.htm#テキストを作る,XML文章:テキストを作る [手順],XML文章 テキストを作る [手順]
data\xml\xmldocument.htm#プロセッサ処理を加える,XML文章:プロセッサ処理を加える [手順],XML文章 プロセッサ処理を加える [手順]
data\xml\xmldocument.htm#コメントを加える,XML文章:コメントを加える [手順],XML文章 コメントを加える [手順]
data\xml\xmldocument.htm#データセクションを加える,XML文章:データセクションを加える [手順],XML文章 データセクションを加える [手順]
data\xml\xmldocument.htm#空白を加える,XML文章:空白を加える [手順],XML文章 空白を加える [手順]
data\xml\xmldocument.htm#テキストを加える,XML文章:テキストを加える [手順],XML文章 テキストを加える [手順]
data\xml\xmldocument.htm#クリアする,XML文章:クリアする [手順],XML文章 クリアする [手順]
data\xml\xmldocument.htm#消す,XML文章:消す [手順],XML文章 消す [手順]
data\xml\xmldocument.htm#削除する,XML文章:削除する [手順],XML文章 削除する [手順]
data\xml\xmldocument.htm#取得する,XML文章:取得する [手順],XML文章 取得する [手順]
data\xml\xmldocument.htm#内容だけ取得,XML文章:内容だけ取得 [手順],XML文章 内容だけ取得 [手順]
data\xml\xmldocument.htm#内容更新,XML文章:内容更新 [手順],XML文章 内容更新 [手順]
data\xml\xmldocument.htm#保存する,XML文章:保存する [手順],XML文章 保存する [手順]
data\xml\xmldocument.htm#名前空間へ追加する,XML文章:名前空間へ追加する [手順],XML文章 名前空間へ追加する [手順]
data\xml\xmldocument.htm#スペース保持,XML文章:スペース保持 [設定項目],XML文章 スペース保持 [設定項目]
data\xml\xmldocument.htm#ソース,XML文章:ソース [設定項目],XML文章 ソース [設定項目]
data\xml\xmldocument.htm#ファイル名,XML文章:ファイル名 [設定項目],XML文章 ファイル名 [設定項目]
data\xml\xmldocument.htm#ルート要素,XML文章:ルート要素 [設定項目],XML文章 ルート要素 [設定項目]
data\xml\xmldocument.htm#ルート要素名,XML文章:ルート要素名 [設定項目],XML文章 ルート要素名 [設定項目]
data\xml\xmldocument.htm#一覧,XML文章:一覧 [設定項目],XML文章 一覧 [設定項目]
data\xml\xmldocument.htm#要素一覧,XML文章:要素一覧 [設定項目],XML文章 要素一覧 [設定項目]
data\xml\xmldocument.htm#名前空間,XML文章:名前空間 [設定項目],XML文章 名前空間 [設定項目]
data\xml\xmldocument.htm#接頭辞,XML文章:接頭辞 [設定項目],XML文章 接頭辞 [設定項目]
data\xml\xmldocument.htm#元実体,XML文章:元実体 [設定項目],XML文章 元実体 [設定項目]
data\xml\xmlelement.htm,XML要素, XML要素 種類 XML
data\xml\xmlelement.htm#要素を作る,XML要素:要素を作る [手順],XML要素 要素を作る [手順]
data\xml\xmlelement.htm#属性を作る,XML要素:属性を作る [手順],XML要素 属性を作る [手順]
data\xml\xmlelement.htm#属性を取得する,XML要素:属性を取得する [手順],XML要素 属性を取得する [手順]
data\xml\xmlelement.htm#要素を取得する,XML要素:要素を取得する [手順],XML要素 要素を取得する [手順]
data\xml\xmlelement.htm#要素へ設定する,XML要素:要素へ設定する [手順],XML要素 要素へ設定する [手順]
data\xml\xmlelement.htm#属性へ設定する,XML要素:属性へ設定する [手順],XML要素 属性へ設定する [手順]
data\xml\xmlelement.htm#コメントを加える,XML要素:コメントを加える [手順],XML要素 コメントを加える [手順]
data\xml\xmlelement.htm#データセクションを加える,XML要素:データセクションを加える [手順],XML要素 データセクションを加える [手順]
data\xml\xmlelement.htm#空白を加える,XML要素:空白を加える [手順],XML要素 空白を加える [手順]
data\xml\xmlelement.htm#テキストを加える,XML要素:テキストを加える [手順],XML要素 テキストを加える [手順]
data\xml\xmlelement.htm#クリアする,XML要素:クリアする [手順],XML要素 クリアする [手順]
data\xml\xmlelement.htm#属性をクリアする,XML要素:属性をクリアする [手順],XML要素 属性をクリアする [手順]
data\xml\xmlelement.htm#消す,XML要素:消す [手順],XML要素 消す [手順]
data\xml\xmlelement.htm#内容,XML要素:内容 [設定項目],XML要素 内容 [設定項目]
data\xml\xmlelement.htm#名前,XML要素:名前 [設定項目],XML要素 名前 [設定項目]
data\xml\xmlelement.htm#XML,XML要素:XML [設定項目],XML要素 XML [設定項目]
data\xml\xmlelement.htm#一覧,XML要素:一覧 [設定項目],XML要素 一覧 [設定項目]
data\xml\xmlelement.htm#要素一覧,XML要素:要素一覧 [設定項目],XML要素 要素一覧 [設定項目]
data\xml\xmlelement.htm#属性一覧,XML要素:属性一覧 [設定項目],XML要素 属性一覧 [設定項目]
data\xml\xmlelement.htm#名前空間,XML要素:名前空間 [設定項目],XML要素 名前空間 [設定項目]
data\xml\xmlelement.htm#接頭辞,XML要素:接頭辞 [設定項目],XML要素 接頭辞 [設定項目]
data\xml\xmlelement.htm#元実体,XML要素:元実体 [設定項目],XML要素 元実体 [設定項目]
data\xml\xmlprocinstru.htm,XMLプロセッサ処理, XMLプロセッサ処理 種類 XML プロセッサ処理
data\xml\xmlprocinstru.htm#内容,XMLプロセッサ処理:内容 [設定項目],XMLプロセッサ処理 内容 [設定項目]
data\xml\xmlprocinstru.htm#名前,XMLプロセッサ処理:名前 [設定項目],XMLプロセッサ処理 名前 [設定項目]
data\xml\xmlprocinstru.htm#元実体,XMLプロセッサ処理:元実体 [設定項目],XMLプロセッサ処理 元実体 [設定項目]
data\xml\xmlprocinstru.htm#sample1,逆引き「XMLスタイルシートを適用するXMLを生成する」,XMLスタイルシートを適用するXMLを生成する
data\xml\xmlstylesheet.htm,XMLスタイルシート, XMLスタイルシート 種類 XML プロセッサ処理
data\xml\xmlstylesheet.htm#開く,XMLスタイルシート:開く [手順],XMLスタイルシート 開く [手順]
data\xml\xmlstylesheet.htm#作成する,XMLスタイルシート:作成する [手順],XMLスタイルシート 作成する [手順]
data\xml\xmlstylesheet.htm#検証,XMLスタイルシート:検証 [設定項目],XMLスタイルシート 検証 [設定項目]
data\xml\xmltext.htm,XMLテキスト要素, XMLテキスト要素 種類 XML テキスト要素
data\xml\xmltext.htm#内容,XMLテキスト要素:内容 [設定項目],XMLテキスト要素 内容 [設定項目]
data\xml\xmltext.htm#名前,XMLテキスト要素:名前 [設定項目],XMLテキスト要素 名前 [設定項目]
data\xml\xmltext.htm#元実体,XMLテキスト要素:元実体 [設定項目],XMLテキスト要素 元実体 [設定項目]
data\xml\xmlwhitespace.htm,XML空白要素, XML空白要素 種類 XML 空白要素
data\xml\xmlwhitespace.htm#内容,XML空白要素:内容 [設定項目],XML空白要素 内容 [設定項目]
data\xml\xmlwhitespace.htm#名前,XML空白要素:名前 [設定項目],XML空白要素 名前 [設定項目]
data\xml\xmlwhitespace.htm#元実体,XML空白要素:元実体 [設定項目],XML空白要素 元実体 [設定項目]
devenv\index.html,プロデルデザイナ, プロデルデザイナ
error\000.htm,構文エラーメッセージ, 構文エラーメッセージ エラーメッセージ
error\100.htm,実行エラーメッセージ, 実行エラーメッセージ エラーメッセージ
error\200.htm,ファイルエラーメッセージ, ファイルエラーメッセージ エラーメッセージ
error\300.htm,オブジェクトエラーメッセージ, オブジェクトエラーメッセージ エラーメッセージ
error\index.htm,エラーメッセージ一覧, エラーメッセージ一覧 エラーメッセージ
error\PD.htm,解析エラーメッセージ(PD), 解析エラーメッセージ(PD) エラーメッセージ
error\PE.htm,解析エラーメッセージ(PE), 解析エラーメッセージ(PE) エラーメッセージ
error\PG.htm,解析エラーメッセージ(PG), 解析エラーメッセージ(PG) エラーメッセージ
error\PS.htm,解析エラーメッセージ(PS), 解析エラーメッセージ(PS) エラーメッセージ
etc\color.htm,色の作り方と定数表, 色の作り方と定数表 定数表
etc\colortable.htm,色の作り方と色定数, 色の作り方と色定数 定数表
etc\index.htm,定数表と記号, 定数表と記号 定数表
etc\mouse.htm,マウスカーソル, マウスカーソル 定数表
etc\sendkeys.htm,「入力する」手順のキー表記の文法, 「入力する」手順のキー表記の文法
events\cancel.htm,キャンセルできるイベント手順の情報, キャンセルできるイベント手順の情報 イベント手順
events\cancel.htm#キャンセル,キャンセルできるイベント手順の情報:キャンセル [設定項目],キャンセルできるイベント手順の情報 キャンセル [設定項目]
events\dragdrop.htm,ドラッグドロップされた時の情報, ドラッグドロップされた時の情報 イベント手順
events\dragdrop.htm#ファイル一覧,ドラッグドロップされた時の情報:ファイル一覧 [設定項目],ドラッグドロップされた時の情報 ファイル一覧 [設定項目]
events\dragdrop.htm#sample1,逆引き「ドラッグ＆ドロップされたファイルをリストボックスへ追加する」,ドラッグ＆ドロップされたファイルをリストボックスへ追加する
events\index.htm,イベント手順情報, イベント手順情報
events\itemdrag.htm,項目ドラッグイベント情報, 項目ドラッグイベント情報 イベント手順
events\itemdrag.htm#左ボタン,項目ドラッグイベント情報:左ボタン [設定項目],項目ドラッグイベント情報 左ボタン [設定項目]
events\itemdrag.htm#右ボタン,項目ドラッグイベント情報:右ボタン [設定項目],項目ドラッグイベント情報 右ボタン [設定項目]
events\itemdrag.htm#項目,項目ドラッグイベント情報:項目 [設定項目],項目ドラッグイベント情報 項目 [設定項目]
events\keydown.htm,キーが押された時のイベント情報, キーが押された時のイベント情報 イベント情報
events\keydown.htm#オルトキー,キーが押された時のイベント情報:オルトキー [設定項目],キーが押された時のイベント情報 オルトキー [設定項目]
events\keydown.htm#コントロールキー,キーが押された時のイベント情報:コントロールキー [設定項目],キーが押された時のイベント情報 コントロールキー [設定項目]
events\keydown.htm#シフトキー,キーが押された時のイベント情報:シフトキー [設定項目],キーが押された時のイベント情報 シフトキー [設定項目]
events\keydown.htm#キー名,キーが押された時のイベント情報:キー名 [設定項目],キーが押された時のイベント情報 キー名 [設定項目]
events\keydown.htm#sample1,逆引き「押されたキーによって動作を変化させるには」,押されたキーによって動作を変化させるには
events\keydown.htm#sample2,逆引き「カーソルキーで図形を移動する」,カーソルキーで図形を移動する
events\keypress.htm,キーが入力された時のイベント情報, キーが入力された時のイベント情報 イベント情報
events\keypress.htm#キー番号,キーが入力された時のイベント情報:キー番号 [設定項目],キーが入力された時のイベント情報 キー番号 [設定項目]
events\keypress.htm#入力文字,キーが入力された時のイベント情報:入力文字 [設定項目],キーが入力された時のイベント情報 入力文字 [設定項目]
events\keypress.htm#処理済み,キーが入力された時のイベント情報:処理済み [設定項目],キーが入力された時のイベント情報 処理済み [設定項目]
events\mousedown.htm,マウスのボタンを押した時のイベント情報, マウスのボタンを押した時のイベント情報 イベント情報
events\mousedown.htm#座標,マウスのボタンを押した時のイベント情報:座標 [設定項目],マウスのボタンを押した時のイベント情報 座標 [設定項目]
events\mousedown.htm#ボタン,マウスのボタンを押した時のイベント情報:ボタン [設定項目],マウスのボタンを押した時のイベント情報 ボタン [設定項目]
events\mousedown.htm#ホイール移動量,マウスのボタンを押した時のイベント情報:ホイール移動量 [設定項目],マウスのボタンを押した時のイベント情報 ホイール移動量 [設定項目]
events\mousedown.htm#クリック数,マウスのボタンを押した時のイベント情報:クリック数 [設定項目],マウスのボタンを押した時のイベント情報 クリック数 [設定項目]
events\touchevents.htm,タッチ関連のイベント情報, タッチ関連のイベント情報 イベント情報
events\touchevents.htm#横,タッチ関連のイベント情報:横 [設定項目],タッチ関連のイベント情報 横 [設定項目]
events\touchevents.htm#縦,タッチ関連のイベント情報:縦 [設定項目],タッチ関連のイベント情報 縦 [設定項目]
events\touchevents.htm#番号,タッチ関連のイベント情報:番号 [設定項目],タッチ関連のイベント情報 番号 [設定項目]
file\archivedfile.htm,書庫ファイル, 書庫ファイル
file\archivedfile.htm#解凍する,書庫ファイル:解凍する [手順],書庫ファイル 解凍する [手順]
file\archivedfile.htm#圧縮する,書庫ファイル:圧縮する [手順],書庫ファイル 圧縮する [手順]
file\archivedfile.htm#ファイル一覧を取得する,書庫ファイル:ファイル一覧を取得する [手順],書庫ファイル ファイル一覧を取得する [手順]
file\archivedfile.htm#書庫ファイル名,書庫ファイル:書庫ファイル名 [設定項目],書庫ファイル 書庫ファイル名 [設定項目]
file\binaryfile.htm,バイナリファイル, バイナリファイル バイナリ
file\binaryfile.htm#書き込む,バイナリファイル:書き込む [手順],バイナリファイル 書き込む [手順]
file\binaryfile.htm#一括で書き込む,バイナリファイル:一括で書き込む [手順],バイナリファイル 一括で書き込む [手順]
file\binaryfile.htm#文字列として書き込む,バイナリファイル:文字列として書き込む [手順],バイナリファイル 文字列として書き込む [手順]
file\binaryfile.htm#バイトとして書き込む,バイナリファイル:バイトとして書き込む [手順],バイナリファイル バイトとして書き込む [手順]
file\binaryfile.htm#短整数として書き込む,バイナリファイル:短整数として書き込む [手順],バイナリファイル 短整数として書き込む [手順]
file\binaryfile.htm#整数として書き込む,バイナリファイル:整数として書き込む [手順],バイナリファイル 整数として書き込む [手順]
file\binaryfile.htm#長整数として書き込む,バイナリファイル:長整数として書き込む [手順],バイナリファイル 長整数として書き込む [手順]
file\binaryfile.htm#符号なし短整数として書き込む,バイナリファイル:符号なし短整数として書き込む [手順],バイナリファイル 符号なし短整数として書き込む [手順]
file\binaryfile.htm#符号なし整数として書き込む,バイナリファイル:符号なし整数として書き込む [手順],バイナリファイル 符号なし整数として書き込む [手順]
file\binaryfile.htm#符号なし長整数として書き込む,バイナリファイル:符号なし長整数として書き込む [手順],バイナリファイル 符号なし長整数として書き込む [手順]
file\binaryfile.htm#真偽値として書き込む,バイナリファイル:真偽値として書き込む [手順],バイナリファイル 真偽値として書き込む [手順]
file\binaryfile.htm#文字として書き込む,バイナリファイル:文字として書き込む [手順],バイナリファイル 文字として書き込む [手順]
file\binaryfile.htm#単精度浮動小数点数として書き込む,バイナリファイル:単精度浮動小数点数として書き込む [手順],バイナリファイル 単精度浮動小数点数として書き込む [手順]
file\binaryfile.htm#倍精度浮動小数点数として書き込む,バイナリファイル:倍精度浮動小数点数として書き込む [手順],バイナリファイル 倍精度浮動小数点数として書き込む [手順]
file\binaryfile.htm#読み取る,バイナリファイル:読み取る [手順],バイナリファイル 読み取る [手順]
file\binaryfile.htm#文字として読み取る,バイナリファイル:文字として読み取る [手順],バイナリファイル 文字として読み取る [手順]
file\binaryfile.htm#文字列として読み取る,バイナリファイル:文字列として読み取る [手順],バイナリファイル 文字列として読み取る [手順]
file\binaryfile.htm#一括で読み取る,バイナリファイル:一括で読み取る [手順],バイナリファイル 一括で読み取る [手順]
file\binaryfile.htm#すべて読み取る,バイナリファイル:すべて読み取る [手順],バイナリファイル すべて読み取る [手順]
file\binaryfile.htm#開く,バイナリファイル:開く [手順],バイナリファイル 開く [手順]
file\binaryfile.htm#保存する,バイナリファイル:保存する [手順],バイナリファイル 保存する [手順]
file\binaryfile.htm#移動する,バイナリファイル:移動する [手順],バイナリファイル 移動する [手順]
file\binaryfile.htm#進める,バイナリファイル:進める [手順],バイナリファイル 進める [手順]
file\binaryfile.htm#閉じる,バイナリファイル:閉じる [手順],バイナリファイル 閉じる [手順]
file\binaryfile.htm#書き込み専用で開く,バイナリファイル:書き込み専用で開く [手順],バイナリファイル 書き込み専用で開く [手順]
file\binaryfile.htm#読み取り専用で開く,バイナリファイル:読み取り専用で開く [手順],バイナリファイル 読み取り専用で開く [手順]
file\binaryfile.htm#現在位置,バイナリファイル:現在位置 [設定項目],バイナリファイル 現在位置 [設定項目]
file\binaryfile.htm#長さ,バイナリファイル:長さ [設定項目],バイナリファイル 長さ [設定項目]
file\binaryfile.htm#エンコード,バイナリファイル:エンコード [設定項目],バイナリファイル エンコード [設定項目]
file\binaryfile.htm#sample1,逆引き「バイナリ操作でファイルを作成する」,バイナリ操作でファイルを作成する
file\binaryfile.htm#sample2,逆引き「バイナリ操作でファイルを読み込む」,バイナリ操作でファイルを読み込む
file\deflate.htm,デフレート圧縮方式, デフレート圧縮方式 Deflate圧縮
file\deflate.htm#圧縮する,デフレート圧縮方式:圧縮する [手順],デフレート圧縮方式 圧縮する [手順]
file\deflate.htm#解凍する,デフレート圧縮方式:解凍する [手順],デフレート圧縮方式 解凍する [手順]
file\deflate.htm#sample1,逆引き「deflate形式のファイルを展開する」,deflate形式のファイルを展開する
file\drive.htm,ドライブ, ドライブ
file\drive.htm#ドライブが利用できる,ドライブ:ドライブが利用できる [手順],ドライブ ドライブが利用できる [手順]
file\drive.htm#ドライブを取得,ドライブ:ドライブを取得 [手順],ドライブ ドライブを取得 [手順]
file\drive.htm#一覧,ドライブ:一覧 [設定項目],ドライブ 一覧 [設定項目]
file\drive.htm#sample1,逆引き「選択リストにドライブ一覧を列挙する」,選択リストにドライブ一覧を列挙する
file\drive.htm#sample2,逆引き「リストビューにドライブ一覧を列挙する」,リストビューにドライブ一覧を列挙する
file\driveinfo.htm,ドライブ情報, ドライブ情報
file\driveinfo.htm#フォーマット,ドライブ情報:フォーマット [設定項目],ドライブ情報 フォーマット [設定項目]
file\driveinfo.htm#シリアル番号,ドライブ情報:シリアル番号 [設定項目],ドライブ情報 シリアル番号 [設定項目]
file\driveinfo.htm#ボリューム名,ドライブ情報:ボリューム名 [設定項目],ドライブ情報 ボリューム名 [設定項目]
file\driveinfo.htm#空き容量,ドライブ情報:空き容量 [設定項目],ドライブ情報 空き容量 [設定項目]
file\driveinfo.htm#空き容量表記,ドライブ情報:空き容量表記 [設定項目],ドライブ情報 空き容量表記 [設定項目]
file\driveinfo.htm#種類,ドライブ情報:種類 [設定項目],ドライブ情報 種類 [設定項目]
file\driveinfo.htm#容量,ドライブ情報:容量 [設定項目],ドライブ情報 容量 [設定項目]
file\driveinfo.htm#容量表記,ドライブ情報:容量表記 [設定項目],ドライブ情報 容量表記 [設定項目]
file\driveinfo.htm#利用可能,ドライブ情報:利用可能 [設定項目],ドライブ情報 利用可能 [設定項目]
file\driveinfo.htm#利用可能空き容量,ドライブ情報:利用可能空き容量 [設定項目],ドライブ情報 利用可能空き容量 [設定項目]
file\driveinfo.htm#利用可能空き容量表記,ドライブ情報:利用可能空き容量表記 [設定項目],ドライブ情報 利用可能空き容量表記 [設定項目]
file\filearchiver.htm,書庫ファイル操作, 書庫ファイル操作
file\filearchiver.htm#解凍する,書庫ファイル操作:解凍する [手順],書庫ファイル操作 解凍する [手順]
file\filearchiver.htm#圧縮する,書庫ファイル操作:圧縮する [手順],書庫ファイル操作 圧縮する [手順]
file\filearchiver.htm#書庫ファイルとして開く,書庫ファイル操作:書庫ファイルとして開く [手順],書庫ファイル操作 書庫ファイルとして開く [手順]
file\filearchiver.htm#lookup14,逆引き「zipファイルなどを解凍する」,zipファイルなどを解凍する
file\filearchiver.htm#lookup15,逆引き「zipファイルを作成する」,zipファイルを作成する
file\filearchiverinfo.htm,書庫ファイル情報, 書庫ファイル情報
file\filearchiverinfo.htm#削除する,書庫ファイル情報:削除する [手順],書庫ファイル情報 削除する [手順]
file\filearchiverinfo.htm#元ファイルサイズ,書庫ファイル情報:元ファイルサイズ [設定項目],書庫ファイル情報 元ファイルサイズ [設定項目]
file\filearchiverinfo.htm#圧縮後ファイルサイズ,書庫ファイル情報:圧縮後ファイルサイズ [設定項目],書庫ファイル情報 圧縮後ファイルサイズ [設定項目]
file\filearchiverinfo.htm#圧縮率,書庫ファイル情報:圧縮率 [設定項目],書庫ファイル情報 圧縮率 [設定項目]
file\filearchiverinfo.htm#CRC値,書庫ファイル情報:CRC値 [設定項目],書庫ファイル情報 CRC値 [設定項目]
file\filearchiverinfo.htm#属性,書庫ファイル情報:属性 [設定項目],書庫ファイル情報 属性 [設定項目]
file\filearchiverinfo.htm#格納モード,書庫ファイル情報:格納モード [設定項目],書庫ファイル情報 格納モード [設定項目]
file\filearchiverinfo.htm#sample1,逆引き「書庫ファイルの情報を取得する」,書庫ファイルの情報を取得する
file\fileversioninfo.htm,ファイルバージョン情報, ファイルバージョン情報
file\fileversioninfo.htm#ファイル名,ファイルバージョン情報:ファイル名 [設定項目],ファイルバージョン情報 ファイル名 [設定項目]
file\fileversioninfo.htm#説明,ファイルバージョン情報:説明 [設定項目],ファイルバージョン情報 説明 [設定項目]
file\fileversioninfo.htm#コメント,ファイルバージョン情報:コメント [設定項目],ファイルバージョン情報 コメント [設定項目]
file\fileversioninfo.htm#会社名,ファイルバージョン情報:会社名 [設定項目],ファイルバージョン情報 会社名 [設定項目]
file\fileversioninfo.htm#製品名,ファイルバージョン情報:製品名 [設定項目],ファイルバージョン情報 製品名 [設定項目]
file\fileversioninfo.htm#著作権,ファイルバージョン情報:著作権 [設定項目],ファイルバージョン情報 著作権 [設定項目]
file\fileversioninfo.htm#商標,ファイルバージョン情報:商標 [設定項目],ファイルバージョン情報 商標 [設定項目]
file\fileversioninfo.htm#オリジナルファイル名,ファイルバージョン情報:オリジナルファイル名 [設定項目],ファイルバージョン情報 オリジナルファイル名 [設定項目]
file\fileversioninfo.htm#内部名,ファイルバージョン情報:内部名 [設定項目],ファイルバージョン情報 内部名 [設定項目]
file\fileversioninfo.htm#言語,ファイルバージョン情報:言語 [設定項目],ファイルバージョン情報 言語 [設定項目]
file\fileversioninfo.htm#バージョン,ファイルバージョン情報:バージョン [設定項目],ファイルバージョン情報 バージョン [設定項目]
file\fileversioninfo.htm#メジャー番号,ファイルバージョン情報:メジャー番号 [設定項目],ファイルバージョン情報 メジャー番号 [設定項目]
file\fileversioninfo.htm#マイナー番号,ファイルバージョン情報:マイナー番号 [設定項目],ファイルバージョン情報 マイナー番号 [設定項目]
file\fileversioninfo.htm#ビルド番号,ファイルバージョン情報:ビルド番号 [設定項目],ファイルバージョン情報 ビルド番号 [設定項目]
file\fileversioninfo.htm#プライベート番号,ファイルバージョン情報:プライベート番号 [設定項目],ファイルバージョン情報 プライベート番号 [設定項目]
file\fileversioninfo.htm#製品バージョン,ファイルバージョン情報:製品バージョン [設定項目],ファイルバージョン情報 製品バージョン [設定項目]
file\fileversioninfo.htm#製品メジャー番号,ファイルバージョン情報:製品メジャー番号 [設定項目],ファイルバージョン情報 製品メジャー番号 [設定項目]
file\fileversioninfo.htm#製品マイナー番号,ファイルバージョン情報:製品マイナー番号 [設定項目],ファイルバージョン情報 製品マイナー番号 [設定項目]
file\fileversioninfo.htm#製品ビルド番号,ファイルバージョン情報:製品ビルド番号 [設定項目],ファイルバージョン情報 製品ビルド番号 [設定項目]
file\fileversioninfo.htm#製品プライベート番号,ファイルバージョン情報:製品プライベート番号 [設定項目],ファイルバージョン情報 製品プライベート番号 [設定項目]
file\fileversioninfo.htm#プライベートビルド情報,ファイルバージョン情報:プライベートビルド情報 [設定項目],ファイルバージョン情報 プライベートビルド情報 [設定項目]
file\fileversioninfo.htm#特殊ビルド情報,ファイルバージョン情報:特殊ビルド情報 [設定項目],ファイルバージョン情報 特殊ビルド情報 [設定項目]
file\fileversioninfo.htm#デバッグ情報込み,ファイルバージョン情報:デバッグ情報込み [設定項目],ファイルバージョン情報 デバッグ情報込み [設定項目]
file\fileversioninfo.htm#プレリリース,ファイルバージョン情報:プレリリース [設定項目],ファイルバージョン情報 プレリリース [設定項目]
file\fileversioninfo.htm#修正済み,ファイルバージョン情報:修正済み [設定項目],ファイルバージョン情報 修正済み [設定項目]
file\fileversioninfo.htm#プライベートビルド,ファイルバージョン情報:プライベートビルド [設定項目],ファイルバージョン情報 プライベートビルド [設定項目]
file\fileversioninfo.htm#特殊ビルド,ファイルバージョン情報:特殊ビルド [設定項目],ファイルバージョン情報 特殊ビルド [設定項目]
file\filewatcher.htm,ファイル監視器, ファイル監視器
file\filewatcher.htm#監視する,ファイル監視器:監視する [手順],ファイル監視器 監視する [手順]
file\filewatcher.htm#監視中,ファイル監視器:監視中 [設定項目],ファイル監視器 監視中 [設定項目]
file\filewatcher.htm#対象動作,ファイル監視器:対象動作 [設定項目],ファイル監視器 対象動作 [設定項目]
file\filewatcher.htm#サブフォルダ監視,ファイル監視器:サブフォルダ監視 [設定項目],ファイル監視器 サブフォルダ監視 [設定項目]
file\filewatcher.htm#対象ファイル,ファイル監視器:対象ファイル [設定項目],ファイル監視器 対象ファイル [設定項目]
file\filewatcher.htm#対象フォルダ,ファイル監視器:対象フォルダ [設定項目],ファイル監視器 対象フォルダ [設定項目]
file\filewatcher.htm#対象パス,ファイル監視器:対象パス [設定項目],ファイル監視器 対象パス [設定項目]
file\filewatcher.htm#更新を検知した,ファイル監視器:更新を検知した [イベント],ファイル監視器 更新を検知した [イベント]
file\filewatcher.htm#作成を検知した,ファイル監視器:作成を検知した [イベント],ファイル監視器 作成を検知した [イベント]
file\filewatcher.htm#削除を検知した,ファイル監視器:削除を検知した [イベント],ファイル監視器 削除を検知した [イベント]
file\filewatcher.htm#名前変更を検知した,ファイル監視器:名前変更を検知した [イベント],ファイル監視器 名前変更を検知した [イベント]
file\filewatcher.htm#sample1,逆引き「特定のフォルダにあるファイルの操作を監視する」,特定のフォルダにあるファイルの操作を監視する
file\filewatcher.htm#sample2,逆引き「特定のファイルを監視する」,特定のファイルを監視する
file\gzip.htm,GZIP圧縮方式, GZIP圧縮方式 gzip圧縮
file\gzip.htm#圧縮する,GZIP圧縮方式:圧縮する [手順],GZIP圧縮方式 圧縮する [手順]
file\gzip.htm#解凍する,GZIP圧縮方式:解凍する [手順],GZIP圧縮方式 解凍する [手順]
file\gzip.htm#sample1,逆引き「GZIP形式のファイルを展開する」,GZIP形式のファイルを展開する
file\index.htm,ファイル操作, ファイル操作
file\inifile.htm,設定ファイル, 設定ファイル INIファイル
file\inifile.htm#読み込む,設定ファイル:読み込む [手順],設定ファイル 読み込む [手順]
file\inifile.htm#取得する,設定ファイル:取得する [手順],設定ファイル 取得する [手順]
file\inifile.htm#書き込む,設定ファイル:書き込む [手順],設定ファイル 書き込む [手順]
file\inifile.htm#設定する,設定ファイル:設定する [手順],設定ファイル 設定する [手順]
file\inifile.htm#削除する,設定ファイル:削除する [手順],設定ファイル 削除する [手順]
file\inifile.htm#セッション名を列挙する,設定ファイル:セッション名を列挙する [手順],設定ファイル セッション名を列挙する [手順]
file\inifile.htm#見出しを列挙する,設定ファイル:見出しを列挙する [手順],設定ファイル 見出しを列挙する [手順]
file\inifile.htm#すべて取得する,設定ファイル:すべて取得する [手順],設定ファイル すべて取得する [手順]
file\inifile.htm#ファイル名,設定ファイル:ファイル名 [設定項目],設定ファイル ファイル名 [設定項目]
file\shoutcut.htm,ショートカットファイル, ショートカットファイル
file\shoutcut.htm#作成する,ショートカットファイル:作成する [手順],ショートカットファイル 作成する [手順]
file\shoutcut.htm#開く,ショートカットファイル:開く [手順],ショートカットファイル 開く [手順]
file\shoutcut.htm#保存する,ショートカットファイル:保存する [手順],ショートカットファイル 保存する [手順]
file\shoutcut.htm#リンク先,ショートカットファイル:リンク先 [設定項目],ショートカットファイル リンク先 [設定項目]
file\shoutcut.htm#引数,ショートカットファイル:引数 [設定項目],ショートカットファイル 引数 [設定項目]
file\shoutcut.htm#作業フォルダ,ショートカットファイル:作業フォルダ [設定項目],ショートカットファイル 作業フォルダ [設定項目]
file\shoutcut.htm#アイコン,ショートカットファイル:アイコン [設定項目],ショートカットファイル アイコン [設定項目]
file\shoutcut.htm#アイコン番号,ショートカットファイル:アイコン番号 [設定項目],ショートカットファイル アイコン番号 [設定項目]
file\shoutcut.htm#説明,ショートカットファイル:説明 [設定項目],ショートカットファイル 説明 [設定項目]
file\shoutcut.htm#初期状態,ショートカットファイル:初期状態 [設定項目],ショートカットファイル 初期状態 [設定項目]
file\shoutcut.htm#lookup1,逆引き「ショートカットファイルを作成する」,ショートカットファイルを作成する
file\shoutcut.htm#lookup2,逆引き「スタートアップにショートカットを登録する」,スタートアップにショートカットを登録する
index-search\index.html,プロデルマニュアル - 索引検索,
keywords\base.htm,「継承元」, 「継承元」
keywords\index.html,"<a name=""キーワード"">キーワード</a>"," <a name=""キーワード"">キーワード</a>"
keywords\it.htm,「それ」, 「それ」
keywords\this.htm,「これ」「自分」, 「これ」「自分」 これ 自分
keywords\thistime.htm,「この時」, 「この時」
lookup\array_lookup.htm,配列を扱う, 配列を扱う 配列
lookup\datetime_lookup.htm,日付や時刻を扱う, 日付や時刻を扱う 日付 時刻
lookup\filesystem_lookup.htm,ファイルを扱う, ファイルを扱う ファイル
lookup\filesystem_lookup.htm#lookup1,逆引き「ファイルのコピー」,ファイルのコピー
lookup\filesystem_lookup.htm#lookup2,逆引き「ファイルの移動」,ファイルの移動
lookup\filesystem_lookup.htm#lookup3,逆引き「ファイル名の変更」,ファイル名の変更
lookup\filesystem_lookup.htm#lookup4,逆引き「ファイルの削除」,ファイルの削除
lookup\filesystem_lookup.htm#lookup5,逆引き「ワイルドカードを使う」,ワイルドカードを使う
lookup\filesystem_lookup.htm#lookup7,逆引き「ファイルが存在するかどうかを判定する」,ファイルが存在するかどうかを判定する
lookup\filesystem_lookup.htm#lookup8,逆引き「フォルダの作成」,フォルダの作成
lookup\filesystem_lookup.htm#lookup9,逆引き「フォルダの削除」,フォルダの削除
lookup\filesystem_lookup.htm#lookup10,逆引き「決められた場所のフォルダを指定する」,決められた場所のフォルダを指定する
lookup\filesystem_lookup.htm#lookup11,逆引き「フォルダ一覧の列挙」,フォルダ一覧の列挙
lookup\filesystem_lookup.htm#lookup12,逆引き「フォルダが存在するかどうかを判定する」,フォルダが存在するかどうかを判定する
lookup\filesystem_lookup.htm#lookup13,逆引き「フォルダを選択する」,フォルダを選択する
lookup\index.htm,プロデル逆引き辞典, プロデル逆引き辞典 文法 プロデルの文法
lookup\kame_lookup.htm,カメで図形を描く, カメで図形を描く カメ
lookup\kame_lookup.htm#lookup2,逆引き「「円」を描く」,「円」を描く
lookup\kame_lookup.htm#lookup3,逆引き「枝を描く」,枝を描く
lookup\kame_lookup.htm#lookup4,逆引き「色を変える」,色を変える
lookup\kame_lookup.htm#lookup5,逆引き「「枝」手順を組み合わせて模様を描く」,「枝」手順を組み合わせて模様を描く
lookup\media_lookup.htm,メディアを扱う, メディアを扱う 逆引き
lookup\office_excel_lookup.htm,Microsoft Excelを制御する, Microsoft Excelを制御する Office Excel
lookup\office_excel_lookup.htm#lookup1,逆引き「Excelを起動する」,Excelを起動する
lookup\office_excel_lookup.htm#lookup2,逆引き「既存のxlsファイルを開く」,既存のxlsファイルを開く
lookup\office_excel_lookup.htm#lookup3,逆引き「セルに文字列を入力する」,セルに文字列を入力する
lookup\office_excel_lookup.htm#lookup4,逆引き「セルを選択する」,セルを選択する
lookup\office_excel_lookup.htm#lookup5,逆引き「見た目を変える」,見た目を変える
lookup\office_excel_lookup.htm#lookup6,逆引き「エクセルの保存と終了」,エクセルの保存と終了
lookup\office_excel_lookup.htm#lookup7,逆引き「シートへ自動入力する例」,シートへ自動入力する例
lookup\office_excel_lookup.htm#lookup8,逆引き「マクロを実行する」,マクロを実行する
lookup\office_excel_lookup.htm#lookup9,逆引き「ブックやシートの切り替え」,ブックやシートの切り替え
lookup\office_excel_lookup.htm#lookup10,逆引き「エクセルで開いているファイルの一覧を取得する」,エクセルで開いているファイルの一覧を取得する
lookup\office_excel_lookup.htm#lookup11,逆引き「シートの追加」,シートの追加
lookup\office_excel_lookup.htm#lookup12,逆引き「シートの削除」,シートの削除
lookup\office_excel_lookup.htm#lookup15,逆引き「シートのコピー」,シートのコピー
lookup\office_excel_lookup.htm#lookup13,逆引き「シートの並び順の変更」,シートの並び順の変更
lookup\office_excel_lookup.htm#lookup14,逆引き「エクセル連係の拡張」,エクセル連係の拡張
lookup\office_word_lookup.htm,Microsoft Wordを制御する, Microsoft Wordを制御する Office Word
lookup\office_word_lookup.htm#lookup1,逆引き「Wordを起動する」,Wordを起動する
lookup\office_word_lookup.htm#lookup2,逆引き「テキストの入力」,テキストの入力
lookup\office_word_lookup.htm#lookup3,逆引き「貼り付け・コピー・切り取り」,貼り付け・コピー・切り取り
lookup\office_word_lookup.htm#lookup4,逆引き「ブックマークの登録と移動」,ブックマークの登録と移動
lookup\office_word_lookup.htm#lookup5,逆引き「ワード文章の保存」,ワード文章の保存
lookup\office_word_lookup.htm#lookup6,逆引き「名前や日時が違う文章を自動的に作成する」,名前や日時が違う文章を自動的に作成する
lookup\string_lookup.htm,文字列を扱う, 文字列を扱う 逆引き
lookup\string_lookup.htm#string1,逆引き「文字列の指定した部分の文字列を取り出す」,文字列の指定した部分の文字列を取り出す
lookup\string_lookup.htm#string2,逆引き「指定した位置以降の文字を取り出す」,指定した位置以降の文字を取り出す
lookup\string_lookup.htm#string3,逆引き「文字を消す」,文字を消す
lookup\string_lookup.htm#string4,逆引き「スペースを消す」,スペースを消す
lookup\string_lookup.htm#string5,逆引き「特定の文字を別の文字に置き換える」,特定の文字を別の文字に置き換える
lookup\string_lookup.htm#string6,逆引き「文字の位置を調べる」,文字の位置を調べる
lookup\string_lookup.htm#string7,逆引き「後ろから前方向へ探す」,後ろから前方向へ探す
lookup\string_lookup.htm#string8,逆引き「文字列中に含まれる文字がいくつあるかを調べる」,文字列中に含まれる文字がいくつあるかを調べる
lookup\string_lookup.htm#string9,逆引き「何行あるか調べる」,何行あるか調べる
lookup\string_lookup.htm#string10,逆引き「同じ文字を繰り返す」,同じ文字を繰り返す
lookup\string_lookup.htm#string11,逆引き「スペースを入れる」,スペースを入れる
lookup\webapp.htm,Webアプリを作る, Webアプリを作る Office PowerPoint
lookup\webapp.htm#web_simpleapp,逆引き「簡単なWebアプリケーションを作る」,簡単なWebアプリケーションを作る
lookup\webapp.htm#lookup1,逆引き「POSTによる引数の取得」,POSTによる引数の取得
lookup\webapp.htm#lookup2,逆引き「Cookieの設定と取得」,Cookieの設定と取得
lookup\webapp.htm#lookup3,逆引き「セッション変数の設定と取得」,セッション変数の設定と取得
network\ftpclient.htm,FTPクライアント, FTPクライアント 種類 FTP
network\ftpclient.htm#アップロードする,FTPクライアント:アップロードする [手順],FTPクライアント アップロードする [手順]
network\ftpclient.htm#ダウンロードする,FTPクライアント:ダウンロードする [手順],FTPクライアント ダウンロードする [手順]
network\ftpclient.htm#ディレクトリを作成する,FTPクライアント:ディレクトリを作成する [手順],FTPクライアント ディレクトリを作成する [手順]
network\ftpclient.htm#ディレクトリを削除する,FTPクライアント:ディレクトリを削除する [手順],FTPクライアント ディレクトリを削除する [手順]
network\ftpclient.htm#ファイルサイズを取得する,FTPクライアント:ファイルサイズを取得する [手順],FTPクライアント ファイルサイズを取得する [手順]
network\ftpclient.htm#ファイル一覧を取得する,FTPクライアント:ファイル一覧を取得する [手順],FTPクライアント ファイル一覧を取得する [手順]
network\ftpclient.htm#ファイル詳細一覧を取得する,FTPクライアント:ファイル詳細一覧を取得する [手順],FTPクライアント ファイル詳細一覧を取得する [手順]
network\ftpclient.htm#更新日時を取得する,FTPクライアント:更新日時を取得する [手順],FTPクライアント 更新日時を取得する [手順]
network\ftpclient.htm#削除する,FTPクライアント:削除する [手順],FTPクライアント 削除する [手順]
network\ftpclient.htm#切断する,FTPクライアント:切断する [手順],FTPクライアント 切断する [手順]
network\ftpclient.htm#接続する,FTPクライアント:接続する [手順],FTPクライアント 接続する [手順]
network\ftpclient.htm#変更する,FTPクライアント:変更する [手順],FTPクライアント 変更する [手順]
network\ftpclient.htm#存在する,FTPクライアント:存在する [手順],FTPクライアント 存在する [手順]
network\ftpclient.htm#ディレクトリが存在する,FTPクライアント:ディレクトリが存在する [手順],FTPクライアント ディレクトリが存在する [手順]
network\ftpclient.htm#サーバ名,FTPクライアント:サーバ名 [設定項目],FTPクライアント サーバ名 [設定項目]
network\ftpclient.htm#ポート番号,FTPクライアント:ポート番号 [設定項目],FTPクライアント ポート番号 [設定項目]
network\ftpclient.htm#パスワード,FTPクライアント:パスワード [設定項目],FTPクライアント パスワード [設定項目]
network\ftpclient.htm#ユーザ名,FTPクライアント:ユーザ名 [設定項目],FTPクライアント ユーザ名 [設定項目]
network\ftpclient.htm#応答コード,FTPクライアント:応答コード [設定項目],FTPクライアント 応答コード [設定項目]
network\ftpclient.htm#応答メッセージ,FTPクライアント:応答メッセージ [設定項目],FTPクライアント 応答メッセージ [設定項目]
network\ftpclient.htm#現在ディレクトリ,FTPクライアント:現在ディレクトリ [設定項目],FTPクライアント 現在ディレクトリ [設定項目]
network\ftpclient.htm#接続中,FTPクライアント:接続中 [設定項目],FTPクライアント 接続中 [設定項目]
network\ftpclient.htm#バイナリモード,FTPクライアント:バイナリモード [設定項目],FTPクライアント バイナリモード [設定項目]
network\ftpclient.htm#文字コード,FTPクライアント:文字コード [設定項目],FTPクライアント 文字コード [設定項目]
network\ftpclient.htm#ログファイル,FTPクライアント:ログファイル [設定項目],FTPクライアント ログファイル [設定項目]
network\ftpclient.htm#パッシブモード,FTPクライアント:パッシブモード [設定項目],FTPクライアント パッシブモード [設定項目]
network\ftpclient.htm#認証方法,FTPクライアント:認証方法 [設定項目],FTPクライアント 認証方法 [設定項目]
network\ftpclient.htm#接続維持,FTPクライアント:接続維持 [設定項目],FTPクライアント 接続維持 [設定項目]
network\ftpclient.htm#接続維持間隔,FTPクライアント:接続維持間隔 [設定項目],FTPクライアント 接続維持間隔 [設定項目]
network\ftpclient.htm#ファイルシステム,FTPクライアント:ファイルシステム [設定項目],FTPクライアント ファイルシステム [設定項目]
network\ftpclient.htm#リスト有効時間,FTPクライアント:リスト有効時間 [設定項目],FTPクライアント リスト有効時間 [設定項目]
network\ftpclient.htm#ファイル有効時間,FTPクライアント:ファイル有効時間 [設定項目],FTPクライアント ファイル有効時間 [設定項目]
network\ftpclient.htm#接続された,FTPクライアント:接続された [イベント],FTPクライアント 接続された [イベント]
network\ftpclient.htm#切断された,FTPクライアント:切断された [イベント],FTPクライアント 切断された [イベント]
network\ftpclient.htm#sample1,逆引き「FTPでファイルをアップロード・ダウンロードする」,FTPでファイルをアップロード・ダウンロードする
network\ftpclient.htm#存在する,逆引き「FTPでフォルダが存在するかどうかを調べる」,FTPでフォルダが存在するかどうかを調べる
network\ftpclient.htm#ディレクトリが存在する,逆引き「FTPでディレクトリが存在するかどうかを調べる」,FTPでディレクトリが存在するかどうかを調べる
network\ftpsimpleclient.htm,簡易FTPクライアント, 簡易FTPクライアント 種類 FTP
network\ftpsimpleclient.htm#アップロードする,簡易FTPクライアント:アップロードする [手順],簡易FTPクライアント アップロードする [手順]
network\ftpsimpleclient.htm#ダウンロードする,簡易FTPクライアント:ダウンロードする [手順],簡易FTPクライアント ダウンロードする [手順]
network\ftpsimpleclient.htm#ディレクトリを作成する,簡易FTPクライアント:ディレクトリを作成する [手順],簡易FTPクライアント ディレクトリを作成する [手順]
network\ftpsimpleclient.htm#ディレクトリを削除する,簡易FTPクライアント:ディレクトリを削除する [手順],簡易FTPクライアント ディレクトリを削除する [手順]
network\ftpsimpleclient.htm#ファイルサイズを取得する,簡易FTPクライアント:ファイルサイズを取得する [手順],簡易FTPクライアント ファイルサイズを取得する [手順]
network\ftpsimpleclient.htm#ファイル一覧を取得する,簡易FTPクライアント:ファイル一覧を取得する [手順],簡易FTPクライアント ファイル一覧を取得する [手順]
network\ftpsimpleclient.htm#ファイル詳細一覧を取得する,簡易FTPクライアント:ファイル詳細一覧を取得する [手順],簡易FTPクライアント ファイル詳細一覧を取得する [手順]
network\ftpsimpleclient.htm#更新日時を取得する,簡易FTPクライアント:更新日時を取得する [手順],簡易FTPクライアント 更新日時を取得する [手順]
network\ftpsimpleclient.htm#削除する,簡易FTPクライアント:削除する [手順],簡易FTPクライアント 削除する [手順]
network\ftpsimpleclient.htm#切断する,簡易FTPクライアント:切断する [手順],簡易FTPクライアント 切断する [手順]
network\ftpsimpleclient.htm#接続する,簡易FTPクライアント:接続する [手順],簡易FTPクライアント 接続する [手順]
network\ftpsimpleclient.htm#変更する,簡易FTPクライアント:変更する [手順],簡易FTPクライアント 変更する [手順]
network\ftpsimpleclient.htm#サーバ名,簡易FTPクライアント:サーバ名 [設定項目],簡易FTPクライアント サーバ名 [設定項目]
network\ftpsimpleclient.htm#パスワード,簡易FTPクライアント:パスワード [設定項目],簡易FTPクライアント パスワード [設定項目]
network\ftpsimpleclient.htm#ユーザ名,簡易FTPクライアント:ユーザ名 [設定項目],簡易FTPクライアント ユーザ名 [設定項目]
network\ftpsimpleclient.htm#応答コード,簡易FTPクライアント:応答コード [設定項目],簡易FTPクライアント 応答コード [設定項目]
network\ftpsimpleclient.htm#応答メッセージ,簡易FTPクライアント:応答メッセージ [設定項目],簡易FTPクライアント 応答メッセージ [設定項目]
network\ftpsimpleclient.htm#現在ディレクトリ,簡易FTPクライアント:現在ディレクトリ [設定項目],簡易FTPクライアント 現在ディレクトリ [設定項目]
network\ftpsimpleclient.htm#SSL有効,簡易FTPクライアント:SSL有効 [設定項目],簡易FTPクライアント SSL有効 [設定項目]
network\ftpsimpleclient.htm#バイナリモード,簡易FTPクライアント:バイナリモード [設定項目],簡易FTPクライアント バイナリモード [設定項目]
network\ftpsimpleclient.htm#パッシブモード,簡易FTPクライアント:パッシブモード [設定項目],簡易FTPクライアント パッシブモード [設定項目]
network\ftpsimpleclient.htm#sample1,逆引き「FTPでファイルをアップロード・ダウンロードする」,FTPでファイルをアップロード・ダウンロードする
network\http.htm,HTTP, HTTP 種類 POST形式
network\http.htm#取得する,HTTP:取得する [手順],HTTP 取得する [手順]
network\http.htm#送信する,HTTP:送信する [手順],HTTP 送信する [手順]
network\http.htm#ダウンロードする,HTTP:ダウンロードする [手順],HTTP ダウンロードする [手順]
network\http.htm#アップロードする,HTTP:アップロードする [手順],HTTP アップロードする [手順]
network\http.htm#要求する,HTTP:要求する [手順],HTTP 要求する [手順]
network\http.htm#文字コード,HTTP:文字コード [手順],HTTP 文字コード [手順]
network\http.htm#ステータスコード,HTTP:ステータスコード [手順],HTTP ステータスコード [手順]
network\http.htm#ユーザ名,HTTP:ユーザ名 [手順],HTTP ユーザ名 [手順]
network\http.htm#パスワード,HTTP:パスワード [手順],HTTP パスワード [手順]
network\http.htm#文字コード,HTTP:文字コード [設定項目],HTTP 文字コード [設定項目]
network\http.htm#ステータスコード,HTTP:ステータスコード [設定項目],HTTP ステータスコード [設定項目]
network\http.htm#ユーザ名,HTTP:ユーザ名 [設定項目],HTTP ユーザ名 [設定項目]
network\http.htm#パスワード,HTTP:パスワード [設定項目],HTTP パスワード [設定項目]
network\http.htm#lookup1,逆引き「ウェブサイトからページの内容を取得する」,ウェブサイトからページの内容を取得する
network\http.htm#lookup2,逆引き「ウェブサイトからファイルをダウンロードする」,ウェブサイトからファイルをダウンロードする
network\http.htm#取得する,逆引き「GET形式でHTMLを取得する」,GET形式でHTMLを取得する
network\http.htm#送信する,逆引き「フォーム値をPOST形式で送信する」,フォーム値をPOST形式で送信する
network\http.htm#送信する,逆引き「ヘッダ情報を指定して送信する」,ヘッダ情報を指定して送信する
network\http.htm#ダウンロードする,逆引き「ファイルをダウンロードする」,ファイルをダウンロードする
network\http.htm#アップロードする,逆引き「ファイルをアップロードする」,ファイルをアップロードする
network\http.htm#要求する,逆引き「HTTP要求でHTMLを取得する」,HTTP要求でHTMLを取得する
network\httpcookie.htm,HTTPクッキー, HTTPクッキー 種類
network\httprequest.htm,HTTP要求, HTTP要求 POST形式
network\httprequest.htm#設定する,HTTP要求:設定する [手順],HTTP要求 設定する [手順]
network\httprequest.htm#クッキーへ設定する,HTTP要求:クッキーへ設定する [手順],HTTP要求 クッキーへ設定する [手順]
network\httprequest.htm#クッキーを削除する,HTTP要求:クッキーを削除する [手順],HTTP要求 クッキーを削除する [手順]
network\httprequest.htm#ヘッダへ設定する,HTTP要求:ヘッダへ設定する [手順],HTTP要求 ヘッダへ設定する [手順]
network\httprequest.htm#引数へ設定する,HTTP要求:引数へ設定する [手順],HTTP要求 引数へ設定する [手順]
network\httprequest.htm#文字コード,HTTP要求:文字コード [設定項目],HTTP要求 文字コード [設定項目]
network\httprequest.htm#本文バイナリ,HTTP要求:本文バイナリ [設定項目],HTTP要求 本文バイナリ [設定項目]
network\httprequest.htm#本文,HTTP要求:本文 [設定項目],HTTP要求 本文 [設定項目]
network\httprequest.htm#ContentType,HTTP要求:ContentType [設定項目],HTTP要求 ContentType [設定項目]
network\httprequest.htm#ヘッダ日時,HTTP要求:ヘッダ日時 [設定項目],HTTP要求 ヘッダ日時 [設定項目]
network\httprequest.htm#メソッド,HTTP要求:メソッド [設定項目],HTTP要求 メソッド [設定項目]
network\httprequest.htm#メディアタイプ,HTTP要求:メディアタイプ [設定項目],HTTP要求 メディアタイプ [設定項目]
network\httprequest.htm#HTTPプロトコルバージョン,HTTP要求:HTTPプロトコルバージョン [設定項目],HTTP要求 HTTPプロトコルバージョン [設定項目]
network\httprequest.htm#読み書きタイムアウト,HTTP要求:読み書きタイムアウト [設定項目],HTTP要求 読み書きタイムアウト [設定項目]
network\httprequest.htm#タイムアウト,HTTP要求:タイムアウト [設定項目],HTTP要求 タイムアウト [設定項目]
network\httprequest.htm#Referer,HTTP要求:Referer [設定項目],HTTP要求 Referer [設定項目]
network\httprequest.htm#UserAgent,HTTP要求:UserAgent [設定項目],HTTP要求 UserAgent [設定項目]
network\httprequest.htm#Expect,HTTP要求:Expect [設定項目],HTTP要求 Expect [設定項目]
network\httprequest.htm#IfModifiedSince,HTTP要求:IfModifiedSince [設定項目],HTTP要求 IfModifiedSince [設定項目]
network\httprequest.htm#TransferEncoding,HTTP要求:TransferEncoding [設定項目],HTTP要求 TransferEncoding [設定項目]
network\httprequest.htm#引数,HTTP要求:引数 [設定項目],HTTP要求 引数 [設定項目]
network\httprequest.htm#ヘッダ,HTTP要求:ヘッダ [設定項目],HTTP要求 ヘッダ [設定項目]
network\httprequest.htm#sample1,逆引き「POSTメソッドでページを要求する」,POSTメソッドでページを要求する
network\httprequest.htm#sample2,逆引き「UserAgentを指定してページを要求する」,UserAgentを指定してページを要求する
network\httprequest.htm#クッキーへ設定する,逆引き「HTTPリクエストにクッキー値を設定する」,HTTPリクエストにクッキー値を設定する
network\httpresponse.htm,HTTP応答, HTTP応答
network\httpresponse.htm#クッキーを取得する,HTTP応答:クッキーを取得する [手順],HTTP応答 クッキーを取得する [手順]
network\httpresponse.htm#ヘッダを取得する,HTTP応答:ヘッダを取得する [手順],HTTP応答 ヘッダを取得する [手順]
network\httpresponse.htm#本文バイナリ,HTTP応答:本文バイナリ [設定項目],HTTP応答 本文バイナリ [設定項目]
network\httpresponse.htm#本文,HTTP応答:本文 [設定項目],HTTP応答 本文 [設定項目]
network\httpresponse.htm#文字コード,HTTP応答:文字コード [設定項目],HTTP応答 文字コード [設定項目]
network\httpresponse.htm#文字セット,HTTP応答:文字セット [設定項目],HTTP応答 文字セット [設定項目]
network\httpresponse.htm#エンコード,HTTP応答:エンコード [設定項目],HTTP応答 エンコード [設定項目]
network\httpresponse.htm#長さ,HTTP応答:長さ [設定項目],HTTP応答 長さ [設定項目]
network\httpresponse.htm#ContentType,HTTP応答:ContentType [設定項目],HTTP応答 ContentType [設定項目]
network\httpresponse.htm#キャッシュ,HTTP応答:キャッシュ [設定項目],HTTP応答 キャッシュ [設定項目]
network\httpresponse.htm#相互認証,HTTP応答:相互認証 [設定項目],HTTP応答 相互認証 [設定項目]
network\httpresponse.htm#最終更新日時,HTTP応答:最終更新日時 [設定項目],HTTP応答 最終更新日時 [設定項目]
network\httpresponse.htm#メソッド,HTTP応答:メソッド [設定項目],HTTP応答 メソッド [設定項目]
network\httpresponse.htm#HTTPプロトコルバージョン,HTTP応答:HTTPプロトコルバージョン [設定項目],HTTP応答 HTTPプロトコルバージョン [設定項目]
network\httpresponse.htm#応答URI,HTTP応答:応答URI [設定項目],HTTP応答 応答URI [設定項目]
network\httpresponse.htm#応答サーバ,HTTP応答:応答サーバ [設定項目],HTTP応答 応答サーバ [設定項目]
network\httpresponse.htm#ステータスコード,HTTP応答:ステータスコード [設定項目],HTTP応答 ステータスコード [設定項目]
network\httpresponse.htm#ステータスコード番号,HTTP応答:ステータスコード番号 [設定項目],HTTP応答 ステータスコード番号 [設定項目]
network\httpresponse.htm#ステータス記述,HTTP応答:ステータス記述 [設定項目],HTTP応答 ステータス記述 [設定項目]
network\httpresponse.htm#ヘッダ,HTTP応答:ヘッダ [設定項目],HTTP応答 ヘッダ [設定項目]
network\httpresponse.htm#クッキーを取得する,逆引き「HTTPリクエストからクッキー値を取得する」,HTTPリクエストからクッキー値を取得する
network\httpresponse.htm#ヘッダを取得する,逆引き「HTTPリクエストからレスポンスのヘッダ値を取得する」,HTTPリクエストからレスポンスのヘッダ値を取得する
network\index.htm,ネットワーク, ネットワーク
network\mynetwork.htm,マイネットワーク, マイネットワーク
network\mynetwork.htm#ドメイン一覧,マイネットワーク:ドメイン一覧 [設定項目],マイネットワーク ドメイン一覧 [設定項目]
network\mynetwork.htm#コンピュータ一覧,マイネットワーク:コンピュータ一覧 [設定項目],マイネットワーク コンピュータ一覧 [設定項目]
network\mynetwork.htm#共有フォルダ一覧,マイネットワーク:共有フォルダ一覧 [設定項目],マイネットワーク 共有フォルダ一覧 [設定項目]
network\network.htm,ネットワーク, ネットワーク
network\network.htm#解決する,ネットワーク:解決する [手順],ネットワーク 解決する [手順]
network\network.htm#ホスト名へ変換する,ネットワーク:ホスト名へ変換する [手順],ネットワーク ホスト名へ変換する [手順]
network\network.htm#IPアドレスへ変換する,ネットワーク:IPアドレスへ変換する [手順],ネットワーク IPアドレスへ変換する [手順]
network\network.htm#PINGする,ネットワーク:PINGする [手順],ネットワーク PINGする [手順]
network\network.htm#MACアドレスを取得する,ネットワーク:MACアドレスを取得する [手順],ネットワーク MACアドレスを取得する [手順]
network\network.htm#ネットワーク利用状態,ネットワーク:ネットワーク利用状態 [設定項目],ネットワーク ネットワーク利用状態 [設定項目]
network\network.htm#同時接続数,ネットワーク:同時接続数 [設定項目],ネットワーク 同時接続数 [設定項目]
network\network.htm#IPアドレス,ネットワーク:IPアドレス [設定項目],ネットワーク IPアドレス [設定項目]
network\network.htm#IPアドレス一覧,ネットワーク:IPアドレス一覧 [設定項目],ネットワーク IPアドレス一覧 [設定項目]
network\network.htm#ホスト名,ネットワーク:ホスト名 [設定項目],ネットワーク ホスト名 [設定項目]
network\network.htm#MACアドレス,ネットワーク:MACアドレス [設定項目],ネットワーク MACアドレス [設定項目]
network\network.htm#ホスト名へ変換する,逆引き「IPアドレスからホスト名を正引きして調べる」,IPアドレスからホスト名を正引きして調べる
network\network.htm#IPアドレスへ変換する,逆引き「ホスト名から名前で逆引きしてIPアドレスを調べる」,ホスト名から名前で逆引きしてIPアドレスを調べる
network\network.htm#PINGする,逆引き「サーバへPINGを送信する」,サーバへPINGを送信する
network\network.htm#MACアドレスを取得する,逆引き「使用中のネットワークアダプタのMACアドレスを取得する」,使用中のネットワークアダプタのMACアドレスを取得する
network\networkdrive.htm,ネットワークドライブ, ネットワークドライブ
network\networkdrive.htm#割り当てる,ネットワークドライブ:割り当てる [手順],ネットワークドライブ 割り当てる [手順]
network\networkdrive.htm#切断する,ネットワークドライブ:切断する [手順],ネットワークドライブ 切断する [手順]
network\networkdrive.htm#割り当てる,逆引き「ネットワークドライブを割り当てる」,ネットワークドライブを割り当てる
network\networkdrive.htm#割り当てる,逆引き「ユーザ名とパスワードを指定してネットワークドライブを割り当てる」,ユーザ名とパスワードを指定してネットワークドライブを割り当てる
network\networkdrive.htm#切断する,逆引き「割り当て済みのネットワークドライブを切断する」,割り当て済みのネットワークドライブを切断する
network\tcpclient.htm,TCPIPクライアント, TCPIPクライアント TCP/IP ソケット通信
network\tcpclient.htm#切断する,TCPIPクライアント:切断する [手順],TCPIPクライアント 切断する [手順]
network\tcpclient.htm#接続する,TCPIPクライアント:接続する [手順],TCPIPクライアント 接続する [手順]
network\tcpclient.htm#バイナリ形式で送受信する,TCPIPクライアント:バイナリ形式で送受信する [手順],TCPIPクライアント バイナリ形式で送受信する [手順]
network\tcpclient.htm#バイナリ形式で送信する,TCPIPクライアント:バイナリ形式で送信する [手順],TCPIPクライアント バイナリ形式で送信する [手順]
network\tcpclient.htm#バイナリ形式で受信させる,TCPIPクライアント:バイナリ形式で受信させる [手順],TCPIPクライアント バイナリ形式で受信させる [手順]
network\tcpclient.htm#送受信する,TCPIPクライアント:送受信する [手順],TCPIPクライアント 送受信する [手順]
network\tcpclient.htm#送信する,TCPIPクライアント:送信する [手順],TCPIPクライアント 送信する [手順]
network\tcpclient.htm#受信させる,TCPIPクライアント:受信させる [手順],TCPIPクライアント 受信させる [手順]
network\tcpclient.htm#受信開始する,TCPIPクライアント:受信開始する [手順],TCPIPクライアント 受信開始する [手順]
network\tcpclient.htm#ポート番号,TCPIPクライアント:ポート番号 [設定項目],TCPIPクライアント ポート番号 [設定項目]
network\tcpclient.htm#文字コード,TCPIPクライアント:文字コード [設定項目],TCPIPクライアント 文字コード [設定項目]
network\tcpclient.htm#送信バッファサイズ,TCPIPクライアント:送信バッファサイズ [設定項目],TCPIPクライアント 送信バッファサイズ [設定項目]
network\tcpclient.htm#送信タイムアウト時間,TCPIPクライアント:送信タイムアウト時間 [設定項目],TCPIPクライアント 送信タイムアウト時間 [設定項目]
network\tcpclient.htm#受信バッファサイズ,TCPIPクライアント:受信バッファサイズ [設定項目],TCPIPクライアント 受信バッファサイズ [設定項目]
network\tcpclient.htm#受信タイムアウト時間,TCPIPクライアント:受信タイムアウト時間 [設定項目],TCPIPクライアント 受信タイムアウト時間 [設定項目]
network\tcpclient.htm#相手先アドレス,TCPIPクライアント:相手先アドレス [設定項目],TCPIPクライアント 相手先アドレス [設定項目]
network\tcpclient.htm#相手先ポート,TCPIPクライアント:相手先ポート [設定項目],TCPIPクライアント 相手先ポート [設定項目]
network\tcpclient.htm#自己アドレス,TCPIPクライアント:自己アドレス [設定項目],TCPIPクライアント 自己アドレス [設定項目]
network\tcpclient.htm#自己ポート,TCPIPクライアント:自己ポート [設定項目],TCPIPクライアント 自己ポート [設定項目]
network\tcpclient.htm#接続中,TCPIPクライアント:接続中 [設定項目],TCPIPクライアント 接続中 [設定項目]
network\tcpclient.htm#sample1,逆引き「特定のTCPポートにメッセージを送信する」,特定のTCPポートにメッセージを送信する
network\tcpclient_event.htm,TCPIPクライアントのイベント情報, TCPIPクライアントのイベント情報 イベント情報
network\tcpclient_event.htm#クライアント,TCPIPクライアントのイベント情報:クライアント [設定項目],TCPIPクライアントのイベント情報 クライアント [設定項目]
network\tcpclient_event.htm#受信データ,TCPIPクライアントのイベント情報:受信データ [設定項目],TCPIPクライアントのイベント情報 受信データ [設定項目]
network\tcpclient_event.htm#受信テキスト,TCPIPクライアントのイベント情報:受信テキスト [設定項目],TCPIPクライアントのイベント情報 受信テキスト [設定項目]
network\tcpclient_event.htm#文字コード,TCPIPクライアントのイベント情報:文字コード [設定項目],TCPIPクライアントのイベント情報 文字コード [設定項目]
network\tcpserver.htm,TCPIPサーバ, TCPIPサーバ TCP/IP ソケット通信
network\tcpserver.htm#起動する,TCPIPサーバ:起動する [手順],TCPIPサーバ 起動する [手順]
network\tcpserver.htm#停止する,TCPIPサーバ:停止する [手順],TCPIPサーバ 停止する [手順]
network\tcpserver.htm#受信させる,TCPIPサーバ:受信させる [手順],TCPIPサーバ 受信させる [手順]
network\tcpserver.htm#ポート番号,TCPIPサーバ:ポート番号 [設定項目],TCPIPサーバ ポート番号 [設定項目]
network\tcpserver.htm#待機中,TCPIPサーバ:待機中 [設定項目],TCPIPサーバ 待機中 [設定項目]
network\tcpserver.htm#受信した,TCPIPサーバ:受信した [イベント],TCPIPサーバ 受信した [イベント]
network\tcpserver.htm#sample1,逆引き「特定のTCPポートでメッセージを受信する」,特定のTCPポートでメッセージを受信する
network\tcpserver_event.htm,TCPIPサーバのイベント情報, TCPIPサーバのイベント情報
network\tcpserver_event.htm#クライアント,TCPIPサーバのイベント情報:クライアント [設定項目],TCPIPサーバのイベント情報 クライアント [設定項目]
network\udpclient.htm,UDPクライアント, UDPクライアント UDP/IP ソケット通信
network\udpclient.htm#切断する,UDPクライアント:切断する [手順],UDPクライアント 切断する [手順]
network\udpclient.htm#接続する,UDPクライアント:接続する [手順],UDPクライアント 接続する [手順]
network\udpclient.htm#バイナリ形式で送受信する,UDPクライアント:バイナリ形式で送受信する [手順],UDPクライアント バイナリ形式で送受信する [手順]
network\udpclient.htm#バイナリ形式で送信する,UDPクライアント:バイナリ形式で送信する [手順],UDPクライアント バイナリ形式で送信する [手順]
network\udpclient.htm#バイナリ形式で受信させる,UDPクライアント:バイナリ形式で受信させる [手順],UDPクライアント バイナリ形式で受信させる [手順]
network\udpclient.htm#送受信する,UDPクライアント:送受信する [手順],UDPクライアント 送受信する [手順]
network\udpclient.htm#送信する,UDPクライアント:送信する [手順],UDPクライアント 送信する [手順]
network\udpclient.htm#受信させる,UDPクライアント:受信させる [手順],UDPクライアント 受信させる [手順]
network\udpclient.htm#受信開始する,UDPクライアント:受信開始する [手順],UDPクライアント 受信開始する [手順]
network\udpclient.htm#ポート番号,UDPクライアント:ポート番号 [設定項目],UDPクライアント ポート番号 [設定項目]
network\udpclient.htm#文字コード,UDPクライアント:文字コード [設定項目],UDPクライアント 文字コード [設定項目]
network\udpclient.htm#送信バッファサイズ,UDPクライアント:送信バッファサイズ [設定項目],UDPクライアント 送信バッファサイズ [設定項目]
network\udpclient.htm#送信タイムアウト時間,UDPクライアント:送信タイムアウト時間 [設定項目],UDPクライアント 送信タイムアウト時間 [設定項目]
network\udpclient.htm#受信バッファサイズ,UDPクライアント:受信バッファサイズ [設定項目],UDPクライアント 受信バッファサイズ [設定項目]
network\udpclient.htm#受信タイムアウト時間,UDPクライアント:受信タイムアウト時間 [設定項目],UDPクライアント 受信タイムアウト時間 [設定項目]
network\udpclient.htm#相手先アドレス,UDPクライアント:相手先アドレス [設定項目],UDPクライアント 相手先アドレス [設定項目]
network\udpclient.htm#相手先ポート,UDPクライアント:相手先ポート [設定項目],UDPクライアント 相手先ポート [設定項目]
network\udpclient.htm#自己アドレス,UDPクライアント:自己アドレス [設定項目],UDPクライアント 自己アドレス [設定項目]
network\udpclient.htm#自己ポート,UDPクライアント:自己ポート [設定項目],UDPクライアント 自己ポート [設定項目]
network\udpclient.htm#sample1,逆引き「特定のUDPポートにメッセージを送信する」,特定のUDPポートにメッセージを送信する
network\webclient.htm,ウェブクライアント, ウェブクライアント HTTP
network\webclient.htm#ダウンロードする,ウェブクライアント:ダウンロードする [手順],ウェブクライアント ダウンロードする [手順]
network\webclient.htm#ダウンロード開始する,ウェブクライアント:ダウンロード開始する [手順],ウェブクライアント ダウンロード開始する [手順]
network\webclient.htm#アップロードする,ウェブクライアント:アップロードする [手順],ウェブクライアント アップロードする [手順]
network\webclient.htm#取得する,ウェブクライアント:取得する [手順],ウェブクライアント 取得する [手順]
network\webclient.htm#送信する,ウェブクライアント:送信する [手順],ウェブクライアント 送信する [手順]
network\webclient.htm#ヘッダへ設定する,ウェブクライアント:ヘッダへ設定する [手順],ウェブクライアント ヘッダへ設定する [手順]
network\webclient.htm#設定する,ウェブクライアント:設定する [手順],ウェブクライアント 設定する [手順]
network\webclient.htm#クッキーを取得する,ウェブクライアント:クッキーを取得する [手順],ウェブクライアント クッキーを取得する [手順]
network\webclient.htm#キャンセルする,ウェブクライアント:キャンセルする [手順],ウェブクライアント キャンセルする [手順]
network\webclient.htm#文字コード,ウェブクライアント:文字コード [設定項目],ウェブクライアント 文字コード [設定項目]
network\webclient.htm#ステータスコード,ウェブクライアント:ステータスコード [設定項目],ウェブクライアント ステータスコード [設定項目]
network\webclient.htm#ユーザ名,ウェブクライアント:ユーザ名 [設定項目],ウェブクライアント ユーザ名 [設定項目]
network\webclient.htm#パスワード,ウェブクライアント:パスワード [設定項目],ウェブクライアント パスワード [設定項目]
network\webclient.htm#アップロードする,逆引き「ファイルをアップロードする」,ファイルをアップロードする
network\mail\account.htm,アカウント, アカウント 種類 メール機能
network\mail\account.htm#受信する,アカウント:受信する [手順],アカウント 受信する [手順]
network\mail\account.htm#送る,アカウント:送る [手順],アカウント 送る [手順]
network\mail\account.htm#受信サーバ,アカウント:受信サーバ [設定項目],アカウント 受信サーバ [設定項目]
network\mail\account.htm#送信サーバ,アカウント:送信サーバ [設定項目],アカウント 送信サーバ [設定項目]
network\mail\account.htm#プロトコル,アカウント:プロトコル [設定項目],アカウント プロトコル [設定項目]
network\mail\attendedfile.htm,添付ファイル, 添付ファイル 種類 メール機能
network\mail\attendedfile.htm#保存する,添付ファイル:保存する [手順],添付ファイル 保存する [手順]
network\mail\attendedfile.htm#ファイルサイズ,添付ファイル:ファイルサイズ [設定項目],添付ファイル ファイルサイズ [設定項目]
network\mail\attendedfile.htm#ファイル名,添付ファイル:ファイル名 [設定項目],添付ファイル ファイル名 [設定項目]
network\mail\attendedfile.htm#sample1,逆引き「メール中の添付ファイルを保存する」,メール中の添付ファイルを保存する
network\mail\imap_mailbox.htm,IMAPメールボックス, IMAPメールボックス 種類 メール機能 IMAP
network\mail\imap_mailbox.htm#目,IMAPメールボックス:目 [手順],IMAPメールボックス 目 [手順]
network\mail\imap_mailbox.htm#件数,IMAPメールボックス:件数 [設定項目],IMAPメールボックス 件数 [設定項目]
network\mail\imap_mailbox.htm#一覧,IMAPメールボックス:一覧 [設定項目],IMAPメールボックス 一覧 [設定項目]
network\mail\imap_server.htm,IMAPサーバ, IMAPサーバ 種類 メール機能 IMAP
network\mail\imap_server.htm#受信する,IMAPサーバ:受信する [手順],IMAPサーバ 受信する [手順]
network\mail\imap_server.htm#接続する,IMAPサーバ:接続する [手順],IMAPサーバ 接続する [手順]
network\mail\imap_server.htm#切断する,IMAPサーバ:切断する [手順],IMAPサーバ 切断する [手順]
network\mail\imap_server.htm#サーバ名,IMAPサーバ:サーバ名 [設定項目],IMAPサーバ サーバ名 [設定項目]
network\mail\imap_server.htm#パスワード,IMAPサーバ:パスワード [設定項目],IMAPサーバ パスワード [設定項目]
network\mail\imap_server.htm#ポート番号,IMAPサーバ:ポート番号 [設定項目],IMAPサーバ ポート番号 [設定項目]
network\mail\imap_server.htm#ユーザ名,IMAPサーバ:ユーザ名 [設定項目],IMAPサーバ ユーザ名 [設定項目]
network\mail\imap_server.htm#送信者名,IMAPサーバ:送信者名 [設定項目],IMAPサーバ 送信者名 [設定項目]
network\mail\imap_server.htm#認証,IMAPサーバ:認証 [設定項目],IMAPサーバ 認証 [設定項目]
network\mail\imap_server.htm#暗号化方式,IMAPサーバ:暗号化方式 [設定項目],IMAPサーバ 暗号化方式 [設定項目]
network\mail\imap_server.htm#暗号化通信,IMAPサーバ:暗号化通信 [設定項目],IMAPサーバ 暗号化通信 [設定項目]
network\mail\imap_server.htm#タイムアウト時間,IMAPサーバ:タイムアウト時間 [設定項目],IMAPサーバ タイムアウト時間 [設定項目]
network\mail\index.htm,メール, メール
network\mail\index.htm#lookup1,逆引き「メールの送信」,メールの送信
network\mail\index.htm#loopkup2,逆引き「アカウントの設定」,アカウントの設定
network\mail\index.htm#lookup3,逆引き「認証が必要なメールサーバの場合」,認証が必要なメールサーバの場合
network\mail\index.htm#lookup4,逆引き「送信メールの作成」,送信メールの作成
network\mail\index.htm#lookup5,逆引き「メールの受信」,メールの受信
network\mail\index.htm#lookup6,逆引き「メールサーバにある受信メールの確認」,メールサーバにある受信メールの確認
network\mail\index.htm#lookup7,逆引き「受信メールの取得」,受信メールの取得
network\mail\mail.htm,メール, メール 種類 メール機能
network\mail\mail.htm#BCC宛先,メール:BCC宛先 [設定項目],メール BCC宛先 [設定項目]
network\mail\mail.htm#CC宛先,メール:CC宛先 [設定項目],メール CC宛先 [設定項目]
network\mail\mail.htm#宛先,メール:宛先 [設定項目],メール 宛先 [設定項目]
network\mail\mail.htm#件名,メール:件名 [設定項目],メール 件名 [設定項目]
network\mail\mail.htm#差出人,メール:差出人 [設定項目],メール 差出人 [設定項目]
network\mail\mail.htm#送信日,メール:送信日 [設定項目],メール 送信日 [設定項目]
network\mail\mail.htm#本文,メール:本文 [設定項目],メール 本文 [設定項目]
network\mail\mail.htm#ContentType,メール:ContentType [設定項目],メール ContentType [設定項目]
network\mail\mailmanager.htm,メール管理, メール管理 種類 メール機能
network\mail\mailmanager.htm#sample1,逆引き「.emlファイルから件名と本文を取得する」,.emlファイルから件名と本文を取得する
network\mail\popserver.htm,POP3サーバ, POP3サーバ 種類 メール機能
network\mail\popserver.htm#受信する,POP3サーバ:受信する [手順],POP3サーバ 受信する [手順]
network\mail\popserver.htm#接続する,POP3サーバ:接続する [手順],POP3サーバ 接続する [手順]
network\mail\popserver.htm#切断する,POP3サーバ:切断する [手順],POP3サーバ 切断する [手順]
network\mail\popserver.htm#サーバ名,POP3サーバ:サーバ名 [設定項目],POP3サーバ サーバ名 [設定項目]
network\mail\popserver.htm#パスワード,POP3サーバ:パスワード [設定項目],POP3サーバ パスワード [設定項目]
network\mail\popserver.htm#ポート番号,POP3サーバ:ポート番号 [設定項目],POP3サーバ ポート番号 [設定項目]
network\mail\popserver.htm#接続中,POP3サーバ:接続中 [設定項目],POP3サーバ 接続中 [設定項目]
network\mail\popserver.htm#ユーザ名,POP3サーバ:ユーザ名 [設定項目],POP3サーバ ユーザ名 [設定項目]
network\mail\popserver.htm#APOP認証,POP3サーバ:APOP認証 [設定項目],POP3サーバ APOP認証 [設定項目]
network\mail\popserver.htm#暗号化方式,POP3サーバ:暗号化方式 [設定項目],POP3サーバ 暗号化方式 [設定項目]
network\mail\popserver.htm#暗号化通信,POP3サーバ:暗号化通信 [設定項目],POP3サーバ 暗号化通信 [設定項目]
network\mail\popserver.htm#タイムアウト時間,POP3サーバ:タイムアウト時間 [設定項目],POP3サーバ タイムアウト時間 [設定項目]
network\mail\receivemail.htm,受信メール, 受信メール 種類 メール機能
network\mail\receivemail.htm#削除する,受信メール:削除する [手順],受信メール 削除する [手順]
network\mail\receivemail.htm#保存する,受信メール:保存する [手順],受信メール 保存する [手順]
network\mail\receivemail.htm#ヘッダ情報を取得する,受信メール:ヘッダ情報を取得する [手順],受信メール ヘッダ情報を取得する [手順]
network\mail\receivemail.htm#添付ファイル一覧,受信メール:添付ファイル一覧 [設定項目],受信メール 添付ファイル一覧 [設定項目]
network\mail\receivemail.htm#sample1,逆引き「メールを受信する」,メールを受信する
network\mail\receivetray.htm,受信トレイ, 受信トレイ 種類 メール機能
network\mail\receivetray.htm#目,受信トレイ:目 [手順],受信トレイ 目 [手順]
network\mail\receivetray.htm#件数,受信トレイ:件数 [設定項目],受信トレイ 件数 [設定項目]
network\mail\receivetray.htm#一覧,受信トレイ:一覧 [設定項目],受信トレイ 一覧 [設定項目]
network\mail\sendmail.htm,送信メール, 送信メール 種類 メール機能
network\mail\sendmail.htm#ヘッダ情報へ設定する,送信メール:ヘッダ情報へ設定する [手順],送信メール ヘッダ情報へ設定する [手順]
network\mail\sendmail.htm#添付ファイル一覧,送信メール:添付ファイル一覧 [設定項目],送信メール 添付ファイル一覧 [設定項目]
network\mail\sendmail.htm#HTML本文,送信メール:HTML本文 [設定項目],送信メール HTML本文 [設定項目]
network\mail\sendmail.htm#sample1,逆引き「メールを送信する」,メールを送信する
network\mail\smtpserver.htm,送信サーバ, 送信サーバ 種類 メール機能
network\mail\smtpserver.htm#送信する,送信サーバ:送信する [手順],送信サーバ 送信する [手順]
network\mail\smtpserver.htm#接続する,送信サーバ:接続する [手順],送信サーバ 接続する [手順]
network\mail\smtpserver.htm#切断する,送信サーバ:切断する [手順],送信サーバ 切断する [手順]
network\mail\smtpserver.htm#サーバ名,送信サーバ:サーバ名 [設定項目],送信サーバ サーバ名 [設定項目]
network\mail\smtpserver.htm#パスワード,送信サーバ:パスワード [設定項目],送信サーバ パスワード [設定項目]
network\mail\smtpserver.htm#ポート番号,送信サーバ:ポート番号 [設定項目],送信サーバ ポート番号 [設定項目]
network\mail\smtpserver.htm#ユーザ名,送信サーバ:ユーザ名 [設定項目],送信サーバ ユーザ名 [設定項目]
network\mail\smtpserver.htm#送信者名,送信サーバ:送信者名 [設定項目],送信サーバ 送信者名 [設定項目]
network\mail\smtpserver.htm#認証,送信サーバ:認証 [設定項目],送信サーバ 認証 [設定項目]
network\mail\smtpserver.htm#PopBeforeSMTP,送信サーバ:PopBeforeSMTP [設定項目],送信サーバ PopBeforeSMTP [設定項目]
network\mail\smtpserver.htm#暗号化方式,送信サーバ:暗号化方式 [設定項目],送信サーバ 暗号化方式 [設定項目]
network\mail\smtpserver.htm#暗号化通信,送信サーバ:暗号化通信 [設定項目],送信サーバ 暗号化通信 [設定項目]
network\mail\smtpserver.htm#タイムアウト時間,送信サーバ:タイムアウト時間 [設定項目],送信サーバ タイムアウト時間 [設定項目]
network\mail\smtpserver.htm#メーラ名,送信サーバ:メーラ名 [設定項目],送信サーバ メーラ名 [設定項目]
office\cell.htm,セル, セル 種類 Excel エクセル
office\cell.htm#カットする,セル:カットする [手順],セル カットする [手順]
office\cell.htm#コピーする,セル:コピーする [手順],セル コピーする [手順]
office\cell.htm#削除する,セル:削除する [手順],セル 削除する [手順]
office\cell.htm#クリアする,セル:クリアする [手順],セル クリアする [手順]
office\cell.htm#値をクリアする,セル:値をクリアする [手順],セル 値をクリアする [手順]
office\cell.htm#書式をクリアする,セル:書式をクリアする [手順],セル 書式をクリアする [手順]
office\cell.htm#コメントをクリアする,セル:コメントをクリアする [手順],セル コメントをクリアする [手順]
office\cell.htm#挿入する,セル:挿入する [手順],セル 挿入する [手順]
office\cell.htm#選択する,セル:選択する [手順],セル 選択する [手順]
office\cell.htm#置換する,セル:置換する [手順],セル 置換する [手順]
office\cell.htm#貼り付ける,セル:貼り付ける [手順],セル 貼り付ける [手順]
office\cell.htm#結合する,セル:結合する [手順],セル 結合する [手順]
office\cell.htm#分割する,セル:分割する [手順],セル 分割する [手順]
office\cell.htm#並べ替える,セル:並べ替える [手順],セル 並べ替える [手順]
office\cell.htm#検索する,セル:検索する [手順],セル 検索する [手順]
office\cell.htm#次を検索する,セル:次を検索する [手順],セル 次を検索する [手順]
office\cell.htm#前を検索する,セル:前を検索する [手順],セル 前を検索する [手順]
office\cell.htm#オートフィルタする,セル:オートフィルタする [手順],セル オートフィルタする [手順]
office\cell.htm#コメントを追加する,セル:コメントを追加する [手順],セル コメントを追加する [手順]
office\cell.htm#重複を削除する,セル:重複を削除する [手順],セル 重複を削除する [手順]
office\cell.htm#内容,セル:内容 [設定項目],セル 内容 [設定項目]
office\cell.htm#計算式,セル:計算式 [設定項目],セル 計算式 [設定項目]
office\cell.htm#表示形式,セル:表示形式 [設定項目],セル 表示形式 [設定項目]
office\cell.htm#フォント名,セル:フォント名 [設定項目],セル フォント名 [設定項目]
office\cell.htm#文字サイズ,セル:文字サイズ [設定項目],セル 文字サイズ [設定項目]
office\cell.htm#背景色,セル:背景色 [設定項目],セル 背景色 [設定項目]
office\cell.htm#文字色,セル:文字色 [設定項目],セル 文字色 [設定項目]
office\cell.htm#太字,セル:太字 [設定項目],セル 太字 [設定項目]
office\cell.htm#斜体,セル:斜体 [設定項目],セル 斜体 [設定項目]
office\cell.htm#下線,セル:下線 [設定項目],セル 下線 [設定項目]
office\cell.htm#取り消し線,セル:取り消し線 [設定項目],セル 取り消し線 [設定項目]
office\cell.htm#影,セル:影 [設定項目],セル 影 [設定項目]
office\cell.htm#大きさ,セル:大きさ [設定項目],セル 大きさ [設定項目]
office\cell.htm#幅,セル:幅 [設定項目],セル 幅 [設定項目]
office\cell.htm#高さ,セル:高さ [設定項目],セル 高さ [設定項目]
office\cell.htm#座標,セル:座標 [設定項目],セル 座標 [設定項目]
office\cell.htm#横,セル:横 [設定項目],セル 横 [設定項目]
office\cell.htm#縦,セル:縦 [設定項目],セル 縦 [設定項目]
office\cell.htm#一覧,セル:一覧 [設定項目],セル 一覧 [設定項目]
office\cell.htm#行数,セル:行数 [設定項目],セル 行数 [設定項目]
office\cell.htm#列数,セル:列数 [設定項目],セル 列数 [設定項目]
office\cell.htm#文字配置,セル:文字配置 [設定項目],セル 文字配置 [設定項目]
office\cell.htm#罫線の形,セル:罫線の形 [設定項目],セル 罫線の形 [設定項目]
office\cell.htm#罫線のスタイル,セル:罫線のスタイル [設定項目],セル 罫線のスタイル [設定項目]
office\cell.htm#罫線の太さ,セル:罫線の太さ [設定項目],セル 罫線の太さ [設定項目]
office\cell.htm#罫線の色,セル:罫線の色 [設定項目],セル 罫線の色 [設定項目]
office\cell.htm#枠,セル:枠 [設定項目],セル 枠 [設定項目]
office\cell.htm#セルの罫線,セル:セルの罫線 [設定項目],セル セルの罫線 [設定項目]
office\cell.htm#結合セル,セル:結合セル [設定項目],セル 結合セル [設定項目]
office\cell.htm#折り返し全体表示,セル:折り返し全体表示 [設定項目],セル 折り返し全体表示 [設定項目]
office\cell.htm#縮小全体表示,セル:縮小全体表示 [設定項目],セル 縮小全体表示 [設定項目]
office\cell.htm#コメント,セル:コメント [設定項目],セル コメント [設定項目]
office\cell.htm#元実体,セル:元実体 [設定項目],セル 元実体 [設定項目]
office\cell.htm#sample1,逆引き「セルの内容と罫線を変更する」,セルの内容と罫線を変更する
office\cell.htm#挿入する,逆引き「セルを挿入する」,セルを挿入する
office\cell.htm#選択する,逆引き「セルを選択する」,セルを選択する
office\cell.htm#並べ替える,逆引き「セル範囲を並べ替える」,セル範囲を並べ替える
office\cell.htm#オートフィルタする,逆引き「セル範囲にオートフィルタを設定する」,セル範囲にオートフィルタを設定する
office\cell.htm#重複を削除する,逆引き「セル範囲から重複する行を削除する」,セル範囲から重複する行を削除する
office\document.htm,文章, 文章 種類 Word ワード
office\document.htm#ブックマークに移動する,文章:ブックマークに移動する [手順],文章 ブックマークに移動する [手順]
office\document.htm#ブックマークを登録する,文章:ブックマークを登録する [手順],文章 ブックマークを登録する [手順]
office\document.htm#プレビューする,文章:プレビューする [手順],文章 プレビューする [手順]
office\document.htm#マクロ実行する,文章:マクロ実行する [手順],文章 マクロ実行する [手順]
office\document.htm#印刷する,文章:印刷する [手順],文章 印刷する [手順]
office\document.htm#図形,文章:図形 [手順],文章 図形 [手順]
office\document.htm#閉じる,文章:閉じる [手順],文章 閉じる [手順]
office\document.htm#保存する,文章:保存する [手順],文章 保存する [手順]
office\document.htm#PDFで保存する,文章:PDFで保存する [手順],文章 PDFで保存する [手順]
office\document.htm#XPSで保存する,文章:XPSで保存する [手順],文章 XPSで保存する [手順]
office\document.htm#画像として追加する,文章:画像として追加する [手順],文章 画像として追加する [手順]
office\document.htm#図形一覧,文章:図形一覧 [設定項目],文章 図形一覧 [設定項目]
office\document.htm#ファイル名,文章:ファイル名 [設定項目],文章 ファイル名 [設定項目]
office\document.htm#内容,文章:内容 [設定項目],文章 内容 [設定項目]
office\document.htm#元実体,文章:元実体 [設定項目],文章 元実体 [設定項目]
office\excel.htm,エクセル, エクセル 種類 Excel Office
office\excel.htm#プレビューする,エクセル:プレビューする [手順],エクセル プレビューする [手順]
office\excel.htm#マクロ実行する,エクセル:マクロ実行する [手順],エクセル マクロ実行する [手順]
office\excel.htm#リンクする,エクセル:リンクする [手順],エクセル リンクする [手順]
office\excel.htm#開く,エクセル:開く [手順],エクセル 開く [手順]
office\excel.htm#開く,エクセル:開く [手順],エクセル 開く [手順]
office\excel.htm#起動する,エクセル:起動する [手順],エクセル 起動する [手順]
office\excel.htm#起動中かどうか,エクセル:起動中かどうか [手順],エクセル 起動中かどうか [手順]
office\excel.htm#強制終了する,エクセル:強制終了する [手順],エクセル 強制終了する [手順]
office\excel.htm#終了する,エクセル:終了する [手順],エクセル 終了する [手順]
office\excel.htm#新しいワークブックを作成する,エクセル:新しいワークブックを作成する [手順],エクセル 新しいワークブックを作成する [手順]
office\excel.htm#ブックを追加する,エクセル:ブックを追加する [手順],エクセル ブックを追加する [手順]
office\excel.htm#新しいワークシートを作成する,エクセル:新しいワークシートを作成する [手順],エクセル 新しいワークシートを作成する [手順]
office\excel.htm#範囲選択する,エクセル:範囲選択する [手順],エクセル 範囲選択する [手順]
office\excel.htm#非表示する,エクセル:非表示する [手順],エクセル 非表示する [手順]
office\excel.htm#表示する,エクセル:表示する [手順],エクセル 表示する [手順]
office\excel.htm#保存する,エクセル:保存する [手順],エクセル 保存する [手順]
office\excel.htm#PDFで保存する,エクセル:PDFで保存する [手順],エクセル PDFで保存する [手順]
office\excel.htm#XPSで保存する,エクセル:XPSで保存する [手順],エクセル XPSで保存する [手順]
office\excel.htm#上書き保存する,エクセル:上書き保存する [手順],エクセル 上書き保存する [手順]
office\excel.htm#バージョン,エクセル:バージョン [設定項目],エクセル バージョン [設定項目]
office\excel.htm#ファイル名,エクセル:ファイル名 [設定項目],エクセル ファイル名 [設定項目]
office\excel.htm#プラグインのバージョン,エクセル:プラグインのバージョン [設定項目],エクセル プラグインのバージョン [設定項目]
office\excel.htm#ワークシート,エクセル:ワークシート [設定項目],エクセル ワークシート [設定項目]
office\excel.htm#ワークブック,エクセル:ワークブック [設定項目],エクセル ワークブック [設定項目]
office\excel.htm#ワークブック一覧,エクセル:ワークブック一覧 [設定項目],エクセル ワークブック一覧 [設定項目]
office\excel.htm#ワークブック数,エクセル:ワークブック数 [設定項目],エクセル ワークブック数 [設定項目]
office\excel.htm#起動中,エクセル:起動中 [設定項目],エクセル 起動中 [設定項目]
office\excel.htm#現在シート,エクセル:現在シート [設定項目],エクセル 現在シート [設定項目]
office\excel.htm#現在ブック,エクセル:現在ブック [設定項目],エクセル 現在ブック [設定項目]
office\excel.htm#表示状態,エクセル:表示状態 [設定項目],エクセル 表示状態 [設定項目]
office\excel.htm#警告表示,エクセル:警告表示 [設定項目],エクセル 警告表示 [設定項目]
office\excel.htm#元実体,エクセル:元実体 [設定項目],エクセル 元実体 [設定項目]
office\excel.htm#プレビューする,逆引き「ブックを印刷プレビューする」,ブックを印刷プレビューする
office\excel.htm#印刷する,逆引き「ブックを印刷する」,ブックを印刷する
office\excel.htm#新規文書を作成する,逆引き「エクセルを起動して新規作成する」,エクセルを起動して新規作成する
office\excel.htm#開く,逆引き「既存のブックを開く」,既存のブックを開く
office\excel.htm#ブックを追加する,逆引き「ブックを作成する」,ブックを作成する
office\excel.htm#PDFで保存する,逆引き「ブックをPDF形式で保存する」,ブックをPDF形式で保存する
office\excel.htm#XPSで保存する,逆引き「ブックをXPS形式で保存する」,ブックをXPS形式で保存する
office\excelcomment.htm,エクセルコメント, エクセルコメント 種類 Excel エクセル
office\excelcomment.htm#消す,エクセルコメント:消す [手順],エクセルコメント 消す [手順]
office\excelcomment.htm#作成者,エクセルコメント:作成者 [設定項目],エクセルコメント 作成者 [設定項目]
office\excelcomment.htm#生成アプリ,エクセルコメント:生成アプリ [設定項目],エクセルコメント 生成アプリ [設定項目]
office\excelcomment.htm#前,エクセルコメント:前 [設定項目],エクセルコメント 前 [設定項目]
office\excelcomment.htm#次,エクセルコメント:次 [設定項目],エクセルコメント 次 [設定項目]
office\excelcomment.htm#親,エクセルコメント:親 [設定項目],エクセルコメント 親 [設定項目]
office\excelcomment.htm#図形,エクセルコメント:図形 [設定項目],エクセルコメント 図形 [設定項目]
office\excelcomment.htm#表示,エクセルコメント:表示 [設定項目],エクセルコメント 表示 [設定項目]
office\excelcomment.htm#内容,エクセルコメント:内容 [設定項目],エクセルコメント 内容 [設定項目]
office\excelcomment.htm#元実体,エクセルコメント:元実体 [設定項目],エクセルコメント 元実体 [設定項目]
office\excelcomment.htm#sample1,逆引き「セルにコメントを追加します。」,セルにコメントを追加します。
office\excelshape.htm,エクセル図形, エクセル図形 種類 Excel エクセル
office\excelshape.htm#コピーする,エクセル図形:コピーする [手順],エクセル図形 コピーする [手順]
office\excelshape.htm#消す,エクセル図形:消す [手順],エクセル図形 消す [手順]
office\excelshape.htm#選択する,エクセル図形:選択する [手順],エクセル図形 選択する [手順]
office\excelshape.htm#位置,エクセル図形:位置 [設定項目],エクセル図形 位置 [設定項目]
office\excelshape.htm#位置と大きさ,エクセル図形:位置と大きさ [設定項目],エクセル図形 位置と大きさ [設定項目]
office\excelshape.htm#横,エクセル図形:横 [設定項目],エクセル図形 横 [設定項目]
office\excelshape.htm#高さ,エクセル図形:高さ [設定項目],エクセル図形 高さ [設定項目]
office\excelshape.htm#縦,エクセル図形:縦 [設定項目],エクセル図形 縦 [設定項目]
office\excelshape.htm#大きさ,エクセル図形:大きさ [設定項目],エクセル図形 大きさ [設定項目]
office\excelshape.htm#表示,エクセル図形:表示 [設定項目],エクセル図形 表示 [設定項目]
office\excelshape.htm#幅,エクセル図形:幅 [設定項目],エクセル図形 幅 [設定項目]
office\excelshape.htm#名前,エクセル図形:名前 [設定項目],エクセル図形 名前 [設定項目]
office\excelshape.htm#元実体,エクセル図形:元実体 [設定項目],エクセル図形 元実体 [設定項目]
office\excelshape.htm#sample1,逆引き「Excelシートに図形を貼り付ける」,Excelシートに図形を貼り付ける
office\index.htm,Microsoft Office操作機能, Microsoft Office操作機能
office\powerpoint.htm,パワーポイント, パワーポイント 種類 PowerPoint Office パワポ
office\powerpoint.htm#マクロ実行する,パワーポイント:マクロ実行する [手順],パワーポイント マクロ実行する [手順]
office\powerpoint.htm#リンクする,パワーポイント:リンクする [手順],パワーポイント リンクする [手順]
office\powerpoint.htm#印刷する,パワーポイント:印刷する [手順],パワーポイント 印刷する [手順]
office\powerpoint.htm#開く,パワーポイント:開く [手順],パワーポイント 開く [手順]
office\powerpoint.htm#開く,パワーポイント:開く [手順],パワーポイント 開く [手順]
office\powerpoint.htm#開始する,パワーポイント:開始する [手順],パワーポイント 開始する [手順]
office\powerpoint.htm#起動する,パワーポイント:起動する [手順],パワーポイント 起動する [手順]
office\powerpoint.htm#起動中かどうか,パワーポイント:起動中かどうか [手順],パワーポイント 起動中かどうか [手順]
office\powerpoint.htm#強制終了する,パワーポイント:強制終了する [手順],パワーポイント 強制終了する [手順]
office\powerpoint.htm#終了する,パワーポイント:終了する [手順],パワーポイント 終了する [手順]
office\powerpoint.htm#新規発表資料,パワーポイント:新規発表資料 [手順],パワーポイント 新規発表資料 [手順]
office\powerpoint.htm#進める,パワーポイント:進める [手順],パワーポイント 進める [手順]
office\powerpoint.htm#スライドを追加する,パワーポイント:スライドを追加する [手順],パワーポイント スライドを追加する [手順]
office\powerpoint.htm#発表資料を追加する,パワーポイント:発表資料を追加する [手順],パワーポイント 発表資料を追加する [手順]
office\powerpoint.htm#プレゼンテーションを追加する,パワーポイント:プレゼンテーションを追加する [手順],パワーポイント プレゼンテーションを追加する [手順]
office\powerpoint.htm#非表示する,パワーポイント:非表示する [手順],パワーポイント 非表示する [手順]
office\powerpoint.htm#表示する,パワーポイント:表示する [手順],パワーポイント 表示する [手順]
office\powerpoint.htm#保存する,パワーポイント:保存する [手順],パワーポイント 保存する [手順]
office\powerpoint.htm#PDFで保存する,パワーポイント:PDFで保存する [手順],パワーポイント PDFで保存する [手順]
office\powerpoint.htm#XPSで保存する,パワーポイント:XPSで保存する [手順],パワーポイント XPSで保存する [手順]
office\powerpoint.htm#エクスポートする,パワーポイント:エクスポートする [手順],パワーポイント エクスポートする [手順]
office\powerpoint.htm#戻す,パワーポイント:戻す [手順],パワーポイント 戻す [手順]
office\powerpoint.htm#スライド,パワーポイント:スライド [設定項目],パワーポイント スライド [設定項目]
office\powerpoint.htm#バージョン,パワーポイント:バージョン [設定項目],パワーポイント バージョン [設定項目]
office\powerpoint.htm#ファイル名,パワーポイント:ファイル名 [設定項目],パワーポイント ファイル名 [設定項目]
office\powerpoint.htm#プラグインのバージョン,パワーポイント:プラグインのバージョン [設定項目],パワーポイント プラグインのバージョン [設定項目]
office\powerpoint.htm#起動中,パワーポイント:起動中 [設定項目],パワーポイント 起動中 [設定項目]
office\powerpoint.htm#現在発表資料,パワーポイント:現在発表資料 [設定項目],パワーポイント 現在発表資料 [設定項目]
office\powerpoint.htm#発表資料,パワーポイント:発表資料 [設定項目],パワーポイント 発表資料 [設定項目]
office\powerpoint.htm#発表資料一覧,パワーポイント:発表資料一覧 [設定項目],パワーポイント 発表資料一覧 [設定項目]
office\powerpoint.htm#発表資料数,パワーポイント:発表資料数 [設定項目],パワーポイント 発表資料数 [設定項目]
office\powerpoint.htm#表示状態,パワーポイント:表示状態 [設定項目],パワーポイント 表示状態 [設定項目]
office\powerpoint.htm#警告表示,パワーポイント:警告表示 [設定項目],パワーポイント 警告表示 [設定項目]
office\powerpoint.htm#元実体,パワーポイント:元実体 [設定項目],パワーポイント 元実体 [設定項目]
office\powerpoint.htm#sample1,逆引き「PowerPointを起動してスライドを開く」,PowerPointを起動してスライドを開く
office\powerpoint.htm#sample2,逆引き「自動的にスライドを切り替える」,自動的にスライドを切り替える
office\powerpoint.htm#新規文書を作成する,逆引き「パワーポイントを起動して新規作成する」,パワーポイントを起動して新規作成する
office\powerpoint.htm#開く,逆引き「既存の発表資料を開く」,既存の発表資料を開く
office\powerpoint.htm#PDFで保存する,逆引き「発表資料をPDF形式で保存する」,発表資料をPDF形式で保存する
office\powerpoint.htm#XPSで保存する,逆引き「発表資料をXPS形式で保存する」,発表資料をXPS形式で保存する
office\powerpoint.htm#エクスポートする,逆引き「スライドを画像ファイルで保存する」,スライドを画像ファイルで保存する
office\powershape.htm,パワーポイント図形, パワーポイント図形 種類 PowerPoint パワーポイント パワポ
office\powershape.htm#選択する,パワーポイント図形:選択する [手順],パワーポイント図形 選択する [手順]
office\powershape.htm#コピーする,パワーポイント図形:コピーする [手順],パワーポイント図形 コピーする [手順]
office\powershape.htm#消す,パワーポイント図形:消す [手順],パワーポイント図形 消す [手順]
office\powershape.htm#位置,パワーポイント図形:位置 [設定項目],パワーポイント図形 位置 [設定項目]
office\powershape.htm#位置と大きさ,パワーポイント図形:位置と大きさ [設定項目],パワーポイント図形 位置と大きさ [設定項目]
office\powershape.htm#横,パワーポイント図形:横 [設定項目],パワーポイント図形 横 [設定項目]
office\powershape.htm#高さ,パワーポイント図形:高さ [設定項目],パワーポイント図形 高さ [設定項目]
office\powershape.htm#縦,パワーポイント図形:縦 [設定項目],パワーポイント図形 縦 [設定項目]
office\powershape.htm#大きさ,パワーポイント図形:大きさ [設定項目],パワーポイント図形 大きさ [設定項目]
office\powershape.htm#表示,パワーポイント図形:表示 [設定項目],パワーポイント図形 表示 [設定項目]
office\powershape.htm#幅,パワーポイント図形:幅 [設定項目],パワーポイント図形 幅 [設定項目]
office\powershape.htm#名前,パワーポイント図形:名前 [設定項目],パワーポイント図形 名前 [設定項目]
office\powershape.htm#元実体,パワーポイント図形:元実体 [設定項目],パワーポイント図形 元実体 [設定項目]
office\powershape.htm#sample1,逆引き「スライドに画像を貼り付ける」,スライドに画像を貼り付ける
office\presentation.htm,発表資料, 発表資料 種類 PowerPoint パワーポイント パワポ
office\presentation.htm#マクロ実行する,発表資料:マクロ実行する [手順],発表資料 マクロ実行する [手順]
office\presentation.htm#印刷する,発表資料:印刷する [手順],発表資料 印刷する [手順]
office\presentation.htm#選択する,発表資料:選択する [手順],発表資料 選択する [手順]
office\presentation.htm#追加する,発表資料:追加する [手順],発表資料 追加する [手順]
office\presentation.htm#閉じる,発表資料:閉じる [手順],発表資料 閉じる [手順]
office\presentation.htm#保存する,発表資料:保存する [手順],発表資料 保存する [手順]
office\presentation.htm#PDFで保存する,発表資料:PDFで保存する [手順],発表資料 PDFで保存する [手順]
office\presentation.htm#XPSで保存する,発表資料:XPSで保存する [手順],発表資料 XPSで保存する [手順]
office\presentation.htm#エクスポートする,発表資料:エクスポートする [手順],発表資料 エクスポートする [手順]
office\presentation.htm#スライド一覧,発表資料:スライド一覧 [設定項目],発表資料 スライド一覧 [設定項目]
office\presentation.htm#スライド数,発表資料:スライド数 [設定項目],発表資料 スライド数 [設定項目]
office\presentation.htm#スライド番号,発表資料:スライド番号 [設定項目],発表資料 スライド番号 [設定項目]
office\presentation.htm#ファイル名,発表資料:ファイル名 [設定項目],発表資料 ファイル名 [設定項目]
office\presentation.htm#元実体,発表資料:元実体 [設定項目],発表資料 元実体 [設定項目]
office\slide.htm,スライド, スライド 種類 PowerPoint パワーポイント パワポ
office\slide.htm#コピーする,スライド:コピーする [手順],スライド コピーする [手順]
office\slide.htm#移動する,スライド:移動する [手順],スライド 移動する [手順]
office\slide.htm#消す,スライド:消す [手順],スライド 消す [手順]
office\slide.htm#図形,スライド:図形 [手順],スライド 図形 [手順]
office\slide.htm#選択する,スライド:選択する [手順],スライド 選択する [手順]
office\slide.htm#エクスポートする,スライド:エクスポートする [手順],スライド エクスポートする [手順]
office\slide.htm#画像として追加する,スライド:画像として追加する [手順],スライド 画像として追加する [手順]
office\slide.htm#図形一覧,スライド:図形一覧 [設定項目],スライド 図形一覧 [設定項目]
office\slide.htm#名前,スライド:名前 [設定項目],スライド 名前 [設定項目]
office\slide.htm#元実体,スライド:元実体 [設定項目],スライド 元実体 [設定項目]
office\slide.htm#sample1,逆引き「新しいスライドを追加する」,新しいスライドを追加する
office\word.htm,ワード, ワード 種類 Word Office
office\word.htm#マクロ実行する,ワード:マクロ実行する [手順],ワード マクロ実行する [手順]
office\word.htm#リンクする,ワード:リンクする [手順],ワード リンクする [手順]
office\word.htm#開く,ワード:開く [手順],ワード 開く [手順]
office\word.htm#開く,ワード:開く [手順],ワード 開く [手順]
office\word.htm#起動する,ワード:起動する [手順],ワード 起動する [手順]
office\word.htm#起動中かどうか,ワード:起動中かどうか [手順],ワード 起動中かどうか [手順]
office\word.htm#強制終了する,ワード:強制終了する [手順],ワード 強制終了する [手順]
office\word.htm#終了する,ワード:終了する [手順],ワード 終了する [手順]
office\word.htm#新規文書を作成する,ワード:新規文書を作成する [手順],ワード 新規文書を作成する [手順]
office\word.htm#文章を追加する,ワード:文章を追加する [手順],ワード 文章を追加する [手順]
office\word.htm#保存する,ワード:保存する [手順],ワード 保存する [手順]
office\word.htm#PDFで保存する,ワード:PDFで保存する [手順],ワード PDFで保存する [手順]
office\word.htm#XPSで保存する,ワード:XPSで保存する [手順],ワード XPSで保存する [手順]
office\word.htm#バージョン,ワード:バージョン [設定項目],ワード バージョン [設定項目]
office\word.htm#ファイル名,ワード:ファイル名 [設定項目],ワード ファイル名 [設定項目]
office\word.htm#プラグインのバージョン,ワード:プラグインのバージョン [設定項目],ワード プラグインのバージョン [設定項目]
office\word.htm#起動中,ワード:起動中 [設定項目],ワード 起動中 [設定項目]
office\word.htm#現在文章,ワード:現在文章 [設定項目],ワード 現在文章 [設定項目]
office\word.htm#選択,ワード:選択 [設定項目],ワード 選択 [設定項目]
office\word.htm#文章一覧,ワード:文章一覧 [設定項目],ワード 文章一覧 [設定項目]
office\word.htm#警告表示,ワード:警告表示 [設定項目],ワード 警告表示 [設定項目]
office\word.htm#元実体,ワード:元実体 [設定項目],ワード 元実体 [設定項目]
office\word.htm#新規文書を作成する,逆引き「ワードを起動して新規作成する」,ワードを起動して新規作成する
office\word.htm#開く,逆引き「既存のワード文書を開く」,既存のワード文書を開く
office\word.htm#新規文書を作成する,逆引き「ワード文書を新規作成する」,ワード文書を新規作成する
office\word.htm#PDFで保存する,逆引き「ワード文書をPDF形式で保存する」,ワード文書をPDF形式で保存する
office\word.htm#XPSで保存する,逆引き「ワード文書をXPS形式で保存する」,ワード文書をXPS形式で保存する
office\wordselection.htm,ワード選択範囲, ワード選択範囲 種類 Word ワード
office\wordselection.htm#コピーする,ワード選択範囲:コピーする [手順],ワード選択範囲 コピーする [手順]
office\wordselection.htm#消す,ワード選択範囲:消す [手順],ワード選択範囲 消す [手順]
office\wordselection.htm#切り取る,ワード選択範囲:切り取る [手順],ワード選択範囲 切り取る [手順]
office\wordselection.htm#貼り付ける,ワード選択範囲:貼り付ける [手順],ワード選択範囲 貼り付ける [手順]
office\wordselection.htm#書式をクリアする,ワード選択範囲:書式をクリアする [手順],ワード選択範囲 書式をクリアする [手順]
office\wordselection.htm#検索する,ワード選択範囲:検索する [手順],ワード選択範囲 検索する [手順]
office\wordselection.htm#置換する,ワード選択範囲:置換する [手順],ワード選択範囲 置換する [手順]
office\wordselection.htm#すべて置換する,ワード選択範囲:すべて置換する [手順],ワード選択範囲 すべて置換する [手順]
office\wordselection.htm#文字サイズ,ワード選択範囲:文字サイズ [設定項目],ワード選択範囲 文字サイズ [設定項目]
office\wordselection.htm#フォント名,ワード選択範囲:フォント名 [設定項目],ワード選択範囲 フォント名 [設定項目]
office\wordselection.htm#下線,ワード選択範囲:下線 [設定項目],ワード選択範囲 下線 [設定項目]
office\wordselection.htm#斜体,ワード選択範囲:斜体 [設定項目],ワード選択範囲 斜体 [設定項目]
office\wordselection.htm#文字色,ワード選択範囲:文字色 [設定項目],ワード選択範囲 文字色 [設定項目]
office\wordselection.htm#先頭位置,ワード選択範囲:先頭位置 [設定項目],ワード選択範囲 先頭位置 [設定項目]
office\wordselection.htm#太字,ワード選択範囲:太字 [設定項目],ワード選択範囲 太字 [設定項目]
office\wordselection.htm#長さ,ワード選択範囲:長さ [設定項目],ワード選択範囲 長さ [設定項目]
office\wordselection.htm#内容,ワード選択範囲:内容 [設定項目],ワード選択範囲 内容 [設定項目]
office\wordselection.htm#元実体,ワード選択範囲:元実体 [設定項目],ワード選択範囲 元実体 [設定項目]
office\wordselection.htm#sample1,逆引き「カーソル位置に指定した書式で文字を追加する」,カーソル位置に指定した書式で文字を追加する
office\wordselection.htm#sample2,逆引き「範囲を指定してコピーし貼り付ける」,範囲を指定してコピーし貼り付ける
office\wordselection.htm#検索する,逆引き「Word文章からキーワード検索する」,Word文章からキーワード検索する
office\wordselection.htm#すべて置換する,逆引き「Word文章からキーワード置換する」,Word文章からキーワード置換する
office\wordshape.htm,ワード図形, ワード図形 種類 Word ワード
office\wordshape.htm#コピーする,ワード図形:コピーする [手順],ワード図形 コピーする [手順]
office\wordshape.htm#消す,ワード図形:消す [手順],ワード図形 消す [手順]
office\wordshape.htm#選択する,ワード図形:選択する [手順],ワード図形 選択する [手順]
office\wordshape.htm#位置,ワード図形:位置 [設定項目],ワード図形 位置 [設定項目]
office\wordshape.htm#位置と大きさ,ワード図形:位置と大きさ [設定項目],ワード図形 位置と大きさ [設定項目]
office\wordshape.htm#横,ワード図形:横 [設定項目],ワード図形 横 [設定項目]
office\wordshape.htm#高さ,ワード図形:高さ [設定項目],ワード図形 高さ [設定項目]
office\wordshape.htm#縦,ワード図形:縦 [設定項目],ワード図形 縦 [設定項目]
office\wordshape.htm#大きさ,ワード図形:大きさ [設定項目],ワード図形 大きさ [設定項目]
office\wordshape.htm#表示,ワード図形:表示 [設定項目],ワード図形 表示 [設定項目]
office\wordshape.htm#幅,ワード図形:幅 [設定項目],ワード図形 幅 [設定項目]
office\wordshape.htm#名前,ワード図形:名前 [設定項目],ワード図形 名前 [設定項目]
office\wordshape.htm#元実体,ワード図形:元実体 [設定項目],ワード図形 元実体 [設定項目]
office\wordshape.htm#sample1,逆引き「文章に画像を貼り付ける」,文章に画像を貼り付ける
office\workbook.htm,ブック, ブック 種類 Excel エクセル
office\workbook.htm#プレビューする,ブック:プレビューする [手順],ブック プレビューする [手順]
office\workbook.htm#マクロ実行する,ブック:マクロ実行する [手順],ブック マクロ実行する [手順]
office\workbook.htm#印刷する,ブック:印刷する [手順],ブック 印刷する [手順]
office\workbook.htm#選択する,ブック:選択する [手順],ブック 選択する [手順]
office\workbook.htm#シートを追加する,ブック:シートを追加する [手順],ブック シートを追加する [手順]
office\workbook.htm#閉じる,ブック:閉じる [手順],ブック 閉じる [手順]
office\workbook.htm#保存する,ブック:保存する [手順],ブック 保存する [手順]
office\workbook.htm#PDFで保存する,ブック:PDFで保存する [手順],ブック PDFで保存する [手順]
office\workbook.htm#XPSで保存する,ブック:XPSで保存する [手順],ブック XPSで保存する [手順]
office\workbook.htm#ファイル名,ブック:ファイル名 [設定項目],ブック ファイル名 [設定項目]
office\workbook.htm#ワークシート一覧,ブック:ワークシート一覧 [設定項目],ブック ワークシート一覧 [設定項目]
office\workbook.htm#ワークシート数,ブック:ワークシート数 [設定項目],ブック ワークシート数 [設定項目]
office\workbook.htm#先頭シート,ブック:先頭シート [設定項目],ブック 先頭シート [設定項目]
office\workbook.htm#末尾シート,ブック:末尾シート [設定項目],ブック 末尾シート [設定項目]
office\workbook.htm#元実体,ブック:元実体 [設定項目],ブック 元実体 [設定項目]
office\workbook.htm#PDFで保存する,逆引き「ブックをPDF形式で保存する」,ブックをPDF形式で保存する
office\workbook.htm#XPSで保存する,逆引き「ブックをXPS形式で保存する」,ブックをXPS形式で保存する
office\worksheet.htm,シート, シート 種類 Excel エクセル
office\worksheet.htm#コピーする,シート:コピーする [手順],シート コピーする [手順]
office\worksheet.htm#すべて選択する,シート:すべて選択する [手順],シート すべて選択する [手順]
office\worksheet.htm#セル,シート:セル [手順],シート セル [手順]
office\worksheet.htm#フィルタする,シート:フィルタする [手順],シート フィルタする [手順]
office\worksheet.htm#プレビューする,シート:プレビューする [手順],シート プレビューする [手順]
office\worksheet.htm#前へ移動する,シート:前へ移動する [手順],シート 前へ移動する [手順]
office\worksheet.htm#後へ移動する,シート:後へ移動する [手順],シート 後へ移動する [手順]
office\worksheet.htm#印刷する,シート:印刷する [手順],シート 印刷する [手順]
office\worksheet.htm#PDFで保存する,シート:PDFで保存する [手順],シート PDFで保存する [手順]
office\worksheet.htm#XPSで保存する,シート:XPSで保存する [手順],シート XPSで保存する [手順]
office\worksheet.htm#計算する,シート:計算する [手順],シート 計算する [手順]
office\worksheet.htm#削除する,シート:削除する [手順],シート 削除する [手順]
office\worksheet.htm#保護する,シート:保護する [手順],シート 保護する [手順]
office\worksheet.htm#解除する,シート:解除する [手順],シート 解除する [手順]
office\worksheet.htm#図形,シート:図形 [手順],シート 図形 [手順]
office\worksheet.htm#画像として追加する,シート:画像として追加する [手順],シート 画像として追加する [手順]
office\worksheet.htm#選択する,シート:選択する [手順],シート 選択する [手順]
office\worksheet.htm#行選択する,シート:行選択する [手順],シート 行選択する [手順]
office\worksheet.htm#列選択する,シート:列選択する [手順],シート 列選択する [手順]
office\worksheet.htm#オートフィルタ,シート:オートフィルタ [設定項目],シート オートフィルタ [設定項目]
office\worksheet.htm#一覧,シート:一覧 [設定項目],シート 一覧 [設定項目]
office\worksheet.htm#値一覧,シート:値一覧 [設定項目],シート 値一覧 [設定項目]
office\worksheet.htm#使用範囲,シート:使用範囲 [設定項目],シート 使用範囲 [設定項目]
office\worksheet.htm#図形一覧,シート:図形一覧 [設定項目],シート 図形一覧 [設定項目]
office\worksheet.htm#コメント一覧,シート:コメント一覧 [設定項目],シート コメント一覧 [設定項目]
office\worksheet.htm#選択,シート:選択 [設定項目],シート 選択 [設定項目]
office\worksheet.htm#選択範囲,シート:選択範囲 [設定項目],シート 選択範囲 [設定項目]
office\worksheet.htm#名前,シート:名前 [設定項目],シート 名前 [設定項目]
office\worksheet.htm#元実体,シート:元実体 [設定項目],シート 元実体 [設定項目]
office\worksheet.htm#sample1,逆引き「選択したワークシートの内容を出力するには」,選択したワークシートの内容を出力するには
office\worksheet.htm#コピーする,逆引き「シートをコピーする」,シートをコピーする
office\worksheet.htm#後へ移動する,逆引き「シートの順番を移動する」,シートの順番を移動する
office\worksheet.htm#PDFで保存する,逆引き「シートをPDFで保存する」,シートをPDFで保存する
office\worksheet.htm#XPSで保存する,逆引き「シートをXPSで保存する」,シートをXPSで保存する
office\worksheet.htm#画像として追加する,逆引き「シートを画像ファイルとして保存する」,シートを画像ファイルとして保存する
office\worksheet.htm#行選択する,逆引き「シートの行を全体を選択する」,シートの行を全体を選択する
office\worksheet.htm#列選択する,逆引き「シートの列を全体を選択する」,シートの列を全体を選択する
pgraphics\brush.htm,刷毛形, 刷毛形 種類
pgraphics\colorconvert.htm,色変換, 色変換 種類
pgraphics\colorconvert.htm#RGB,色変換:RGB [手順],色変換 RGB [手順]
pgraphics\colorconvert.htm#HLS,色変換:HLS [手順],色変換 HLS [手順]
pgraphics\gradationbrush.htm,グラデーションブラシ, グラデーションブラシ 種類 刷毛 ブラシ
pgraphics\gradationbrush.htm#開始色,グラデーションブラシ:開始色 [設定項目],グラデーションブラシ 開始色 [設定項目]
pgraphics\gradationbrush.htm#終了色,グラデーションブラシ:終了色 [設定項目],グラデーションブラシ 終了色 [設定項目]
pgraphics\gradationbrush.htm#色一覧,グラデーションブラシ:色一覧 [設定項目],グラデーションブラシ 色一覧 [設定項目]
pgraphics\gradationbrush.htm#位置一覧,グラデーションブラシ:位置一覧 [設定項目],グラデーションブラシ 位置一覧 [設定項目]
pgraphics\gradationbrush.htm#ガンマ補正,グラデーションブラシ:ガンマ補正 [設定項目],グラデーションブラシ ガンマ補正 [設定項目]
pgraphics\gradationbrush.htm#角度,グラデーションブラシ:角度 [設定項目],グラデーションブラシ 角度 [設定項目]
pgraphics\graphics.htm,図形描画, 図形描画 種類
pgraphics\graphics.htm#クリアする,図形描画:クリアする [手順],図形描画 クリアする [手順]
pgraphics\graphics.htm#書く,図形描画:書く [手順],図形描画 書く [手順]
pgraphics\graphics.htm#線を描く,図形描画:線を描く [手順],図形描画 線を描く [手順]
pgraphics\graphics.htm#点を描く,図形描画:点を描く [手順],図形描画 点を描く [手順]
pgraphics\graphics.htm#円を描く,図形描画:円を描く [手順],図形描画 円を描く [手順]
pgraphics\graphics.htm#四角形を描く,図形描画:四角形を描く [手順],図形描画 四角形を描く [手順]
pgraphics\graphics.htm#円弧を描く,図形描画:円弧を描く [手順],図形描画 円弧を描く [手順]
pgraphics\graphics.htm#扇を描く,図形描画:扇を描く [手順],図形描画 扇を描く [手順]
pgraphics\graphics.htm#塗りつぶす,図形描画:塗りつぶす [手順],図形描画 塗りつぶす [手順]
pgraphics\graphics.htm#線,図形描画:線 [設定項目],図形描画 線 [設定項目]
pgraphics\graphics.htm#太さ,図形描画:太さ [設定項目],図形描画 太さ [設定項目]
pgraphics\hatchbrush.htm,パターンブラシ, パターンブラシ 種類 刷毛
pgraphics\hatchbrush.htm#色,パターンブラシ:色 [設定項目],パターンブラシ 色 [設定項目]
pgraphics\hatchbrush.htm#背景色,パターンブラシ:背景色 [設定項目],パターンブラシ 背景色 [設定項目]
pgraphics\hatchbrush.htm#パターン,パターンブラシ:パターン [設定項目],パターンブラシ パターン [設定項目]
pgraphics\hatchbrush.htm#sample1,逆引き「パターンハッチで塗りつぶす」,パターンハッチで塗りつぶす
pgraphics\iconimage.htm,アイコン画像, アイコン画像 種類
pgraphics\iconimage.htm#抽出する,アイコン画像:抽出する [手順],アイコン画像 抽出する [手順]
pgraphics\iconimage.htm#抽出する,アイコン画像:抽出する [手順],アイコン画像 抽出する [手順]
pgraphics\iconimage.htm#sample1,逆引き「リソースからアイコンを抽出する」,リソースからアイコンを抽出する
pgraphics\imageeffect.htm,画像効果, 画像効果 種類
pgraphics\imageeffect.htm#明るく,画像効果:明るく [手順],画像効果 明るく [手順]
pgraphics\imageeffect.htm#コントラスト調整,画像効果:コントラスト調整 [手順],画像効果 コントラスト調整 [手順]
pgraphics\imageeffect.htm#ガンマ補正,画像効果:ガンマ補正 [手順],画像効果 ガンマ補正 [手順]
pgraphics\imageeffect.htm#エンボス加工,画像効果:エンボス加工 [手順],画像効果 エンボス加工 [手順]
pgraphics\imageeffect.htm#グレイスケール化,画像効果:グレイスケール化 [手順],画像効果 グレイスケール化 [手順]
pgraphics\imageeffect.htm#ネガポジ反転,画像効果:ネガポジ反転 [手順],画像効果 ネガポジ反転 [手順]
pgraphics\imageeffect.htm#鮮明化,画像効果:鮮明化 [手順],画像効果 鮮明化 [手順]
pgraphics\imageeffect.htm#ソラリゼーション,画像効果:ソラリゼーション [手順],画像効果 ソラリゼーション [手順]
pgraphics\imageeffect.htm#セピア化,画像効果:セピア化 [手順],画像効果 セピア化 [手順]
pgraphics\imageeffect.htm#モザイクをかける,画像効果:モザイクをかける [手順],画像効果 モザイクをかける [手順]
pgraphics\imageeffect.htm#ぼかす,画像効果:ぼかす [手順],画像効果 ぼかす [手順]
pgraphics\imageeffect.htm#合成する,画像効果:合成する [手順],画像効果 合成する [手順]
pgraphics\imageeffect.htm#sample1,逆引き「画像の明るさを調整する」,画像の明るさを調整する
pgraphics\index.htm,画像描画, 画像描画 Produire.PGraphics.dll
pgraphics\kame.htm,カメ, カメ 種類 Logo タートルグラフィックス ロゴ 亀
pgraphics\kame.htm#スタンプする,カメ:スタンプする [手順],カメ スタンプする [手順]
pgraphics\kame.htm#移動する,カメ:移動する [手順],カメ 移動する [手順]
pgraphics\kame.htm#隠す,カメ:隠す [手順],カメ 隠す [手順]
pgraphics\kame.htm#下げる,カメ:下げる [手順],カメ 下げる [手順]
pgraphics\kame.htm#回転する,カメ:回転する [手順],カメ 回転する [手順]
pgraphics\kame.htm#枝,カメ:枝 [手順],カメ 枝 [手順]
pgraphics\kame.htm#書く,カメ:書く [手順],カメ 書く [手順]
pgraphics\kame.htm#上げる,カメ:上げる [手順],カメ 上げる [手順]
pgraphics\kame.htm#進める,カメ:進める [手順],カメ 進める [手順]
pgraphics\kame.htm#塗りつぶす,カメ:塗りつぶす [手順],カメ 塗りつぶす [手順]
pgraphics\kame.htm#表示する,カメ:表示する [手順],カメ 表示する [手順]
pgraphics\kame.htm#戻す,カメ:戻す [手順],カメ 戻す [手順]
pgraphics\kame.htm#点を打つ,カメ:点を打つ [手順],カメ 点を打つ [手順]
pgraphics\kame.htm#場所,カメ:場所 [設定項目],カメ 場所 [設定項目]
pgraphics\kame.htm#色,カメ:色 [設定項目],カメ 色 [設定項目]
pgraphics\kame.htm#下部色,カメ:下部色 [設定項目],カメ 下部色 [設定項目]
pgraphics\kame.htm#太さ,カメ:太さ [設定項目],カメ 太さ [設定項目]
pgraphics\kame.htm#位置,カメ:位置 [設定項目],カメ 位置 [設定項目]
pgraphics\kame.htm#大きさ,カメ:大きさ [設定項目],カメ 大きさ [設定項目]
pgraphics\kame.htm#向き,カメ:向き [設定項目],カメ 向き [設定項目]
pgraphics\kame.htm#速さ,カメ:速さ [設定項目],カメ 速さ [設定項目]
pgraphics\kame.htm#形,カメ:形 [設定項目],カメ 形 [設定項目]
pgraphics\kame.htm#背景色,カメ:背景色 [設定項目],カメ 背景色 [設定項目]
pgraphics\kame.htm#模様,カメ:模様 [設定項目],カメ 模様 [設定項目]
pgraphics\kame.htm#sample1,逆引き「カメで円を描く」,カメで円を描く
pgraphics\pen.htm,筆, 筆 種類 ペン 線
pgraphics\pen.htm#色,筆:色 [設定項目],筆 色 [設定項目]
pgraphics\pen.htm#太さ,筆:太さ [設定項目],筆 太さ [設定項目]
pgraphics\pen.htm#破線,筆:破線 [設定項目],筆 破線 [設定項目]
pgraphics\pen.htm#刷毛,筆:刷毛 [設定項目],筆 刷毛 [設定項目]
pgraphics\pen.htm#sample1,逆引き「破線を描く」,破線を描く
pgraphics\pen.htm#sample2,逆引き「グラデーションの直線を描く」,グラデーションの直線を描く
pgraphics\screenshot.htm,スクリーンショット, スクリーンショット 種類 スクリーンキャプチャ
pgraphics\screenshot.htm#取り込む,スクリーンショット:取り込む [手順],スクリーンショット 取り込む [手順]
pgraphics\screenshot.htm#画面全体を取り込む,スクリーンショット:画面全体を取り込む [手順],スクリーンショット 画面全体を取り込む [手順]
pgraphics\screenshot.htm#現在ウィンドウを取り込む,スクリーンショット:現在ウィンドウを取り込む [手順],スクリーンショット 現在ウィンドウを取り込む [手順]
pgraphics\screenshot.htm#sample1,逆引き「画面のスクリーンショットを撮る」,画面のスクリーンショットを撮る
pgraphics\solidbrush.htm,塗りつぶしブラシ, 塗りつぶしブラシ 種類 刷毛
pgraphics\solidbrush.htm#色,塗りつぶしブラシ:色 [設定項目],塗りつぶしブラシ 色 [設定項目]
pgraphics\solidbrush.htm#sample1,逆引き「塗りつぶしした円を描く」,塗りつぶしした円を描く
pgraphics\canvas\canvas.htm,キャンバス, キャンバス 種類 図形
pgraphics\canvas\canvas.htm#円を描く,キャンバス:円を描く [手順],キャンバス 円を描く [手順]
pgraphics\canvas\canvas.htm#更新する,キャンバス:更新する [手順],キャンバス 更新する [手順]
pgraphics\canvas\canvas.htm#作る,キャンバス:作る [手順],キャンバス 作る [手順]
pgraphics\canvas\canvas.htm#四角形を描く,キャンバス:四角形を描く [手順],キャンバス 四角形を描く [手順]
pgraphics\canvas\canvas.htm#角丸矩形を描く,キャンバス:角丸矩形を描く [手順],キャンバス 角丸矩形を描く [手順]
pgraphics\canvas\canvas.htm#子キャンバスを作る,キャンバス:子キャンバスを作る [手順],キャンバス 子キャンバスを作る [手順]
pgraphics\canvas\canvas.htm#消す,キャンバス:消す [手順],キャンバス 消す [手順]
pgraphics\canvas\canvas.htm#線を描く,キャンバス:線を描く [手順],キャンバス 線を描く [手順]
pgraphics\canvas\canvas.htm#曲線を描く,キャンバス:曲線を描く [手順],キャンバス 曲線を描く [手順]
pgraphics\canvas\canvas.htm#連続線を描く,キャンバス:連続線を描く [手順],キャンバス 連続線を描く [手順]
pgraphics\canvas\canvas.htm#文字を書く,キャンバス:文字を書く [手順],キャンバス 文字を書く [手順]
pgraphics\canvas\canvas.htm#画像を描く,キャンバス:画像を描く [手順],キャンバス 画像を描く [手順]
pgraphics\canvas\canvas.htm#多角形を描く,キャンバス:多角形を描く [手順],キャンバス 多角形を描く [手順]
pgraphics\canvas\canvas.htm#印刷する,キャンバス:印刷する [手順],キャンバス 印刷する [手順]
pgraphics\canvas\canvas.htm#確認して印刷する,キャンバス:確認して印刷する [手順],キャンバス 確認して印刷する [手順]
pgraphics\canvas\canvas.htm#保存する,キャンバス:保存する [手順],キャンバス 保存する [手順]
pgraphics\canvas\canvas.htm#選択する,キャンバス:選択する [手順],キャンバス 選択する [手順]
pgraphics\canvas\canvas.htm#タッチ機能を有効にする,キャンバス:タッチ機能を有効にする [手順],キャンバス タッチ機能を有効にする [手順]
pgraphics\canvas\canvas.htm#更新開始する,キャンバス:更新開始する [手順],キャンバス 更新開始する [手順]
pgraphics\canvas\canvas.htm#更新終了する,キャンバス:更新終了する [手順],キャンバス 更新終了する [手順]
pgraphics\canvas\canvas.htm#アンチエイリアス,キャンバス:アンチエイリアス [設定項目],キャンバス アンチエイリアス [設定項目]
pgraphics\canvas\canvas.htm#角度,キャンバス:角度 [設定項目],キャンバス 角度 [設定項目]
pgraphics\canvas\canvas.htm#タグ,キャンバス:タグ [設定項目],キャンバス タグ [設定項目]
pgraphics\canvas\canvas.htm#プレスアンドホールド,キャンバス:プレスアンドホールド [設定項目],キャンバス プレスアンドホールド [設定項目]
pgraphics\canvas\canvas.htm#倍率,キャンバス:倍率 [設定項目],キャンバス 倍率 [設定項目]
pgraphics\canvas\canvas.htm#スクロールバー表示,キャンバス:スクロールバー表示 [設定項目],キャンバス スクロールバー表示 [設定項目]
pgraphics\canvas\canvas.htm#余白,キャンバス:余白 [設定項目],キャンバス 余白 [設定項目]
pgraphics\canvas\canvas.htm#図形一覧,キャンバス:図形一覧 [設定項目],キャンバス 図形一覧 [設定項目]
pgraphics\canvas\canvas.htm#図形画像,キャンバス:図形画像 [設定項目],キャンバス 図形画像 [設定項目]
pgraphics\canvas\canvas.htm#内部大きさ,キャンバス:内部大きさ [設定項目],キャンバス 内部大きさ [設定項目]
pgraphics\canvas\canvas.htm#自動更新,キャンバス:自動更新 [設定項目],キャンバス 自動更新 [設定項目]
pgraphics\canvas\canvas.htm#ページ,キャンバス:ページ [設定項目],キャンバス ページ [設定項目]
pgraphics\canvas\canvas.htm#総ページ数,キャンバス:総ページ数 [設定項目],キャンバス 総ページ数 [設定項目]
pgraphics\canvas\canvas.htm#紙大きさ,キャンバス:紙大きさ [設定項目],キャンバス 紙大きさ [設定項目]
pgraphics\canvas\canvas.htm#紙幅,キャンバス:紙幅 [設定項目],キャンバス 紙幅 [設定項目]
pgraphics\canvas\canvas.htm#紙高さ,キャンバス:紙高さ [設定項目],キャンバス 紙高さ [設定項目]
pgraphics\canvas\canvas.htm#指が触れた,キャンバス:指が触れた [イベント],キャンバス 指が触れた [イベント]
pgraphics\canvas\canvas.htm#指が動いた,キャンバス:指が動いた [イベント],キャンバス 指が動いた [イベント]
pgraphics\canvas\canvas.htm#指が離れた,キャンバス:指が離れた [イベント],キャンバス 指が離れた [イベント]
pgraphics\canvas\canvas.htm#伸縮操作した,キャンバス:伸縮操作した [イベント],キャンバス 伸縮操作した [イベント]
pgraphics\canvas\canvas.htm#移動操作した,キャンバス:移動操作した [イベント],キャンバス 移動操作した [イベント]
pgraphics\canvas\canvas.htm#回転操作した,キャンバス:回転操作した [イベント],キャンバス 回転操作した [イベント]
pgraphics\canvas\canvas.htm#二本指タップした,キャンバス:二本指タップした [イベント],キャンバス 二本指タップした [イベント]
pgraphics\canvas\canvas.htm#プレスアンドタップした,キャンバス:プレスアンドタップした [イベント],キャンバス プレスアンドタップした [イベント]
pgraphics\canvas\canvas.htm#スクロールされた,キャンバス:スクロールされた [イベント],キャンバス スクロールされた [イベント]
pgraphics\canvas\canvas.htm#横スクロールされた,キャンバス:横スクロールされた [イベント],キャンバス 横スクロールされた [イベント]
pgraphics\canvas\canvas.htm#縦スクロールされた,キャンバス:縦スクロールされた [イベント],キャンバス 縦スクロールされた [イベント]
pgraphics\canvas\canvas.htm#sample1,逆引き「図形や文字を描く」,図形や文字を描く
pgraphics\canvas\canvas.htm#sample2,逆引き「図形や文字を印刷する」,図形や文字を印刷する
pgraphics\canvas\canvasarc.htm,円弧図形, 円弧図形 種類 図形
pgraphics\canvas\canvasarc.htm#開始角度,円弧図形:開始角度 [設定項目],円弧図形 開始角度 [設定項目]
pgraphics\canvas\canvasarc.htm#扇角度,円弧図形:扇角度 [設定項目],円弧図形 扇角度 [設定項目]
pgraphics\canvas\canvasarc.htm#sample1,逆引き「円弧を描く」,円弧を描く
pgraphics\canvas\canvascircle.htm,円図形, 円図形 種類 図形
pgraphics\canvas\canvascircle.htm#sample1,逆引き「円を描く」,円を描く
pgraphics\canvas\canvascurve.htm,曲線図形, 曲線図形 種類 図形
pgraphics\canvas\canvascurve.htm#sample1,逆引き「曲線を描く」,曲線を描く
pgraphics\canvas\canvasimage.htm,画像図形, 画像図形 種類 図形
pgraphics\canvas\canvasimage.htm#保存する,画像図形:保存する [手順],画像図形 保存する [手順]
pgraphics\canvas\canvasimage.htm#画像,画像図形:画像 [設定項目],画像図形 画像 [設定項目]
pgraphics\canvas\canvasimage.htm#伸縮,画像図形:伸縮 [設定項目],画像図形 伸縮 [設定項目]
pgraphics\canvas\canvasimage.htm#自動調整,画像図形:自動調整 [設定項目],画像図形 自動調整 [設定項目]
pgraphics\canvas\canvasimage.htm#切り取り領域,画像図形:切り取り領域 [設定項目],画像図形 切り取り領域 [設定項目]
pgraphics\canvas\canvasimage.htm#sample1,逆引き「画像ファイルの画像を描く」,画像ファイルの画像を描く
pgraphics\canvas\canvasitembase.htm,キャンバス図形, キャンバス図形 種類 図形
pgraphics\canvas\canvasitembase.htm#最前面に移動する,キャンバス図形:最前面に移動する [手順],キャンバス図形 最前面に移動する [手順]
pgraphics\canvas\canvasitembase.htm#最背面に移動する,キャンバス図形:最背面に移動する [手順],キャンバス図形 最背面に移動する [手順]
pgraphics\canvas\canvasitembase.htm#表示する,キャンバス図形:表示する [手順],キャンバス図形 表示する [手順]
pgraphics\canvas\canvasitembase.htm#消す,キャンバス図形:消す [手順],キャンバス図形 消す [手順]
pgraphics\canvas\canvasitembase.htm#隠す,キャンバス図形:隠す [手順],キャンバス図形 隠す [手順]
pgraphics\canvas\canvasitembase.htm#複製する,キャンバス図形:複製する [手順],キャンバス図形 複製する [手順]
pgraphics\canvas\canvasitembase.htm#位置,キャンバス図形:位置 [設定項目],キャンバス図形 位置 [設定項目]
pgraphics\canvas\canvasitembase.htm#位置と大きさ,キャンバス図形:位置と大きさ [設定項目],キャンバス図形 位置と大きさ [設定項目]
pgraphics\canvas\canvasitembase.htm#横,キャンバス図形:横 [設定項目],キャンバス図形 横 [設定項目]
pgraphics\canvas\canvasitembase.htm#高さ,キャンバス図形:高さ [設定項目],キャンバス図形 高さ [設定項目]
pgraphics\canvas\canvasitembase.htm#縦,キャンバス図形:縦 [設定項目],キャンバス図形 縦 [設定項目]
pgraphics\canvas\canvasitembase.htm#親,キャンバス図形:親 [設定項目],キャンバス図形 親 [設定項目]
pgraphics\canvas\canvasitembase.htm#線色,キャンバス図形:線色 [設定項目],キャンバス図形 線色 [設定項目]
pgraphics\canvas\canvasitembase.htm#太さ,キャンバス図形:太さ [設定項目],キャンバス図形 太さ [設定項目]
pgraphics\canvas\canvasitembase.htm#大きさ,キャンバス図形:大きさ [設定項目],キャンバス図形 大きさ [設定項目]
pgraphics\canvas\canvasitembase.htm#背景色,キャンバス図形:背景色 [設定項目],キャンバス図形 背景色 [設定項目]
pgraphics\canvas\canvasitembase.htm#幅,キャンバス図形:幅 [設定項目],キャンバス図形 幅 [設定項目]
pgraphics\canvas\canvasitembase.htm#表示,キャンバス図形:表示 [設定項目],キャンバス図形 表示 [設定項目]
pgraphics\canvas\canvasitembase.htm#倍率,キャンバス図形:倍率 [設定項目],キャンバス図形 倍率 [設定項目]
pgraphics\canvas\canvasitembase.htm#筆,キャンバス図形:筆 [設定項目],キャンバス図形 筆 [設定項目]
pgraphics\canvas\canvasitembase.htm#刷毛,キャンバス図形:刷毛 [設定項目],キャンバス図形 刷毛 [設定項目]
pgraphics\canvas\canvasitembase.htm#ページ,キャンバス図形:ページ [設定項目],キャンバス図形 ページ [設定項目]
pgraphics\canvas\canvasitembase.htm#クリックされた,キャンバス図形:クリックされた [イベント],キャンバス図形 クリックされた [イベント]
pgraphics\canvas\canvasitembase.htm#右クリックされた,キャンバス図形:右クリックされた [イベント],キャンバス図形 右クリックされた [イベント]
pgraphics\canvas\canvasitembase.htm#中央クリックされた,キャンバス図形:中央クリックされた [イベント],キャンバス図形 中央クリックされた [イベント]
pgraphics\canvas\canvasitembase.htm#マウスカーソルが移動した,キャンバス図形:マウスカーソルが移動した [イベント],キャンバス図形 マウスカーソルが移動した [イベント]
pgraphics\canvas\canvasitembase.htm#マウスのボタンが押された,キャンバス図形:マウスのボタンが押された [イベント],キャンバス図形 マウスのボタンが押された [イベント]
pgraphics\canvas\canvasitembase.htm#マウスのボタンが離された,キャンバス図形:マウスのボタンが離された [イベント],キャンバス図形 マウスのボタンが離された [イベント]
pgraphics\canvas\canvasline.htm,線図形, 線図形 種類 図形
pgraphics\canvas\canvasline.htm#始点,線図形:始点 [設定項目],線図形 始点 [設定項目]
pgraphics\canvas\canvasline.htm#終点,線図形:終点 [設定項目],線図形 終点 [設定項目]
pgraphics\canvas\canvasline.htm#sample1,逆引き「直線を描く」,直線を描く
pgraphics\canvas\canvasline.htm#sample2,逆引き「マウスで直線を描く」,マウスで直線を描く
pgraphics\canvas\canvaslines.htm,連続線図形, 連続線図形 種類 図形
pgraphics\canvas\canvaslines.htm#sample1,逆引き「連続線を描く」,連続線を描く
pgraphics\canvas\canvaspie.htm,扇形図形, 扇形図形 種類 図形
pgraphics\canvas\canvaspie.htm#開始角度,扇形図形:開始角度 [設定項目],扇形図形 開始角度 [設定項目]
pgraphics\canvas\canvaspie.htm#扇角度,扇形図形:扇角度 [設定項目],扇形図形 扇角度 [設定項目]
pgraphics\canvas\canvaspie.htm#sample1,逆引き「扇を描く」,扇を描く
pgraphics\canvas\canvaspoints.htm,多点図形, 多点図形 種類 図形
pgraphics\canvas\canvaspoints.htm#加える,多点図形:加える [手順],多点図形 加える [手順]
pgraphics\canvas\canvaspoints.htm#クリアする,多点図形:クリアする [手順],多点図形 クリアする [手順]
pgraphics\canvas\canvaspoints.htm#反転する,多点図形:反転する [手順],多点図形 反転する [手順]
pgraphics\canvas\canvaspoints.htm#点,多点図形:点 [設定項目],多点図形 点 [設定項目]
pgraphics\canvas\canvaspoints.htm#sample1,逆引き「多角形を描く」,多角形を描く
pgraphics\canvas\canvaspolygon.htm,多角形図形, 多角形図形 種類 図形
pgraphics\canvas\canvaspolygon.htm#sample1,逆引き「多角形を描く」,多角形を描く
pgraphics\canvas\canvasrectangle.htm,四角形図形, 四角形図形 種類 図形
pgraphics\canvas\canvasrectangle.htm#sample1,逆引き「四角形を描く」,四角形を描く
pgraphics\canvas\canvasrounded.htm,角丸矩形, 角丸矩形 種類 図形
pgraphics\canvas\canvasrounded.htm#丸み,角丸矩形:丸み [設定項目],角丸矩形 丸み [設定項目]
pgraphics\canvas\canvasrounded.htm#内容,角丸矩形:内容 [設定項目],角丸矩形 内容 [設定項目]
pgraphics\canvas\canvasrounded.htm#sample1,逆引き「角丸矩形を描く」,角丸矩形を描く
pgraphics\canvas\canvastext.htm,キャンバス文字, キャンバス文字 種類 図形
pgraphics\canvas\canvastext.htm#内容,キャンバス文字:内容 [設定項目],キャンバス文字 内容 [設定項目]
pgraphics\canvas\canvastext.htm#書体,キャンバス文字:書体 [設定項目],キャンバス文字 書体 [設定項目]
pgraphics\canvas\canvastext.htm#文字サイズ,キャンバス文字:文字サイズ [設定項目],キャンバス文字 文字サイズ [設定項目]
pgraphics\canvas\canvastext.htm#フォント,キャンバス文字:フォント [設定項目],キャンバス文字 フォント [設定項目]
pgraphics\canvas\canvastext.htm#文字配置,キャンバス文字:文字配置 [設定項目],キャンバス文字 文字配置 [設定項目]
pgraphics\canvas\canvastext.htm#垂直文字配置,キャンバス文字:垂直文字配置 [設定項目],キャンバス文字 垂直文字配置 [設定項目]
pgraphics\canvas\canvastext.htm#大きさ調整,キャンバス文字:大きさ調整 [設定項目],キャンバス文字 大きさ調整 [設定項目]
pgraphics\canvas\canvastext.htm#文字色,キャンバス文字:文字色 [設定項目],キャンバス文字 文字色 [設定項目]
pgraphics\canvas\canvastext.htm#sample1,逆引き「文字を書く」,文字を書く
pgraphics\canvas\index.htm,キャンバス描画, キャンバス描画
pgraphics\canvas\subcanvas.htm,子キャンバス, 子キャンバス 種類 図形
pgraphics\canvas\subcanvas.htm#円を描く,子キャンバス:円を描く [手順],子キャンバス 円を描く [手順]
pgraphics\canvas\subcanvas.htm#更新する,子キャンバス:更新する [手順],子キャンバス 更新する [手順]
pgraphics\canvas\subcanvas.htm#作る,子キャンバス:作る [手順],子キャンバス 作る [手順]
pgraphics\canvas\subcanvas.htm#四角形を描く,子キャンバス:四角形を描く [手順],子キャンバス 四角形を描く [手順]
pgraphics\canvas\subcanvas.htm#角丸矩形を描く,子キャンバス:角丸矩形を描く [手順],子キャンバス 角丸矩形を描く [手順]
pgraphics\canvas\subcanvas.htm#子キャンバスを作る,子キャンバス:子キャンバスを作る [手順],子キャンバス 子キャンバスを作る [手順]
pgraphics\canvas\subcanvas.htm#消す,子キャンバス:消す [手順],子キャンバス 消す [手順]
pgraphics\canvas\subcanvas.htm#線を描く,子キャンバス:線を描く [手順],子キャンバス 線を描く [手順]
pgraphics\canvas\subcanvas.htm#曲線を描く,子キャンバス:曲線を描く [手順],子キャンバス 曲線を描く [手順]
pgraphics\canvas\subcanvas.htm#連続線を描く,子キャンバス:連続線を描く [手順],子キャンバス 連続線を描く [手順]
pgraphics\canvas\subcanvas.htm#文字を書く,子キャンバス:文字を書く [手順],子キャンバス 文字を書く [手順]
pgraphics\canvas\subcanvas.htm#画像を描く,子キャンバス:画像を描く [手順],子キャンバス 画像を描く [手順]
pgraphics\canvas\subcanvas.htm#多角形を描く,子キャンバス:多角形を描く [手順],子キャンバス 多角形を描く [手順]
pgraphics\canvas\subcanvas.htm#印刷する,子キャンバス:印刷する [手順],子キャンバス 印刷する [手順]
pgraphics\canvas\subcanvas.htm#確認して印刷する,子キャンバス:確認して印刷する [手順],子キャンバス 確認して印刷する [手順]
pgraphics\canvas\subcanvas.htm#保存する,子キャンバス:保存する [手順],子キャンバス 保存する [手順]
pgraphics\canvas\subcanvas.htm#場所,子キャンバス:場所 [設定項目],子キャンバス 場所 [設定項目]
pgraphics\canvas\subcanvas.htm#色,子キャンバス:色 [設定項目],子キャンバス 色 [設定項目]
pgraphics\canvas\subcanvas.htm#下部色,子キャンバス:下部色 [設定項目],子キャンバス 下部色 [設定項目]
pgraphics\canvas\subcanvas.htm#太さ,子キャンバス:太さ [設定項目],子キャンバス 太さ [設定項目]
pgraphics\canvas\subcanvas.htm#位置,子キャンバス:位置 [設定項目],子キャンバス 位置 [設定項目]
pgraphics\canvas\subcanvas.htm#大きさ,子キャンバス:大きさ [設定項目],子キャンバス 大きさ [設定項目]
pgraphics\canvas\subcanvas.htm#向き,子キャンバス:向き [設定項目],子キャンバス 向き [設定項目]
pgraphics\canvas\subcanvas.htm#速さ,子キャンバス:速さ [設定項目],子キャンバス 速さ [設定項目]
pgraphics\canvas\subcanvas.htm#形,子キャンバス:形 [設定項目],子キャンバス 形 [設定項目]
pgraphics\canvas\subcanvas.htm#背景色,子キャンバス:背景色 [設定項目],子キャンバス 背景色 [設定項目]
pgraphics\canvas\subcanvas.htm#模様,子キャンバス:模様 [設定項目],子キャンバス 模様 [設定項目]
pgraphics\canvas\subcanvas.htm#はみ出し描画,子キャンバス:はみ出し描画 [設定項目],子キャンバス はみ出し描画 [設定項目]
pgraphics\canvas\subcanvas.htm#sample1,逆引き「ドラッグできる図形を描く」,ドラッグできる図形を描く
pgraphics\effect\basicfilter.htm,基本フィルタ, 基本フィルタ 種類 フィルタ
pgraphics\effect\basicfilter.htm#明るさ,基本フィルタ:明るさ [設定項目],基本フィルタ 明るさ [設定項目]
pgraphics\effect\basicfilter.htm#コントラスト,基本フィルタ:コントラスト [設定項目],基本フィルタ コントラスト [設定項目]
pgraphics\effect\basicfilter.htm#ガンマ値,基本フィルタ:ガンマ値 [設定項目],基本フィルタ ガンマ値 [設定項目]
pgraphics\effect\basicfilter.htm#sample1,逆引き「画像の明るさ・コントラスト・ガンマ値を調整する」,画像の明るさ・コントラスト・ガンマ値を調整する
pgraphics\effect\embossfilter.htm,エンボスフィルタ, エンボスフィルタ 種類 フィルタ
pgraphics\effect\embossfilter.htm#sample1,逆引き「画像にエンボスフィルタを適用する」,画像にエンボスフィルタを適用する
pgraphics\effect\grayscalefilter.htm,グレイスケールフィルタ, グレイスケールフィルタ 種類 フィルタ
pgraphics\effect\grayscalefilter.htm#sample1,逆引き「画像にグレイスケール化する」,画像にグレイスケール化する
pgraphics\effect\hlsfilter.htm,HLSフィルタ, HLSフィルタ 種類 フィルタ
pgraphics\effect\hlsfilter.htm#色相,HLSフィルタ:色相 [設定項目],HLSフィルタ 色相 [設定項目]
pgraphics\effect\hlsfilter.htm#彩度,HLSフィルタ:彩度 [設定項目],HLSフィルタ 彩度 [設定項目]
pgraphics\effect\hlsfilter.htm#輝度,HLSフィルタ:輝度 [設定項目],HLSフィルタ 輝度 [設定項目]
pgraphics\effect\hlsfilter.htm#sample1,逆引き「画像の色相・彩度・輝度を調整する」,画像の色相・彩度・輝度を調整する
pgraphics\effect\imagefilter.htm,画像フィルタ, 画像フィルタ 種類 フィルタ
pgraphics\effect\imagefilter.htm#適用する,画像フィルタ:適用する [手順],画像フィルタ 適用する [手順]
pgraphics\effect\imagefilter.htm#sample1,逆引き「基本フィルタを使って画像の明るさを調整する」,基本フィルタを使って画像の明るさを調整する
pgraphics\effect\mosaicfilter.htm,モザイクフィルタ, モザイクフィルタ 種類 フィルタ
pgraphics\effect\mosaicfilter.htm#強さ,モザイクフィルタ:強さ [設定項目],モザイクフィルタ 強さ [設定項目]
pgraphics\effect\mosaicfilter.htm#sample1,逆引き「画像をモザイク化する」,画像をモザイク化する
pgraphics\effect\negaposifilter.htm,ネガポジフィルタ, ネガポジフィルタ 種類 フィルタ
pgraphics\effect\negaposifilter.htm#sample1,逆引き「画像をネガポジ化する」,画像をネガポジ化する
pgraphics\effect\rgbfilter.htm,RGBフィルタ, RGBフィルタ 種類 フィルタ
pgraphics\effect\rgbfilter.htm#赤,RGBフィルタ:赤 [設定項目],RGBフィルタ 赤 [設定項目]
pgraphics\effect\rgbfilter.htm#青,RGBフィルタ:青 [設定項目],RGBフィルタ 青 [設定項目]
pgraphics\effect\rgbfilter.htm#緑,RGBフィルタ:緑 [設定項目],RGBフィルタ 緑 [設定項目]
pgraphics\effect\rgbfilter.htm#sample1,逆引き「画像の色味を調整する」,画像の色味を調整する
pgraphics\effect\sepiafilter.htm,セピアフィルタ, セピアフィルタ 種類 フィルタ
pgraphics\effect\sepiafilter.htm#sample1,逆引き「画像をセピア調にする」,画像をセピア調にする
pgraphics\effect\shadingfilter.htm,ぼかしフィルタ, ぼかしフィルタ 種類 フィルタ
pgraphics\effect\shadingfilter.htm#強さ,ぼかしフィルタ:強さ [設定項目],ぼかしフィルタ 強さ [設定項目]
pgraphics\effect\shadingfilter.htm#sample1,逆引き「画像をぼかす」,画像をぼかす
pgraphics\effect\sharpnessfilter.htm,鮮明化フィルタ, 鮮明化フィルタ 種類 フィルタ
pgraphics\effect\sharpnessfilter.htm#sample1,逆引き「画像を鮮明化する(シャープネス)」,画像を鮮明化する(シャープネス)
pgraphics\effect\solarizationfilter.htm,ソラリゼーションフィルタ, ソラリゼーションフィルタ 種類 フィルタ
pgraphics\effect\solarizationfilter.htm#sample1,逆引き「画像にソラリゼーション効果を適用する」,画像にソラリゼーション効果を適用する
plugins\index.htm,プラグイン, プラグイン
plugins\chart\chart.htm,チャート, チャート 種類
plugins\chart\chart.htm#加える,チャート:加える [手順],チャート 加える [手順]
plugins\chart\chart.htm#円グラフを作る,チャート:円グラフを作る [手順],チャート 円グラフを作る [手順]
plugins\chart\chart.htm#ドーナツグラフを作る,チャート:ドーナツグラフを作る [手順],チャート ドーナツグラフを作る [手順]
plugins\chart\chart.htm#散布図を作る,チャート:散布図を作る [手順],チャート 散布図を作る [手順]
plugins\chart\chart.htm#ローソク足を作る,チャート:ローソク足を作る [手順],チャート ローソク足を作る [手順]
plugins\chart\chart.htm#凡例を作る,チャート:凡例を作る [手順],チャート 凡例を作る [手順]
plugins\chart\chartarea.htm,チャートエリア, チャートエリア 種類
plugins\chart\datapoint.htm,データポイント, データポイント 種類
plugins\chart\index.htm,チャートライブラリ, チャートライブラリ チャート
plugins\chart\legend.htm,チャート凡例, チャート凡例 種類
plugins\chart\series.htm,シリーズ, シリーズ 種類
plugins\chart\title.htm,タイトル, タイトル 種類
plugins\crypto\aescrypto.htm,AES暗号, AES暗号 種類
plugins\crypto\aescrypto.htm#sample1,逆引き「AES暗号で暗号化する」,AES暗号で暗号化する
plugins\crypto\calchash.htm,ハッシュ値計算, ハッシュ値計算 種類
plugins\crypto\calchash.htm#計算する,ハッシュ値計算:計算する [手順],ハッシュ値計算 計算する [手順]
plugins\crypto\calchash.htm#ファイルから計算する,ハッシュ値計算:ファイルから計算する [手順],ハッシュ値計算 ファイルから計算する [手順]
plugins\crypto\descrypto.htm,DES暗号, DES暗号 種類
plugins\crypto\descrypto.htm#sample1,逆引き「DES暗号で暗号化する」,DES暗号で暗号化する
plugins\crypto\hash_crc32.htm,CRC32ハッシュ値, CRC32ハッシュ値 種類 ハッシュアルゴリズム
plugins\crypto\hash_crc32.htm#計算する,CRC32ハッシュ値:計算する [手順],CRC32ハッシュ値 計算する [手順]
plugins\crypto\hash_crc32.htm#ファイルから計算する,CRC32ハッシュ値:ファイルから計算する [手順],CRC32ハッシュ値 ファイルから計算する [手順]
plugins\crypto\hash_crc32.htm#sample1,逆引き「Shift-JISでCRC32ハッシュ値を計算する」,Shift-JISでCRC32ハッシュ値を計算する
plugins\crypto\hash_crc32.htm#sample2,逆引き「UTF-8でCRC32ハッシュ値を計算する」,UTF-8でCRC32ハッシュ値を計算する
plugins\crypto\hash_crc32.htm#sample3,逆引き「バイナリ配列からCRC32ハッシュ値を計算する」,バイナリ配列からCRC32ハッシュ値を計算する
plugins\crypto\hash_crc32.htm#sample4,逆引き「ファイルのCRC32ハッシュ値を計算する」,ファイルのCRC32ハッシュ値を計算する
plugins\crypto\hash_hmac_md5.htm,HMACMD5ハッシュ値, HMACMD5ハッシュ値 種類 ハッシュアルゴリズム
plugins\crypto\hash_hmac_md5.htm#計算する,HMACMD5ハッシュ値:計算する [手順],HMACMD5ハッシュ値 計算する [手順]
plugins\crypto\hash_hmac_md5.htm#ファイルから計算する,HMACMD5ハッシュ値:ファイルから計算する [手順],HMACMD5ハッシュ値 ファイルから計算する [手順]
plugins\crypto\hash_hmac_md5.htm#sample1,逆引き「Shift-JISでハッシュ値を計算する」,Shift-JISでハッシュ値を計算する
plugins\crypto\hash_hmac_md5.htm#sample2,逆引き「UTF-8でハッシュ値を計算する」,UTF-8でハッシュ値を計算する
plugins\crypto\hash_hmac_md5.htm#sample3,逆引き「バイナリ配列からハッシュ値を計算する」,バイナリ配列からハッシュ値を計算する
plugins\crypto\hash_hmac_md5.htm#sample4,逆引き「ファイルのハッシュ値を計算する」,ファイルのハッシュ値を計算する
plugins\crypto\hash_hmac_ripemd160.htm,HMACRIPEMD160ハッシュ値, HMACRIPEMD160ハッシュ値 種類 ハッシュアルゴリズム
plugins\crypto\hash_hmac_ripemd160.htm#計算する,HMACRIPEMD160ハッシュ値:計算する [手順],HMACRIPEMD160ハッシュ値 計算する [手順]
plugins\crypto\hash_hmac_ripemd160.htm#ファイルから計算する,HMACRIPEMD160ハッシュ値:ファイルから計算する [手順],HMACRIPEMD160ハッシュ値 ファイルから計算する [手順]
plugins\crypto\hash_hmac_ripemd160.htm#sample1,逆引き「Shift-JISでRIPEMD-160 HMACハッシュ値を計算する」,Shift-JISでRIPEMD-160 HMACハッシュ値を計算する
plugins\crypto\hash_hmac_ripemd160.htm#sample2,逆引き「UTF-8でRIPEMD-160 HMACハッシュ値を計算する」,UTF-8でRIPEMD-160 HMACハッシュ値を計算する
plugins\crypto\hash_hmac_ripemd160.htm#sample3,逆引き「バイナリ配列からRIPEMD-160 HMACハッシュ値を計算する」,バイナリ配列からRIPEMD-160 HMACハッシュ値を計算する
plugins\crypto\hash_hmac_ripemd160.htm#sample4,逆引き「ファイルのRIPEMD-160 HMACハッシュ値を計算する」,ファイルのRIPEMD-160 HMACハッシュ値を計算する
plugins\crypto\hash_hmac_sha1.htm,HMACSHA1ハッシュ値, HMACSHA1ハッシュ値 種類 ハッシュアルゴリズム
plugins\crypto\hash_hmac_sha1.htm#計算する,HMACSHA1ハッシュ値:計算する [手順],HMACSHA1ハッシュ値 計算する [手順]
plugins\crypto\hash_hmac_sha1.htm#ファイルから計算する,HMACSHA1ハッシュ値:ファイルから計算する [手順],HMACSHA1ハッシュ値 ファイルから計算する [手順]
plugins\crypto\hash_hmac_sha1.htm#sample1,逆引き「Shift-JISでSHA-1 HMACハッシュ値を計算する」,Shift-JISでSHA-1 HMACハッシュ値を計算する
plugins\crypto\hash_hmac_sha1.htm#sample2,逆引き「UTF-8でSHA-1 HMACハッシュ値を計算する」,UTF-8でSHA-1 HMACハッシュ値を計算する
plugins\crypto\hash_hmac_sha1.htm#sample3,逆引き「バイナリ配列からSHA-1 HMACハッシュ値を計算する」,バイナリ配列からSHA-1 HMACハッシュ値を計算する
plugins\crypto\hash_hmac_sha1.htm#sample4,逆引き「ファイルのSHA-1 HMACハッシュ値を計算する」,ファイルのSHA-1 HMACハッシュ値を計算する
plugins\crypto\hash_hmac_sha256.htm,HMACSHA256ハッシュ値, HMACSHA256ハッシュ値 種類 ハッシュアルゴリズム
plugins\crypto\hash_hmac_sha256.htm#計算する,HMACSHA256ハッシュ値:計算する [手順],HMACSHA256ハッシュ値 計算する [手順]
plugins\crypto\hash_hmac_sha256.htm#ファイルから計算する,HMACSHA256ハッシュ値:ファイルから計算する [手順],HMACSHA256ハッシュ値 ファイルから計算する [手順]
plugins\crypto\hash_hmac_sha256.htm#sample1,逆引き「Shift-JISでSHA-256 HMACハッシュ値を計算する」,Shift-JISでSHA-256 HMACハッシュ値を計算する
plugins\crypto\hash_hmac_sha256.htm#sample2,逆引き「UTF-8でSHA-256 HMACハッシュ値を計算する」,UTF-8でSHA-256 HMACハッシュ値を計算する
plugins\crypto\hash_hmac_sha256.htm#sample3,逆引き「バイナリ配列からSHA-256 HMACハッシュ値を計算する」,バイナリ配列からSHA-256 HMACハッシュ値を計算する
plugins\crypto\hash_hmac_sha256.htm#sample4,逆引き「ファイルのSHA-256 HMACハッシュ値を計算する」,ファイルのSHA-256 HMACハッシュ値を計算する
plugins\crypto\hash_hmac_sha384.htm,HMACSHA384ハッシュ値, HMACSHA384ハッシュ値 種類 ハッシュアルゴリズム
plugins\crypto\hash_hmac_sha384.htm#計算する,HMACSHA384ハッシュ値:計算する [手順],HMACSHA384ハッシュ値 計算する [手順]
plugins\crypto\hash_hmac_sha384.htm#ファイルから計算する,HMACSHA384ハッシュ値:ファイルから計算する [手順],HMACSHA384ハッシュ値 ファイルから計算する [手順]
plugins\crypto\hash_hmac_sha384.htm#sample1,逆引き「Shift-JISでSHA-384 HMACハッシュ値を計算する」,Shift-JISでSHA-384 HMACハッシュ値を計算する
plugins\crypto\hash_hmac_sha384.htm#sample2,逆引き「UTF-8でSHA-384 HMACハッシュ値を計算する」,UTF-8でSHA-384 HMACハッシュ値を計算する
plugins\crypto\hash_hmac_sha384.htm#sample3,逆引き「バイナリ配列からSHA-384 HMACハッシュ値を計算する」,バイナリ配列からSHA-384 HMACハッシュ値を計算する
plugins\crypto\hash_hmac_sha384.htm#sample4,逆引き「ファイルのSHA-384 HMACハッシュ値を計算する」,ファイルのSHA-384 HMACハッシュ値を計算する
plugins\crypto\hash_hmac_sha512.htm,HMACSHA512ハッシュ値, HMACSHA512ハッシュ値 種類 ハッシュアルゴリズム
plugins\crypto\hash_hmac_sha512.htm#計算する,HMACSHA512ハッシュ値:計算する [手順],HMACSHA512ハッシュ値 計算する [手順]
plugins\crypto\hash_hmac_sha512.htm#ファイルから計算する,HMACSHA512ハッシュ値:ファイルから計算する [手順],HMACSHA512ハッシュ値 ファイルから計算する [手順]
plugins\crypto\hash_hmac_sha512.htm#sample1,逆引き「Shift-JISでSHA-512 HMACハッシュ値を計算する」,Shift-JISでSHA-512 HMACハッシュ値を計算する
plugins\crypto\hash_hmac_sha512.htm#sample2,逆引き「UTF-8でSHA-512 HMACハッシュ値を計算する」,UTF-8でSHA-512 HMACハッシュ値を計算する
plugins\crypto\hash_hmac_sha512.htm#sample3,逆引き「バイナリ配列からSHA-512 HMACハッシュ値を計算する」,バイナリ配列からSHA-512 HMACハッシュ値を計算する
plugins\crypto\hash_hmac_sha512.htm#sample4,逆引き「ファイルのSHA-512 HMACハッシュ値を計算する」,ファイルのSHA-512 HMACハッシュ値を計算する
plugins\crypto\hash_md5.htm,MD5ハッシュ値, MD5ハッシュ値 種類 ハッシュアルゴリズム
plugins\crypto\hash_md5.htm#計算する,MD5ハッシュ値:計算する [手順],MD5ハッシュ値 計算する [手順]
plugins\crypto\hash_md5.htm#ファイルから計算する,MD5ハッシュ値:ファイルから計算する [手順],MD5ハッシュ値 ファイルから計算する [手順]
plugins\crypto\hash_md5.htm#sample1,逆引き「Shift-JISでMD5ハッシュ値を計算する」,Shift-JISでMD5ハッシュ値を計算する
plugins\crypto\hash_md5.htm#sample2,逆引き「UTF-8でMD5ハッシュ値を計算する」,UTF-8でMD5ハッシュ値を計算する
plugins\crypto\hash_md5.htm#sample3,逆引き「バイナリ配列からMD5ハッシュ値を計算する」,バイナリ配列からMD5ハッシュ値を計算する
plugins\crypto\hash_md5.htm#sample4,逆引き「ファイルのMD5ハッシュ値を計算する」,ファイルのMD5ハッシュ値を計算する
plugins\crypto\hash_ripemd160.htm,RIPEMD160ハッシュ値, RIPEMD160ハッシュ値 種類 ハッシュアルゴリズム
plugins\crypto\hash_ripemd160.htm#計算する,RIPEMD160ハッシュ値:計算する [手順],RIPEMD160ハッシュ値 計算する [手順]
plugins\crypto\hash_ripemd160.htm#ファイルから計算する,RIPEMD160ハッシュ値:ファイルから計算する [手順],RIPEMD160ハッシュ値 ファイルから計算する [手順]
plugins\crypto\hash_ripemd160.htm#sample1,逆引き「Shift-JISでRIPEMD-160ハッシュ値を計算する」,Shift-JISでRIPEMD-160ハッシュ値を計算する
plugins\crypto\hash_ripemd160.htm#sample2,逆引き「UTF-8でRIPEMD-160ハッシュ値を計算する」,UTF-8でRIPEMD-160ハッシュ値を計算する
plugins\crypto\hash_ripemd160.htm#sample3,逆引き「バイナリ配列からRIPEMD-160ハッシュ値を計算する」,バイナリ配列からRIPEMD-160ハッシュ値を計算する
plugins\crypto\hash_ripemd160.htm#sample4,逆引き「ファイルのRIPEMD-160ハッシュ値を計算する」,ファイルのRIPEMD-160ハッシュ値を計算する
plugins\crypto\hash_sha1.htm,SHA1ハッシュ値, SHA1ハッシュ値 種類 ハッシュアルゴリズム
plugins\crypto\hash_sha1.htm#計算する,SHA1ハッシュ値:計算する [手順],SHA1ハッシュ値 計算する [手順]
plugins\crypto\hash_sha1.htm#ファイルから計算する,SHA1ハッシュ値:ファイルから計算する [手順],SHA1ハッシュ値 ファイルから計算する [手順]
plugins\crypto\hash_sha1.htm#sample1,逆引き「Shift-JISでSHA-1ハッシュ値を計算する」,Shift-JISでSHA-1ハッシュ値を計算する
plugins\crypto\hash_sha1.htm#sample2,逆引き「UTF-8でSHA-1ハッシュ値を計算する」,UTF-8でSHA-1ハッシュ値を計算する
plugins\crypto\hash_sha1.htm#sample3,逆引き「バイナリ配列からSHA-1ハッシュ値を計算する」,バイナリ配列からSHA-1ハッシュ値を計算する
plugins\crypto\hash_sha1.htm#sample4,逆引き「ファイルのSHA-1ハッシュ値を計算する」,ファイルのSHA-1ハッシュ値を計算する
plugins\crypto\hash_sha256.htm,SHA256ハッシュ値, SHA256ハッシュ値 種類 ハッシュアルゴリズム
plugins\crypto\hash_sha256.htm#計算する,SHA256ハッシュ値:計算する [手順],SHA256ハッシュ値 計算する [手順]
plugins\crypto\hash_sha256.htm#ファイルから計算する,SHA256ハッシュ値:ファイルから計算する [手順],SHA256ハッシュ値 ファイルから計算する [手順]
plugins\crypto\hash_sha256.htm#sample1,逆引き「Shift-JISでSHA-256ハッシュ値を計算する」,Shift-JISでSHA-256ハッシュ値を計算する
plugins\crypto\hash_sha256.htm#sample2,逆引き「UTF-8でSHA-256ハッシュ値を計算する」,UTF-8でSHA-256ハッシュ値を計算する
plugins\crypto\hash_sha256.htm#sample3,逆引き「バイナリ配列からSHA-256ハッシュ値を計算する」,バイナリ配列からSHA-256ハッシュ値を計算する
plugins\crypto\hash_sha256.htm#sample4,逆引き「ファイルのSHA-256ハッシュ値を計算する」,ファイルのSHA-256ハッシュ値を計算する
plugins\crypto\hash_sha384.htm,SHA384ハッシュ値, SHA384ハッシュ値 種類 ハッシュアルゴリズム
plugins\crypto\hash_sha384.htm#計算する,SHA384ハッシュ値:計算する [手順],SHA384ハッシュ値 計算する [手順]
plugins\crypto\hash_sha384.htm#ファイルから計算する,SHA384ハッシュ値:ファイルから計算する [手順],SHA384ハッシュ値 ファイルから計算する [手順]
plugins\crypto\hash_sha384.htm#sample1,逆引き「Shift-JISでSHA-384ハッシュ値を計算する」,Shift-JISでSHA-384ハッシュ値を計算する
plugins\crypto\hash_sha384.htm#sample2,逆引き「UTF-8でSHA-384ハッシュ値を計算する」,UTF-8でSHA-384ハッシュ値を計算する
plugins\crypto\hash_sha384.htm#sample3,逆引き「バイナリ配列からSHA-384ハッシュ値を計算する」,バイナリ配列からSHA-384ハッシュ値を計算する
plugins\crypto\hash_sha384.htm#sample4,逆引き「ファイルのSHA-384ハッシュ値を計算する」,ファイルのSHA-384ハッシュ値を計算する
plugins\crypto\hash_sha512.htm,SHA512ハッシュ値, SHA512ハッシュ値 種類 ハッシュアルゴリズム
plugins\crypto\hash_sha512.htm#計算する,SHA512ハッシュ値:計算する [手順],SHA512ハッシュ値 計算する [手順]
plugins\crypto\hash_sha512.htm#ファイルから計算する,SHA512ハッシュ値:ファイルから計算する [手順],SHA512ハッシュ値 ファイルから計算する [手順]
plugins\crypto\hash_sha512.htm#sample1,逆引き「Shift-JISでSHA-512ハッシュ値を計算する」,Shift-JISでSHA-512ハッシュ値を計算する
plugins\crypto\hash_sha512.htm#sample2,逆引き「UTF-8でSHA-512ハッシュ値を計算する」,UTF-8でSHA-512ハッシュ値を計算する
plugins\crypto\hash_sha512.htm#sample3,逆引き「バイナリ配列からSHA-512ハッシュ値を計算する」,バイナリ配列からSHA-512ハッシュ値を計算する
plugins\crypto\hash_sha512.htm#sample4,逆引き「ファイルからSHA-512ハッシュ値を計算する」,ファイルからSHA-512ハッシュ値を計算する
plugins\crypto\index.htm,暗号化/ハッシュ計算, 暗号化/ハッシュ計算
plugins\crypto\rc2crypto.htm,RC2暗号, RC2暗号 種類
plugins\crypto\rc2crypto.htm#sample1,逆引き「RC2暗号で暗号化する」,RC2暗号で暗号化する
plugins\crypto\rdrcrypto.htm,プロデル暗号, プロデル暗号 種類
plugins\crypto\rdrcrypto.htm#暗号化する,プロデル暗号:暗号化する [手順],プロデル暗号 暗号化する [手順]
plugins\crypto\rdrcrypto.htm#暗号化して保存する,プロデル暗号:暗号化して保存する [手順],プロデル暗号 暗号化して保存する [手順]
plugins\crypto\rdrcrypto.htm#復号化する,プロデル暗号:復号化する [手順],プロデル暗号 復号化する [手順]
plugins\crypto\rdrcrypto.htm#復号化して保存する,プロデル暗号:復号化して保存する [手順],プロデル暗号 復号化して保存する [手順]
plugins\crypto\rdrcrypto.htm#ソルト,プロデル暗号:ソルト [設定項目],プロデル暗号 ソルト [設定項目]
plugins\crypto\rdrcrypto.htm#文字コード,プロデル暗号:文字コード [設定項目],プロデル暗号 文字コード [設定項目]
plugins\crypto\triplecrypto.htm,トリプルDES, トリプルDES 種類
plugins\crypto\triplecrypto.htm#sample1,逆引き「トリプルDESで暗号化する」,トリプルDESで暗号化する
plugins\msil\ilcode.htm,中間コード, 中間コード 種類
plugins\msil\ilcode.htm#保存する,中間コード:保存する [手順],中間コード 保存する [手順]
plugins\msil\ilcode.htm#クラスを作る,中間コード:クラスを作る [手順],中間コード クラスを作る [手順]
plugins\msil\ilcode.htm#参照する,中間コード:参照する [手順],中間コード 参照する [手順]
plugins\msil\ilcode.htm#開始メソッド,中間コード:開始メソッド [設定項目],中間コード 開始メソッド [設定項目]
plugins\msil\ilcode.htm#コンソール開始メソッド,中間コード:コンソール開始メソッド [設定項目],中間コード コンソール開始メソッド [設定項目]
plugins\msil\ilcode.htm#シンボル情報生成,中間コード:シンボル情報生成 [設定項目],中間コード シンボル情報生成 [設定項目]
plugins\msil\ilcodegen.htm,中間コード生成機, 中間コード生成機 種類
plugins\msil\ilcodegen.htm#作る,中間コード生成機:作る [手順],中間コード生成機 作る [手順]
plugins\msil\ilcodegen.htm#シンボル情報生成,中間コード生成機:シンボル情報生成 [設定項目],中間コード生成機 シンボル情報生成 [設定項目]
plugins\msil\index.htm,MSIL生成, MSIL生成
plugins\msil\methodcalllib.html,定義済みメソッド呼び出し, 定義済みメソッド呼び出し 種類
plugins\msil\methodcalluser.html,仮メソッド呼び出し, 仮メソッド呼び出し 種類
plugins\msil\methodcalluser.html#クラス名,仮メソッド呼び出し:クラス名 [設定項目],仮メソッド呼び出し クラス名 [設定項目]
plugins\msil\methodcalluser.html#メソッド名,仮メソッド呼び出し:メソッド名 [設定項目],仮メソッド呼び出し メソッド名 [設定項目]
plugins\msil\methodcalluser.html#引数型一覧,仮メソッド呼び出し:引数型一覧 [設定項目],仮メソッド呼び出し 引数型一覧 [設定項目]
plugins\msil\vclass.htm,仮想機械クラス, 仮想機械クラス 種類
plugins\msil\vclass.htm#コンストラクタを作る,仮想機械クラス:コンストラクタを作る [手順],仮想機械クラス コンストラクタを作る [手順]
plugins\msil\vclass.htm#メソッドを作る,仮想機械クラス:メソッドを作る [手順],仮想機械クラス メソッドを作る [手順]
plugins\msil\vclass.htm#静的メソッドを作る,仮想機械クラス:静的メソッドを作る [手順],仮想機械クラス 静的メソッドを作る [手順]
plugins\msil\vclass.htm#フィールドを作る,仮想機械クラス:フィールドを作る [手順],仮想機械クラス フィールドを作る [手順]
plugins\msil\vclass.htm#フィールドを配列として作る,仮想機械クラス:フィールドを配列として作る [手順],仮想機械クラス フィールドを配列として作る [手順]
plugins\msil\vclass.htm#静的フィールドを作る,仮想機械クラス:静的フィールドを作る [手順],仮想機械クラス 静的フィールドを作る [手順]
plugins\msil\vclass.htm#静的フィールドを配列として作る,仮想機械クラス:静的フィールドを配列として作る [手順],仮想機械クラス 静的フィールドを配列として作る [手順]
plugins\msil\vclass.htm#完成させる,仮想機械クラス:完成させる [手順],仮想機械クラス 完成させる [手順]
plugins\msil\vclass.htm#名前,仮想機械クラス:名前 [設定項目],仮想機械クラス 名前 [設定項目]
plugins\msil\vclass.htm#メソッド一覧,仮想機械クラス:メソッド一覧 [設定項目],仮想機械クラス メソッド一覧 [設定項目]
plugins\msil\vclass.htm#静的メソッド一覧,仮想機械クラス:静的メソッド一覧 [設定項目],仮想機械クラス 静的メソッド一覧 [設定項目]
plugins\msil\vctor.htm,仮想機械コンストラクタ, 仮想機械コンストラクタ 種類
plugins\msil\vfield.htm,仮想機械フィールド, 仮想機械フィールド 種類
plugins\msil\vfield.htm#名前,仮想機械フィールド:名前 [設定項目],仮想機械フィールド 名前 [設定項目]
plugins\msil\vlabel.htm,仮想機械ラベル, 仮想機械ラベル 種類
plugins\msil\vlabel.htm#名前,仮想機械ラベル:名前 [設定項目],仮想機械ラベル 名前 [設定項目]
plugins\msil\vlocal.htm,仮想機械局所変数, 仮想機械局所変数 種類
plugins\msil\vlocal.htm#番号,仮想機械局所変数:番号 [設定項目],仮想機械局所変数 番号 [設定項目]
plugins\msil\vmethod.htm,仮想機械メソッド, 仮想機械メソッド 種類
plugins\msil\vmethod.htm#加算命令を書き込む,仮想機械メソッド:加算命令を書き込む [手順],仮想機械メソッド 加算命令を書き込む [手順]
plugins\msil\vmethod.htm#減算命令を書き込む,仮想機械メソッド:減算命令を書き込む [手順],仮想機械メソッド 減算命令を書き込む [手順]
plugins\msil\vmethod.htm#乗算命令を書き込む,仮想機械メソッド:乗算命令を書き込む [手順],仮想機械メソッド 乗算命令を書き込む [手順]
plugins\msil\vmethod.htm#除算命令を書き込む,仮想機械メソッド:除算命令を書き込む [手順],仮想機械メソッド 除算命令を書き込む [手順]
plugins\msil\vmethod.htm#剰余算命令を書き込む,仮想機械メソッド:剰余算命令を書き込む [手順],仮想機械メソッド 剰余算命令を書き込む [手順]
plugins\msil\vmethod.htm#論理和演算命令を書き込む,仮想機械メソッド:論理和演算命令を書き込む [手順],仮想機械メソッド 論理和演算命令を書き込む [手順]
plugins\msil\vmethod.htm#論理積演算命令を書き込む,仮想機械メソッド:論理積演算命令を書き込む [手順],仮想機械メソッド 論理積演算命令を書き込む [手順]
plugins\msil\vmethod.htm#否定演算命令を書き込む,仮想機械メソッド:否定演算命令を書き込む [手順],仮想機械メソッド 否定演算命令を書き込む [手順]
plugins\msil\vmethod.htm#左シフト演算命令を書き込む,仮想機械メソッド:左シフト演算命令を書き込む [手順],仮想機械メソッド 左シフト演算命令を書き込む [手順]
plugins\msil\vmethod.htm#右シフト演算命令を書き込む,仮想機械メソッド:右シフト演算命令を書き込む [手順],仮想機械メソッド 右シフト演算命令を書き込む [手順]
plugins\msil\vmethod.htm#等価比較命令を書き込む,仮想機械メソッド:等価比較命令を書き込む [手順],仮想機械メソッド 等価比較命令を書き込む [手順]
plugins\msil\vmethod.htm#大なり比較命令を書き込む,仮想機械メソッド:大なり比較命令を書き込む [手順],仮想機械メソッド 大なり比較命令を書き込む [手順]
plugins\msil\vmethod.htm#小なり比較命令を書き込む,仮想機械メソッド:小なり比較命令を書き込む [手順],仮想機械メソッド 小なり比較命令を書き込む [手順]
plugins\msil\vmethod.htm#変数を作る,仮想機械メソッド:変数を作る [手順],仮想機械メソッド 変数を作る [手順]
plugins\msil\vmethod.htm#配列として作る,仮想機械メソッド:配列として作る [手順],仮想機械メソッド 配列として作る [手順]
plugins\msil\vmethod.htm#変数を配列として作る,仮想機械メソッド:変数を配列として作る [手順],仮想機械メソッド 変数を配列として作る [手順]
plugins\msil\vmethod.htm#配列生成命令を書き込む,仮想機械メソッド:配列生成命令を書き込む [手順],仮想機械メソッド 配列生成命令を書き込む [手順]
plugins\msil\vmethod.htm#変数読み込み命令を書き込む,仮想機械メソッド:変数読み込み命令を書き込む [手順],仮想機械メソッド 変数読み込み命令を書き込む [手順]
plugins\msil\vmethod.htm#変数参照命令を書き込む,仮想機械メソッド:変数参照命令を書き込む [手順],仮想機械メソッド 変数参照命令を書き込む [手順]
plugins\msil\vmethod.htm#変数書き込み命令を書き込む,仮想機械メソッド:変数書き込み命令を書き込む [手順],仮想機械メソッド 変数書き込み命令を書き込む [手順]
plugins\msil\vmethod.htm#参照書き込み命令を書き込む,仮想機械メソッド:参照書き込み命令を書き込む [手順],仮想機械メソッド 参照書き込み命令を書き込む [手順]
plugins\msil\vmethod.htm#参照読み込み命令を書き込む,仮想機械メソッド:参照読み込み命令を書き込む [手順],仮想機械メソッド 参照読み込み命令を書き込む [手順]
plugins\msil\vmethod.htm#フィールド読み込み命令を書き込む,仮想機械メソッド:フィールド読み込み命令を書き込む [手順],仮想機械メソッド フィールド読み込み命令を書き込む [手順]
plugins\msil\vmethod.htm#フィールド参照命令を書き込む,仮想機械メソッド:フィールド参照命令を書き込む [手順],仮想機械メソッド フィールド参照命令を書き込む [手順]
plugins\msil\vmethod.htm#読み込む命令を静的フィールド値を書き込む,仮想機械メソッド:読み込む命令を静的フィールド値を書き込む [手順],仮想機械メソッド 読み込む命令を静的フィールド値を書き込む [手順]
plugins\msil\vmethod.htm#読み込む命令を静的フィールド参照を書き込む,仮想機械メソッド:読み込む命令を静的フィールド参照を書き込む [手順],仮想機械メソッド 読み込む命令を静的フィールド参照を書き込む [手順]
plugins\msil\vmethod.htm#静的フィールド値を書き込む命令を書き込む,仮想機械メソッド:静的フィールド値を書き込む命令を書き込む [手順],仮想機械メソッド 静的フィールド値を書き込む命令を書き込む [手順]
plugins\msil\vmethod.htm#引数読み込み命令を書き込む,仮想機械メソッド:引数読み込み命令を書き込む [手順],仮想機械メソッド 引数読み込み命令を書き込む [手順]
plugins\msil\vmethod.htm#引数参照命令を書き込む,仮想機械メソッド:引数参照命令を書き込む [手順],仮想機械メソッド 引数参照命令を書き込む [手順]
plugins\msil\vmethod.htm#引数書き込み命令を書き込む,仮想機械メソッド:引数書き込み命令を書き込む [手順],仮想機械メソッド 引数書き込み命令を書き込む [手順]
plugins\msil\vmethod.htm#配列読み込み命令を書き込む,仮想機械メソッド:配列読み込み命令を書き込む [手順],仮想機械メソッド 配列読み込み命令を書き込む [手順]
plugins\msil\vmethod.htm#配列参照命令を書き込む,仮想機械メソッド:配列参照命令を書き込む [手順],仮想機械メソッド 配列参照命令を書き込む [手順]
plugins\msil\vmethod.htm#配列書き込み命令を書き込む,仮想機械メソッド:配列書き込み命令を書き込む [手順],仮想機械メソッド 配列書き込み命令を書き込む [手順]
plugins\msil\vmethod.htm#プロパティ取得メソッドを取得,仮想機械メソッド:プロパティ取得メソッドを取得 [手順],仮想機械メソッド プロパティ取得メソッドを取得 [手順]
plugins\msil\vmethod.htm#プロパティ設定メソッドを取得,仮想機械メソッド:プロパティ設定メソッドを取得 [手順],仮想機械メソッド プロパティ設定メソッドを取得 [手順]
plugins\msil\vmethod.htm#終了命令を書き込む,仮想機械メソッド:終了命令を書き込む [手順],仮想機械メソッド 終了命令を書き込む [手順]
plugins\msil\vmethod.htm#空参照を書き込む,仮想機械メソッド:空参照を書き込む [手順],仮想機械メソッド 空参照を書き込む [手順]
plugins\msil\vmethod.htm#ポップ命令を書き込む,仮想機械メソッド:ポップ命令を書き込む [手順],仮想機械メソッド ポップ命令を書き込む [手順]
plugins\msil\vmethod.htm#ボックス化命令を書き込む,仮想機械メソッド:ボックス化命令を書き込む [手順],仮想機械メソッド ボックス化命令を書き込む [手順]
plugins\msil\vmethod.htm#アンボックス化命令を書き込む,仮想機械メソッド:アンボックス化命令を書き込む [手順],仮想機械メソッド アンボックス化命令を書き込む [手順]
plugins\msil\vmethod.htm#生成する命令を書き込む,仮想機械メソッド:生成する命令を書き込む [手順],仮想機械メソッド 生成する命令を書き込む [手順]
plugins\msil\vmethod.htm#メッセージ表示を書き込む,仮想機械メソッド:メッセージ表示を書き込む [手順],仮想機械メソッド メッセージ表示を書き込む [手順]
plugins\msil\vmethod.htm#コンソール出力を書き込む,仮想機械メソッド:コンソール出力を書き込む [手順],仮想機械メソッド コンソール出力を書き込む [手順]
plugins\msil\vmethod.htm#コンソール入力を書き込む,仮想機械メソッド:コンソール入力を書き込む [手順],仮想機械メソッド コンソール入力を書き込む [手順]
plugins\msil\vmethod.htm#一字出力を書き込む,仮想機械メソッド:一字出力を書き込む [手順],仮想機械メソッド 一字出力を書き込む [手順]
plugins\msil\vmethod.htm#一字入力を書き込む,仮想機械メソッド:一字入力を書き込む [手順],仮想機械メソッド 一字入力を書き込む [手順]
plugins\msil\vmethod.htm#新しいラベルを宣言する,仮想機械メソッド:新しいラベルを宣言する [手順],仮想機械メソッド 新しいラベルを宣言する [手順]
plugins\msil\vmethod.htm#ラベルを書き込む,仮想機械メソッド:ラベルを書き込む [手順],仮想機械メソッド ラベルを書き込む [手順]
plugins\msil\vmethod.htm#移動する命令を書き込む,仮想機械メソッド:移動する命令を書き込む [手順],仮想機械メソッド 移動する命令を書き込む [手順]
plugins\msil\vmethod.htm#成立時移動する命令を書き込む,仮想機械メソッド:成立時移動する命令を書き込む [手順],仮想機械メソッド 成立時移動する命令を書き込む [手順]
plugins\msil\vmethod.htm#不成立移動する命令を時書き込む,仮想機械メソッド:不成立移動する命令を時書き込む [手順],仮想機械メソッド 不成立移動する命令を時書き込む [手順]
plugins\msil\vmethod.htm#選択移動する命令を書き込む,仮想機械メソッド:選択移動する命令を書き込む [手順],仮想機械メソッド 選択移動する命令を書き込む [手順]
plugins\msil\vmethod.htm#整数文字列化を書き込む,仮想機械メソッド:整数文字列化を書き込む [手順],仮想機械メソッド 整数文字列化を書き込む [手順]
plugins\msil\vmethod.htm#文字列整数化を書き込む,仮想機械メソッド:文字列整数化を書き込む [手順],仮想機械メソッド 文字列整数化を書き込む [手順]
plugins\msil\vmethod.htm#浮動小数文字列化を書き込む,仮想機械メソッド:浮動小数文字列化を書き込む [手順],仮想機械メソッド 浮動小数文字列化を書き込む [手順]
plugins\msil\vmethod.htm#文字列整数配列化を書き込む,仮想機械メソッド:文字列整数配列化を書き込む [手順],仮想機械メソッド 文字列整数配列化を書き込む [手順]
plugins\msil\vmethod.htm#メソッド呼び出しを書き込む,仮想機械メソッド:メソッド呼び出しを書き込む [手順],仮想機械メソッド メソッド呼び出しを書き込む [手順]
plugins\msil\vmethod.htm#呼び出す命令を書き込む,仮想機械メソッド:呼び出す命令を書き込む [手順],仮想機械メソッド 呼び出す命令を書き込む [手順]
plugins\msil\vmethod.htm#整数定数として書き込む,仮想機械メソッド:整数定数として書き込む [手順],仮想機械メソッド 整数定数として書き込む [手順]
plugins\msil\vmethod.htm#浮動小数定数として書き込む,仮想機械メソッド:浮動小数定数として書き込む [手順],仮想機械メソッド 浮動小数定数として書き込む [手順]
plugins\msil\vmethod.htm#文字列定数として書き込む,仮想機械メソッド:文字列定数として書き込む [手順],仮想機械メソッド 文字列定数として書き込む [手順]
plugins\msil\vmethod.htm#仮引数を設定する,仮想機械メソッド:仮引数を設定する [手順],仮想機械メソッド 仮引数を設定する [手順]
plugins\msil\vmethod.htm#メソッド呼び出しを作る,仮想機械メソッド:メソッド呼び出しを作る [手順],仮想機械メソッド メソッド呼び出しを作る [手順]
plugins\msil\vmethod.htm#名前,仮想機械メソッド:名前 [設定項目],仮想機械メソッド 名前 [設定項目]
plugins\msil\vproperty.htm,仮想機械プロパティ, 仮想機械プロパティ 種類
plugins\msil\vproperty.htm#ゲッタを設定する,仮想機械プロパティ:ゲッタを設定する [手順],仮想機械プロパティ ゲッタを設定する [手順]
plugins\msil\vproperty.htm#セッタとして設定する,仮想機械プロパティ:セッタとして設定する [手順],仮想機械プロパティ セッタとして設定する [手順]
plugins\msil\vproperty.htm#名前,仮想機械プロパティ:名前 [設定項目],仮想機械プロパティ 名前 [設定項目]
plugins\multimedia\cdplayer.htm,CDプレーヤ, CDプレーヤ 種類
plugins\multimedia\cdplayer.htm#再生する,CDプレーヤ:再生する [手順],CDプレーヤ 再生する [手順]
plugins\multimedia\cdplayer.htm#停止する,CDプレーヤ:停止する [手順],CDプレーヤ 停止する [手順]
plugins\multimedia\cdplayer.htm#次の曲へ進める,CDプレーヤ:次の曲へ進める [手順],CDプレーヤ 次の曲へ進める [手順]
plugins\multimedia\cdplayer.htm#前の曲へ戻す,CDプレーヤ:前の曲へ戻す [手順],CDプレーヤ 前の曲へ戻す [手順]
plugins\multimedia\cdplayer.htm#総時間,CDプレーヤ:総時間 [設定項目],CDプレーヤ 総時間 [設定項目]
plugins\multimedia\cdplayer.htm#再生時間,CDプレーヤ:再生時間 [設定項目],CDプレーヤ 再生時間 [設定項目]
plugins\multimedia\cdplayer.htm#現在位置,CDプレーヤ:現在位置 [設定項目],CDプレーヤ 現在位置 [設定項目]
plugins\multimedia\cdplayer.htm#状態,CDプレーヤ:状態 [設定項目],CDプレーヤ 状態 [設定項目]
plugins\multimedia\gamedevice.htm,ゲームデバイス, ゲームデバイス 種類 ジョイスティック
plugins\multimedia\gamedevice.htm#取得する,ゲームデバイス:取得する [手順],ゲームデバイス 取得する [手順]
plugins\multimedia\gamedevice.htm#一覧,ゲームデバイス:一覧 [設定項目],ゲームデバイス 一覧 [設定項目]
plugins\multimedia\gamedevice.htm#個数,ゲームデバイス:個数 [設定項目],ゲームデバイス 個数 [設定項目]
plugins\multimedia\gamepad.htm,ゲームパッド, ゲームパッド 種類 ジョイスティック
plugins\multimedia\gamepad.htm#更新する,ゲームパッド:更新する [手順],ゲームパッド 更新する [手順]
plugins\multimedia\gamepad.htm#名前,ゲームパッド:名前 [設定項目],ゲームパッド 名前 [設定項目]
plugins\multimedia\gamepad.htm#番号,ゲームパッド:番号 [設定項目],ゲームパッド 番号 [設定項目]
plugins\multimedia\gamepad.htm#有効,ゲームパッド:有効 [設定項目],ゲームパッド 有効 [設定項目]
plugins\multimedia\gamepad.htm#ドライバ名,ゲームパッド:ドライバ名 [設定項目],ゲームパッド ドライバ名 [設定項目]
plugins\multimedia\gamepad.htm#レジストリキー,ゲームパッド:レジストリキー [設定項目],ゲームパッド レジストリキー [設定項目]
plugins\multimedia\gamepad.htm#最大ボタン数,ゲームパッド:最大ボタン数 [設定項目],ゲームパッド 最大ボタン数 [設定項目]
plugins\multimedia\gamepad.htm#最大軸数,ゲームパッド:最大軸数 [設定項目],ゲームパッド 最大軸数 [設定項目]
plugins\multimedia\gamepad.htm#ボタン数,ゲームパッド:ボタン数 [設定項目],ゲームパッド ボタン数 [設定項目]
plugins\multimedia\gamepad.htm#軸数,ゲームパッド:軸数 [設定項目],ゲームパッド 軸数 [設定項目]
plugins\multimedia\gamepad.htm#軸最大値,ゲームパッド:軸最大値 [設定項目],ゲームパッド 軸最大値 [設定項目]
plugins\multimedia\gamepad.htm#ハットスイッチ角度,ゲームパッド:ハットスイッチ角度 [設定項目],ゲームパッド ハットスイッチ角度 [設定項目]
plugins\multimedia\gamepad.htm#X軸,ゲームパッド:X軸 [設定項目],ゲームパッド X軸 [設定項目]
plugins\multimedia\gamepad.htm#Y軸,ゲームパッド:Y軸 [設定項目],ゲームパッド Y軸 [設定項目]
plugins\multimedia\gamepad.htm#Z軸,ゲームパッド:Z軸 [設定項目],ゲームパッド Z軸 [設定項目]
plugins\multimedia\gamepad.htm#U軸,ゲームパッド:U軸 [設定項目],ゲームパッド U軸 [設定項目]
plugins\multimedia\gamepad.htm#V軸,ゲームパッド:V軸 [設定項目],ゲームパッド V軸 [設定項目]
plugins\multimedia\gamepad.htm#R軸,ゲームパッド:R軸 [設定項目],ゲームパッド R軸 [設定項目]
plugins\multimedia\gamepad.htm#ボタン一覧,ゲームパッド:ボタン一覧 [設定項目],ゲームパッド ボタン一覧 [設定項目]
plugins\multimedia\gamepad.htm#第1ボタン,ゲームパッド:第1ボタン [設定項目],ゲームパッド 第1ボタン [設定項目]
plugins\multimedia\gamepad.htm#第2ボタン,ゲームパッド:第2ボタン [設定項目],ゲームパッド 第2ボタン [設定項目]
plugins\multimedia\gamepad.htm#第3ボタン,ゲームパッド:第3ボタン [設定項目],ゲームパッド 第3ボタン [設定項目]
plugins\multimedia\gamepad.htm#第4ボタン,ゲームパッド:第4ボタン [設定項目],ゲームパッド 第4ボタン [設定項目]
plugins\multimedia\gamepad.htm#第5ボタン,ゲームパッド:第5ボタン [設定項目],ゲームパッド 第5ボタン [設定項目]
plugins\multimedia\gamepad.htm#第6ボタン,ゲームパッド:第6ボタン [設定項目],ゲームパッド 第6ボタン [設定項目]
plugins\multimedia\gamepad.htm#第7ボタン,ゲームパッド:第7ボタン [設定項目],ゲームパッド 第7ボタン [設定項目]
plugins\multimedia\gamepad.htm#第8ボタン,ゲームパッド:第8ボタン [設定項目],ゲームパッド 第8ボタン [設定項目]
plugins\multimedia\gamepad.htm#sample1,逆引き「ゲームパッドからボタンを受け取る」,ゲームパッドからボタンを受け取る
plugins\multimedia\index.htm,メディア再生制御, メディア再生制御 マルチメディア機能
plugins\multimedia\mci.htm,メディア制御, メディア制御 種類 MCI
plugins\multimedia\mci.htm#取得する,メディア制御:取得する [手順],メディア制御 取得する [手順]
plugins\multimedia\mci.htm#命令する,メディア制御:命令する [手順],メディア制御 命令する [手順]
plugins\multimedia\mci.htm#sample1,逆引き「MCIを利用してWAVE形式の音声データを再生する」,MCIを利用してWAVE形式の音声データを再生する
plugins\multimedia\mci.htm#sample2,逆引き「WAVEファイルへ録音する」,WAVEファイルへ録音する
plugins\multimedia\mci.htm#sample3,逆引き「CDドライブを開く」,CDドライブを開く
plugins\multimedia\melody.htm,メロディ, メロディ 種類 MIDI
plugins\multimedia\melody.htm#演奏する,メロディ:演奏する [手順],メロディ 演奏する [手順]
plugins\multimedia\melody.htm#非同期で演奏する,メロディ:非同期で演奏する [手順],メロディ 非同期で演奏する [手順]
plugins\multimedia\melody.htm#メロディを停止する,メロディ:メロディを停止する [手順],メロディ メロディを停止する [手順]
plugins\multimedia\melody.htm#MIDIを初期化する,メロディ:MIDIを初期化する [手順],メロディ MIDIを初期化する [手順]
plugins\multimedia\melody.htm#テンポ,メロディ:テンポ [設定項目],メロディ テンポ [設定項目]
plugins\multimedia\melody.htm#音量,メロディ:音量 [設定項目],メロディ 音量 [設定項目]
plugins\multimedia\melody.htm#調,メロディ:調 [設定項目],メロディ 調 [設定項目]
plugins\multimedia\melody.htm#MIDIデバイス一覧,メロディ:MIDIデバイス一覧 [設定項目],メロディ MIDIデバイス一覧 [設定項目]
plugins\multimedia\melody.htm#sample1,逆引き「MIDIを使ってドレミで演奏する」,MIDIを使ってドレミで演奏する
plugins\multimedia\melody.htm#sample2,逆引き「MIDIデバイスを選択して演奏する」,MIDIデバイスを選択して演奏する
plugins\multimedia\melodycolor.htm,メロディの音色表, メロディの音色表 メロディ 音色番号表 MIDI
plugins\multimedia\melodyexpr.htm,メロディの書き方, メロディの書き方 メロディ 演奏 MIDI
plugins\multimedia\midiin.htm,MIDI入力ポート, MIDI入力ポート 種類 MIDI
plugins\multimedia\midiin.htm#開く,MIDI入力ポート:開く [手順],MIDI入力ポート 開く [手順]
plugins\multimedia\midiin.htm#閉じる,MIDI入力ポート:閉じる [手順],MIDI入力ポート 閉じる [手順]
plugins\multimedia\midiin.htm#開始する,MIDI入力ポート:開始する [手順],MIDI入力ポート 開始する [手順]
plugins\multimedia\midiin.htm#MIDIデバイス一覧,MIDI入力ポート:MIDIデバイス一覧 [設定項目],MIDI入力ポート MIDIデバイス一覧 [設定項目]
plugins\multimedia\midiin.htm#受け取った,MIDI入力ポート:受け取った [イベント],MIDI入力ポート 受け取った [イベント]
plugins\multimedia\midiin.htm#sample1,逆引き「MIDIデバイスから送られたメッセージを受け取る」,MIDIデバイスから送られたメッセージを受け取る
plugins\pcsc\felica.htm,FeliCaスマートカード, FeliCaスマートカード 種類
plugins\pcsc\felica.htm#IDmをテキストで取得する,FeliCaスマートカード:IDmをテキストで取得する [手順],FeliCaスマートカード IDmをテキストで取得する [手順]
plugins\pcsc\felica.htm#シリアル番号をテキストで取得する,FeliCaスマートカード:シリアル番号をテキストで取得する [手順],FeliCaスマートカード シリアル番号をテキストで取得する [手順]
plugins\pcsc\felica.htm#テキストで取得する,FeliCaスマートカード:テキストで取得する [手順],FeliCaスマートカード テキストで取得する [手順]
plugins\pcsc\felica.htm#ダンプで取得する,FeliCaスマートカード:ダンプで取得する [手順],FeliCaスマートカード ダンプで取得する [手順]
plugins\pcsc\felica.htm#取得する,FeliCaスマートカード:取得する [手順],FeliCaスマートカード 取得する [手順]
plugins\pcsc\felica.htm#書き込む,FeliCaスマートカード:書き込む [手順],FeliCaスマートカード 書き込む [手順]
plugins\pcsc\felica.htm#書き込む,FeliCaスマートカード:書き込む [手順],FeliCaスマートカード 書き込む [手順]
plugins\pcsc\felica.htm#書き込む,FeliCaスマートカード:書き込む [手順],FeliCaスマートカード 書き込む [手順]
plugins\pcsc\index.htm,PC/SCプラグイン - プロデルマニュアル,
plugins\pcsc\mifare.htm,MifareClassicスマートカード, MifareClassicスマートカード 種類
plugins\pcsc\mifare.htm#UIDをテキストで取得する,MifareClassicスマートカード:UIDをテキストで取得する [手順],MifareClassicスマートカード UIDをテキストで取得する [手順]
plugins\pcsc\mifare.htm#シリアル番号をテキストで取得する,MifareClassicスマートカード:シリアル番号をテキストで取得する [手順],MifareClassicスマートカード シリアル番号をテキストで取得する [手順]
plugins\pcsc\mifare.htm#テキストで取得する,MifareClassicスマートカード:テキストで取得する [手順],MifareClassicスマートカード テキストで取得する [手順]
plugins\pcsc\mifare.htm#ダンプで取得する,MifareClassicスマートカード:ダンプで取得する [手順],MifareClassicスマートカード ダンプで取得する [手順]
plugins\pcsc\mifare.htm#取得する,MifareClassicスマートカード:取得する [手順],MifareClassicスマートカード 取得する [手順]
plugins\pcsc\mifare.htm#書き込む,MifareClassicスマートカード:書き込む [手順],MifareClassicスマートカード 書き込む [手順]
plugins\pcsc\mifare.htm#書き込む,MifareClassicスマートカード:書き込む [手順],MifareClassicスマートカード 書き込む [手順]
plugins\pcsc\mifare.htm#書き込む,MifareClassicスマートカード:書き込む [手順],MifareClassicスマートカード 書き込む [手順]
plugins\pcsc\nfcport.htm,NFCポート, NFCポート 種類
plugins\pcsc\smartcard.htm,スマートカード, スマートカード 種類
plugins\RdrWMP\index.htm, Windows Media Playerプラグイン,  Windows Media Playerプラグイン
plugins\RdrWMP\mediainfo.htm,メディア情報, メディア情報 種類
plugins\RdrWMP\mediainfo.htm#属性を取得する,メディア情報:属性を取得する [手順],メディア情報 属性を取得する [手順]
plugins\RdrWMP\mediainfo.htm#アドレス,メディア情報:アドレス [設定項目],メディア情報 アドレス [設定項目]
plugins\RdrWMP\mediainfo.htm#名前,メディア情報:名前 [設定項目],メディア情報 名前 [設定項目]
plugins\RdrWMP\mediainfo.htm#長さ,メディア情報:長さ [設定項目],メディア情報 長さ [設定項目]
plugins\RdrWMP\mediainfo.htm#長さ情報,メディア情報:長さ情報 [設定項目],メディア情報 長さ情報 [設定項目]
plugins\RdrWMP\mediainfo.htm#大きさ,メディア情報:大きさ [設定項目],メディア情報 大きさ [設定項目]
plugins\RdrWMP\mediainfo.htm#幅,メディア情報:幅 [設定項目],メディア情報 幅 [設定項目]
plugins\RdrWMP\mediainfo.htm#高さ,メディア情報:高さ [設定項目],メディア情報 高さ [設定項目]
plugins\RdrWMP\mediainfo.htm#属性一覧,メディア情報:属性一覧 [設定項目],メディア情報 属性一覧 [設定項目]
plugins\RdrWMP\positionchangeevent.htm,メディア情報, メディア情報 種類
plugins\RdrWMP\positionchangeevent.htm#旧位置,メディア情報:旧位置 [設定項目],メディア情報 旧位置 [設定項目]
plugins\RdrWMP\positionchangeevent.htm#位置,メディア情報:位置 [設定項目],メディア情報 位置 [設定項目]
plugins\RdrWMP\wmp.htm,WindowsMediaPlayer, WindowsMediaPlayer 種類
plugins\RdrWMP\wmp.htm#再生する,WindowsMediaPlayer:再生する [手順],WindowsMediaPlayer 再生する [手順]
plugins\RdrWMP\wmp.htm#一時停止する,WindowsMediaPlayer:一時停止する [手順],WindowsMediaPlayer 一時停止する [手順]
plugins\RdrWMP\wmp.htm#停止する,WindowsMediaPlayer:停止する [手順],WindowsMediaPlayer 停止する [手順]
plugins\RdrWMP\wmp.htm#次へ進む,WindowsMediaPlayer:次へ進む [手順],WindowsMediaPlayer 次へ進む [手順]
plugins\RdrWMP\wmp.htm#前へ戻る,WindowsMediaPlayer:前へ戻る [手順],WindowsMediaPlayer 前へ戻る [手順]
plugins\RdrWMP\wmp.htm#アドレス,WindowsMediaPlayer:アドレス [設定項目],WindowsMediaPlayer アドレス [設定項目]
plugins\RdrWMP\wmp.htm#再生位置,WindowsMediaPlayer:再生位置 [設定項目],WindowsMediaPlayer 再生位置 [設定項目]
plugins\RdrWMP\wmp.htm#再生位置情報,WindowsMediaPlayer:再生位置情報 [設定項目],WindowsMediaPlayer 再生位置情報 [設定項目]
plugins\RdrWMP\wmp.htm#現在メディア,WindowsMediaPlayer:現在メディア [設定項目],WindowsMediaPlayer 現在メディア [設定項目]
plugins\RdrWMP\wmp.htm#自動再生,WindowsMediaPlayer:自動再生 [設定項目],WindowsMediaPlayer 自動再生 [設定項目]
plugins\RdrWMP\wmp.htm#バランス,WindowsMediaPlayer:バランス [設定項目],WindowsMediaPlayer バランス [設定項目]
plugins\RdrWMP\wmp.htm#音量,WindowsMediaPlayer:音量 [設定項目],WindowsMediaPlayer 音量 [設定項目]
plugins\RdrWMP\wmp.htm#消音,WindowsMediaPlayer:消音 [設定項目],WindowsMediaPlayer 消音 [設定項目]
plugins\RdrWMP\wmp.htm#速度,WindowsMediaPlayer:速度 [設定項目],WindowsMediaPlayer 速度 [設定項目]
plugins\RdrWMP\wmp.htm#エラー表示,WindowsMediaPlayer:エラー表示 [設定項目],WindowsMediaPlayer エラー表示 [設定項目]
plugins\RdrWMP\wmp.htm#状態,WindowsMediaPlayer:状態 [設定項目],WindowsMediaPlayer 状態 [設定項目]
plugins\RdrWMP\wmp.htm#再生状態,WindowsMediaPlayer:再生状態 [設定項目],WindowsMediaPlayer 再生状態 [設定項目]
plugins\RdrWMP\wmp.htm#状態が変更された,WindowsMediaPlayer:状態が変更された [イベント],WindowsMediaPlayer 状態が変更された [イベント]
plugins\RdrWMP\wmp.htm#再生状態が変更された,WindowsMediaPlayer:再生状態が変更された [イベント],WindowsMediaPlayer 再生状態が変更された [イベント]
plugins\RdrWMP\wmp.htm#現在メディアが変更された,WindowsMediaPlayer:現在メディアが変更された [イベント],WindowsMediaPlayer 現在メディアが変更された [イベント]
plugins\RdrWMP\wmp.htm#メディア情報が変更された,WindowsMediaPlayer:メディア情報が変更された [イベント],WindowsMediaPlayer メディア情報が変更された [イベント]
plugins\RdrWMP\wmp.htm#再生位置が変更された,WindowsMediaPlayer:再生位置が変更された [イベント],WindowsMediaPlayer 再生位置が変更された [イベント]
plugins\RdrWMP\wmpctrl.htm,WindowsMediaPlayer部品, WindowsMediaPlayer部品 種類
plugins\RdrWMP\wmpctrl.htm#再生する,WindowsMediaPlayer部品:再生する [手順],WindowsMediaPlayer部品 再生する [手順]
plugins\RdrWMP\wmpctrl.htm#一時停止する,WindowsMediaPlayer部品:一時停止する [手順],WindowsMediaPlayer部品 一時停止する [手順]
plugins\RdrWMP\wmpctrl.htm#停止する,WindowsMediaPlayer部品:停止する [手順],WindowsMediaPlayer部品 停止する [手順]
plugins\RdrWMP\wmpctrl.htm#次へ進む,WindowsMediaPlayer部品:次へ進む [手順],WindowsMediaPlayer部品 次へ進む [手順]
plugins\RdrWMP\wmpctrl.htm#前へ戻る,WindowsMediaPlayer部品:前へ戻る [手順],WindowsMediaPlayer部品 前へ戻る [手順]
plugins\RdrWMP\wmpctrl.htm#アドレス,WindowsMediaPlayer部品:アドレス [設定項目],WindowsMediaPlayer部品 アドレス [設定項目]
plugins\RdrWMP\wmpctrl.htm#再生位置,WindowsMediaPlayer部品:再生位置 [設定項目],WindowsMediaPlayer部品 再生位置 [設定項目]
plugins\RdrWMP\wmpctrl.htm#再生位置情報,WindowsMediaPlayer部品:再生位置情報 [設定項目],WindowsMediaPlayer部品 再生位置情報 [設定項目]
plugins\RdrWMP\wmpctrl.htm#現在メディア,WindowsMediaPlayer部品:現在メディア [設定項目],WindowsMediaPlayer部品 現在メディア [設定項目]
plugins\RdrWMP\wmpctrl.htm#コンテキストメニュー,WindowsMediaPlayer部品:コンテキストメニュー [設定項目],WindowsMediaPlayer部品 コンテキストメニュー [設定項目]
plugins\RdrWMP\wmpctrl.htm#フルスクリーン,WindowsMediaPlayer部品:フルスクリーン [設定項目],WindowsMediaPlayer部品 フルスクリーン [設定項目]
plugins\RdrWMP\wmpctrl.htm#自動再生,WindowsMediaPlayer部品:自動再生 [設定項目],WindowsMediaPlayer部品 自動再生 [設定項目]
plugins\RdrWMP\wmpctrl.htm#バランス,WindowsMediaPlayer部品:バランス [設定項目],WindowsMediaPlayer部品 バランス [設定項目]
plugins\RdrWMP\wmpctrl.htm#音量,WindowsMediaPlayer部品:音量 [設定項目],WindowsMediaPlayer部品 音量 [設定項目]
plugins\RdrWMP\wmpctrl.htm#消音,WindowsMediaPlayer部品:消音 [設定項目],WindowsMediaPlayer部品 消音 [設定項目]
plugins\RdrWMP\wmpctrl.htm#速度,WindowsMediaPlayer部品:速度 [設定項目],WindowsMediaPlayer部品 速度 [設定項目]
plugins\RdrWMP\wmpctrl.htm#エラー表示,WindowsMediaPlayer部品:エラー表示 [設定項目],WindowsMediaPlayer部品 エラー表示 [設定項目]
plugins\RdrWMP\wmpctrl.htm#状態,WindowsMediaPlayer部品:状態 [設定項目],WindowsMediaPlayer部品 状態 [設定項目]
plugins\RdrWMP\wmpctrl.htm#再生状態,WindowsMediaPlayer部品:再生状態 [設定項目],WindowsMediaPlayer部品 再生状態 [設定項目]
plugins\RdrWMP\wmpctrl.htm#画面状態,WindowsMediaPlayer部品:画面状態 [設定項目],WindowsMediaPlayer部品 画面状態 [設定項目]
plugins\RdrWMP\wmpctrl.htm#状態が変更された,WindowsMediaPlayer部品:状態が変更された [イベント],WindowsMediaPlayer部品 状態が変更された [イベント]
plugins\RdrWMP\wmpctrl.htm#再生状態が変更された,WindowsMediaPlayer部品:再生状態が変更された [イベント],WindowsMediaPlayer部品 再生状態が変更された [イベント]
plugins\RdrWMP\wmpctrl.htm#現在メディアが変更された,WindowsMediaPlayer部品:現在メディアが変更された [イベント],WindowsMediaPlayer部品 現在メディアが変更された [イベント]
plugins\RdrWMP\wmpctrl.htm#メディア情報が変更された,WindowsMediaPlayer部品:メディア情報が変更された [イベント],WindowsMediaPlayer部品 メディア情報が変更された [イベント]
plugins\RdrWMP\wmpctrl.htm#再生位置が変更された,WindowsMediaPlayer部品:再生位置が変更された [イベント],WindowsMediaPlayer部品 再生位置が変更された [イベント]
plugins\speech\index.htm,音声処理プラグイン - プロデルマニュアル,
plugins\speech\recognizer.htm,音声合成, 音声合成 種類
plugins\speech\recognizer.htm#初期化する,音声合成:初期化する [手順],音声合成 初期化する [手順]
plugins\speech\recognizer.htm#開始する,音声合成:開始する [手順],音声合成 開始する [手順]
plugins\speech\recognizer.htm#終了する,音声合成:終了する [手順],音声合成 終了する [手順]
plugins\speech\recognizer.htm#元実体,音声合成:元実体 [設定項目],音声合成 元実体 [設定項目]
plugins\speech\recognizer.htm#認識した,音声合成:認識した [イベント],音声合成 認識した [イベント]
plugins\speech\speach.htm,音声合成, 音声合成 種類 音声合成 TTS スピーチ
plugins\speech\speach.htm#話者一覧,音声合成:話者一覧 [設定項目],音声合成 話者一覧 [設定項目]
plugins\speech\speach.htm#元実体,音声合成:元実体 [設定項目],音声合成 元実体 [設定項目]
plugins\speech\speaker.htm,話者, 話者 種類 SAPI 音声合成 TTS スピーチ
plugins\speech\speaker.htm#話す,話者:話す [手順],話者 話す [手順]
plugins\speech\speaker.htm#非同期で話す,話者:非同期で話す [手順],話者 非同期で話す [手順]
plugins\speech\speaker.htm#一時停止する,話者:一時停止する [手順],話者 一時停止する [手順]
plugins\speech\speaker.htm#停止する,話者:停止する [手順],話者 停止する [手順]
plugins\speech\speaker.htm#再開する,話者:再開する [手順],話者 再開する [手順]
plugins\speech\speaker.htm#名前,話者:名前 [設定項目],話者 名前 [設定項目]
plugins\speech\speaker.htm#性別,話者:性別 [設定項目],話者 性別 [設定項目]
plugins\speech\speaker.htm#年齢,話者:年齢 [設定項目],話者 年齢 [設定項目]
plugins\speech\speaker.htm#国籍,話者:国籍 [設定項目],話者 国籍 [設定項目]
plugins\speech\speaker.htm#音量,話者:音量 [設定項目],話者 音量 [設定項目]
plugins\speech\speaker.htm#速度,話者:速度 [設定項目],話者 速度 [設定項目]
plugins\speech\speaker.htm#状態,話者:状態 [設定項目],話者 状態 [設定項目]
plugins\speech\speaker.htm#元実体,話者:元実体 [設定項目],話者 元実体 [設定項目]
plugins\speech\speaker.htm#話し終わった,話者:話し終わった [イベント],話者 話し終わった [イベント]
plugins\speech\speaker.htm#話し始めた,話者:話し始めた [イベント],話者 話し始めた [イベント]
plugins\speech\speaker.htm#発声している,話者:発声している [イベント],話者 発声している [イベント]
plugins\systeminfo\battery.htm,バッテリ, バッテリ 種類 システム情報取得
plugins\systeminfo\battery.htm#残り時間,バッテリ:残り時間 [設定項目],バッテリ 残り時間 [設定項目]
plugins\systeminfo\battery.htm#残量,バッテリ:残量 [設定項目],バッテリ 残量 [設定項目]
plugins\systeminfo\battery.htm#状態,バッテリ:状態 [設定項目],バッテリ 状態 [設定項目]
plugins\systeminfo\battery.htm#電源,バッテリ:電源 [設定項目],バッテリ 電源 [設定項目]
plugins\systeminfo\battery.htm#sample1,逆引き「バッテリの残量と接続状態を取得する」,バッテリの残量と接続状態を取得する
plugins\systeminfo\comm.htm,シリアル通信, シリアル通信 種類 システム情報取得
plugins\systeminfo\comm.htm#送信バッファをクリアする,シリアル通信:送信バッファをクリアする [手順],シリアル通信 送信バッファをクリアする [手順]
plugins\systeminfo\comm.htm#受信バッファをクリアする,シリアル通信:受信バッファをクリアする [手順],シリアル通信 受信バッファをクリアする [手順]
plugins\systeminfo\comm.htm#開く,シリアル通信:開く [手順],シリアル通信 開く [手順]
plugins\systeminfo\comm.htm#一字だけ受信する,シリアル通信:一字だけ受信する [手順],シリアル通信 一字だけ受信する [手順]
plugins\systeminfo\comm.htm#一行だけ受信する,シリアル通信:一行だけ受信する [手順],シリアル通信 一行だけ受信する [手順]
plugins\systeminfo\comm.htm#受信する,シリアル通信:受信する [手順],シリアル通信 受信する [手順]
plugins\systeminfo\comm.htm#1バイトだけ受信する,シリアル通信:1バイトだけ受信する [手順],シリアル通信 1バイトだけ受信する [手順]
plugins\systeminfo\comm.htm#バイナリ形式で受信する,シリアル通信:バイナリ形式で受信する [手順],シリアル通信 バイナリ形式で受信する [手順]
plugins\systeminfo\comm.htm#送信する,シリアル通信:送信する [手順],シリアル通信 送信する [手順]
plugins\systeminfo\comm.htm#バイナリ形式で送信する,シリアル通信:バイナリ形式で送信する [手順],シリアル通信 バイナリ形式で送信する [手順]
plugins\systeminfo\comm.htm#閉じる,シリアル通信:閉じる [手順],シリアル通信 閉じる [手順]
plugins\systeminfo\comm.htm#キャリア検出,シリアル通信:キャリア検出 [設定項目],シリアル通信 キャリア検出 [設定項目]
plugins\systeminfo\comm.htm#ストップビット,シリアル通信:ストップビット [設定項目],シリアル通信 ストップビット [設定項目]
plugins\systeminfo\comm.htm#データビット数,シリアル通信:データビット数 [設定項目],シリアル通信 データビット数 [設定項目]
plugins\systeminfo\comm.htm#データ準備信号,シリアル通信:データ準備信号 [設定項目],シリアル通信 データ準備信号 [設定項目]
plugins\systeminfo\comm.htm#データ末端信号,シリアル通信:データ末端信号 [設定項目],シリアル通信 データ末端信号 [設定項目]
plugins\systeminfo\comm.htm#パリティチェック方式,シリアル通信:パリティチェック方式 [設定項目],シリアル通信 パリティチェック方式 [設定項目]
plugins\systeminfo\comm.htm#ブレイク信号,シリアル通信:ブレイク信号 [設定項目],シリアル通信 ブレイク信号 [設定項目]
plugins\systeminfo\comm.htm#ポート名,シリアル通信:ポート名 [設定項目],シリアル通信 ポート名 [設定項目]
plugins\systeminfo\comm.htm#ポート名一覧,シリアル通信:ポート名一覧 [設定項目],シリアル通信 ポート名一覧 [設定項目]
plugins\systeminfo\comm.htm#ボーレート,シリアル通信:ボーレート [設定項目],シリアル通信 ボーレート [設定項目]
plugins\systeminfo\comm.htm#改行文字,シリアル通信:改行文字 [設定項目],シリアル通信 改行文字 [設定項目]
plugins\systeminfo\comm.htm#空文字無視,シリアル通信:空文字無視 [設定項目],シリアル通信 空文字無視 [設定項目]
plugins\systeminfo\comm.htm#受信データサイズ,シリアル通信:受信データサイズ [設定項目],シリアル通信 受信データサイズ [設定項目]
plugins\systeminfo\comm.htm#受信バッファサイズ,シリアル通信:受信バッファサイズ [設定項目],シリアル通信 受信バッファサイズ [設定項目]
plugins\systeminfo\comm.htm#受信準備完了,シリアル通信:受信準備完了 [設定項目],シリアル通信 受信準備完了 [設定項目]
plugins\systeminfo\comm.htm#受信待機時間,シリアル通信:受信待機時間 [設定項目],シリアル通信 受信待機時間 [設定項目]
plugins\systeminfo\comm.htm#接続済み,シリアル通信:接続済み [設定項目],シリアル通信 接続済み [設定項目]
plugins\systeminfo\comm.htm#送信データサイズ,シリアル通信:送信データサイズ [設定項目],シリアル通信 送信データサイズ [設定項目]
plugins\systeminfo\comm.htm#送信バッファサイズ,シリアル通信:送信バッファサイズ [設定項目],シリアル通信 送信バッファサイズ [設定項目]
plugins\systeminfo\comm.htm#送信待機時間,シリアル通信:送信待機時間 [設定項目],シリアル通信 送信待機時間 [設定項目]
plugins\systeminfo\comm.htm#送信要求,シリアル通信:送信要求 [設定項目],シリアル通信 送信要求 [設定項目]
plugins\systeminfo\comm.htm#通信確立方式,シリアル通信:通信確立方式 [設定項目],シリアル通信 通信確立方式 [設定項目]
plugins\systeminfo\comm.htm#内部受信バッファサイズ,シリアル通信:内部受信バッファサイズ [設定項目],シリアル通信 内部受信バッファサイズ [設定項目]
plugins\systeminfo\comm.htm#破損代替文字,シリアル通信:破損代替文字 [設定項目],シリアル通信 破損代替文字 [設定項目]
plugins\systeminfo\comm.htm#文字コード,シリアル通信:文字コード [設定項目],シリアル通信 文字コード [設定項目]
plugins\systeminfo\comm.htm#受信した,シリアル通信:受信した [イベント],シリアル通信 受信した [イベント]
plugins\systeminfo\comm.htm#受信完了した,シリアル通信:受信完了した [イベント],シリアル通信 受信完了した [イベント]
plugins\systeminfo\comm.htm#エラーが発生した,シリアル通信:エラーが発生した [イベント],シリアル通信 エラーが発生した [イベント]
plugins\systeminfo\comm.htm#ピンが変化した,シリアル通信:ピンが変化した [イベント],シリアル通信 ピンが変化した [イベント]
plugins\systeminfo\comm.htm#sample1,逆引き「シリアルポートへメッセージを送信する」,シリアルポートへメッセージを送信する
plugins\systeminfo\comm.htm#sample2,逆引き「シリアルポートからメッセージを受信する」,シリアルポートからメッセージを受信する
plugins\systeminfo\cpu.htm,CPU, CPU 種類 システム情報取得
plugins\systeminfo\cpu.htm#使用率,CPU:使用率 [設定項目],CPU 使用率 [設定項目]
plugins\systeminfo\cpu.htm#クロック,CPU:クロック [設定項目],CPU クロック [設定項目]
plugins\systeminfo\cpu.htm#メーカ,CPU:メーカ [設定項目],CPU メーカ [設定項目]
plugins\systeminfo\cpu.htm#識別名,CPU:識別名 [設定項目],CPU 識別名 [設定項目]
plugins\systeminfo\cpu.htm#名前,CPU:名前 [設定項目],CPU 名前 [設定項目]
plugins\systeminfo\cpu.htm#sample1,逆引き「CPUの使用率と固有情報を取得」,CPUの使用率と固有情報を取得
plugins\systeminfo\fileassociation.htm,ファイル関連付け, ファイル関連付け 種類 システム情報取得
plugins\systeminfo\fileassociation.htm#取得する,ファイル関連付け:取得する [手順],ファイル関連付け 取得する [手順]
plugins\systeminfo\fileassociation.htm#作成する,ファイル関連付け:作成する [手順],ファイル関連付け 作成する [手順]
plugins\systeminfo\fileassociation.htm#削除する,ファイル関連付け:削除する [手順],ファイル関連付け 削除する [手順]
plugins\systeminfo\fileassociation.htm#存在する,ファイル関連付け:存在する [手順],ファイル関連付け 存在する [手順]
plugins\systeminfo\fileassociation.htm#反映する,ファイル関連付け:反映する [手順],ファイル関連付け 反映する [手順]
plugins\systeminfo\fileassociation.htm#sample1,逆引き「ファイルを関連付ける」,ファイルを関連付ける
plugins\systeminfo\fileassociationinfo.htm,ファイル関連付け情報, ファイル関連付け情報 種類 システム情報取得
plugins\systeminfo\fileassociationinfo.htm#登録する,ファイル関連付け情報:登録する [手順],ファイル関連付け情報 登録する [手順]
plugins\systeminfo\fileassociationinfo.htm#アイコン,ファイル関連付け情報:アイコン [設定項目],ファイル関連付け情報 アイコン [設定項目]
plugins\systeminfo\fileassociationinfo.htm#アイコン番号,ファイル関連付け情報:アイコン番号 [設定項目],ファイル関連付け情報 アイコン番号 [設定項目]
plugins\systeminfo\fileassociationinfo.htm#説明,ファイル関連付け情報:説明 [設定項目],ファイル関連付け情報 説明 [設定項目]
plugins\systeminfo\fileassociationinfo.htm#コマンドライン,ファイル関連付け情報:コマンドライン [設定項目],ファイル関連付け情報 コマンドライン [設定項目]
plugins\systeminfo\fileassociationinfo.htm#ファイル名,ファイル関連付け情報:ファイル名 [設定項目],ファイル関連付け情報 ファイル名 [設定項目]
plugins\systeminfo\index.htm,システム情報取得, システム情報取得
plugins\systeminfo\memory.htm,メモリ, メモリ 種類 システム情報取得
plugins\systeminfo\memory.htm#更新する,メモリ:更新する [手順],メモリ 更新する [手順]
plugins\systeminfo\memory.htm#総領域,メモリ:総領域 [設定項目],メモリ 総領域 [設定項目]
plugins\systeminfo\memory.htm#空き領域,メモリ:空き領域 [設定項目],メモリ 空き領域 [設定項目]
plugins\systeminfo\memory.htm#使用率,メモリ:使用率 [設定項目],メモリ 使用率 [設定項目]
plugins\systeminfo\memory.htm#総物理領域,メモリ:総物理領域 [設定項目],メモリ 総物理領域 [設定項目]
plugins\systeminfo\memory.htm#空き物理領域,メモリ:空き物理領域 [設定項目],メモリ 空き物理領域 [設定項目]
plugins\systeminfo\memory.htm#物理使用率,メモリ:物理使用率 [設定項目],メモリ 物理使用率 [設定項目]
plugins\systeminfo\memory.htm#総ページ領域,メモリ:総ページ領域 [設定項目],メモリ 総ページ領域 [設定項目]
plugins\systeminfo\memory.htm#空きページ領域,メモリ:空きページ領域 [設定項目],メモリ 空きページ領域 [設定項目]
plugins\systeminfo\memory.htm#ページ領域使用率,メモリ:ページ領域使用率 [設定項目],メモリ ページ領域使用率 [設定項目]
plugins\systeminfo\memory.htm#sample1,逆引き「メモリの状態を取得する」,メモリの状態を取得する
plugins\systeminfo\personalsettings.htm,個人用設定操作, 個人用設定操作
plugins\systeminfo\personalsettings.htm#デスクトップの壁紙,個人用設定操作:デスクトップの壁紙 [設定項目],個人用設定操作 デスクトップの壁紙 [設定項目]
plugins\systeminfo\registry.htm,レジストリ, レジストリ 種類 システム情報取得
plugins\systeminfo\registry.htm#取得する,レジストリ:取得する [手順],レジストリ 取得する [手順]
plugins\systeminfo\registry.htm#設定する,レジストリ:設定する [手順],レジストリ 設定する [手順]
plugins\systeminfo\registry.htm#データ型を取得する,レジストリ:データ型を取得する [手順],レジストリ データ型を取得する [手順]
plugins\systeminfo\registry.htm#キー一覧,レジストリ:キー一覧 [手順],レジストリ キー一覧 [手順]
plugins\systeminfo\registry.htm#値一覧,レジストリ:値一覧 [手順],レジストリ 値一覧 [手順]
plugins\systeminfo\registry.htm#存在する,レジストリ:存在する [手順],レジストリ 存在する [手順]
plugins\systeminfo\registry.htm#削除する,レジストリ:削除する [手順],レジストリ 削除する [手順]
plugins\systeminfo\registry.htm#sample1,逆引き「レジストリで値を読み書きする」,レジストリで値を読み書きする
plugins\systeminfo\wallpaper.htm,デスクトップ壁紙設定, デスクトップ壁紙設定 種類 システム情報取得
plugins\systeminfo\wallpaper.htm#並べて表示に設定する,デスクトップ壁紙設定:並べて表示に設定する [手順],デスクトップ壁紙設定 並べて表示に設定する [手順]
plugins\systeminfo\wallpaper.htm#画面に合わせて設定する,デスクトップ壁紙設定:画面に合わせて設定する [手順],デスクトップ壁紙設定 画面に合わせて設定する [手順]
plugins\systeminfo\wallpaper.htm#画像,デスクトップ壁紙設定:画像 [設定項目],デスクトップ壁紙設定 画像 [設定項目]
plugins\systeminfo\windows.htm,ウィンドウズ, ウィンドウズ 種類 システム情報取得
plugins\systeminfo\windows.htm#スタンバイする,ウィンドウズ:スタンバイする [手順],ウィンドウズ スタンバイする [手順]
plugins\systeminfo\windows.htm#ログオフする,ウィンドウズ:ログオフする [手順],ウィンドウズ ログオフする [手順]
plugins\systeminfo\windows.htm#休止状態する,ウィンドウズ:休止状態する [手順],ウィンドウズ 休止状態する [手順]
plugins\systeminfo\windows.htm#再起動する,ウィンドウズ:再起動する [手順],ウィンドウズ 再起動する [手順]
plugins\systeminfo\windows.htm#終了する,ウィンドウズ:終了する [手順],ウィンドウズ 終了する [手順]
plugins\systeminfo\windows.htm#コンピュータ名,ウィンドウズ:コンピュータ名 [設定項目],ウィンドウズ コンピュータ名 [設定項目]
plugins\systeminfo\windows.htm#バージョン,ウィンドウズ:バージョン [設定項目],ウィンドウズ バージョン [設定項目]
plugins\systeminfo\windows.htm#ビルド番号,ウィンドウズ:ビルド番号 [設定項目],ウィンドウズ ビルド番号 [設定項目]
plugins\systeminfo\windows.htm#ビット数,ウィンドウズ:ビット数 [設定項目],ウィンドウズ ビット数 [設定項目]
plugins\systeminfo\windows.htm#ユーザ名,ウィンドウズ:ユーザ名 [設定項目],ウィンドウズ ユーザ名 [設定項目]
plugins\systeminfo\windows.htm#種類,ウィンドウズ:種類 [設定項目],ウィンドウズ 種類 [設定項目]
plugins\systeminfo\windows.htm#名称,ウィンドウズ:名称 [設定項目],ウィンドウズ 名称 [設定項目]
plugins\systeminfo\windows.htm#起動中プログラム一覧,ウィンドウズ:起動中プログラム一覧 [設定項目],ウィンドウズ 起動中プログラム一覧 [設定項目]
plugins\systeminfo\wmi.htm,WMI, WMI 種類 システム情報取得
plugins\systeminfo\wmi.htm#取得する,WMI:取得する [手順],WMI 取得する [手順]
plugins\systeminfo\wmi.htm#sample1,逆引き「WMIの情報を列挙する」,WMIの情報を列挙する
plugins\systeminfo\wmiobject.htm,WMIオブジェクト, WMIオブジェクト 種類 システム情報取得
plugins\systeminfo\wmiobject.htm#取得する,WMIオブジェクト:取得する [手順],WMIオブジェクト 取得する [手順]
plugins\systeminfo\wmiobject.htm#実行する,WMIオブジェクト:実行する [手順],WMIオブジェクト 実行する [手順]
plugins\systeminfo\wmiobject.htm#キー一覧,WMIオブジェクト:キー一覧 [設定項目],WMIオブジェクト キー一覧 [設定項目]
plugins\systeminfo\wmiobject.htm#sample1,逆引き「WMIでCPUのクロック周波数を取得する」,WMIでCPUのクロック周波数を取得する
primitive\array.htm,配列, 配列 種類 基本型 データ型
primitive\array.htm#交換する,配列:交換する [手順],配列 交換する [手順]
primitive\array.htm#探す,配列:探す [手順],配列 探す [手順]
primitive\array.htm#大小区別しないで探す,配列:大小区別しないで探す [手順],配列 大小区別しないで探す [手順]
primitive\array.htm#完全一致で探す,配列:完全一致で探す [手順],配列 完全一致で探す [手順]
primitive\array.htm#取り出す,配列:取り出す [手順],配列 取り出す [手順]
primitive\array.htm#大小区別しないで取り出す,配列:大小区別しないで取り出す [手順],配列 大小区別しないで取り出す [手順]
primitive\array.htm#完全一致で取り出す,配列:完全一致で取り出す [手順],配列 完全一致で取り出す [手順]
primitive\array.htm#消す,配列:消す [手順],配列 消す [手順]
primitive\array.htm#繋げる,配列:繋げる [手順],配列 繋げる [手順]
primitive\array.htm#最大値,配列:最大値 [手順],配列 最大値 [手順]
primitive\array.htm#最小値,配列:最小値 [手順],配列 最小値 [手順]
primitive\array.htm#合計,配列:合計 [手順],配列 合計 [手順]
primitive\array.htm#平均,配列:平均 [手順],配列 平均 [手順]
primitive\array.htm#偏差値,配列:偏差値 [手順],配列 偏差値 [手順]
primitive\array.htm#加える,配列:加える [手順],配列 加える [手順]
primitive\array.htm#追加する,配列:追加する [手順],配列 追加する [手順]
primitive\array.htm#一括追加する,配列:一括追加する [手順],配列 一括追加する [手順]
primitive\array.htm#挿入する,配列:挿入する [手順],配列 挿入する [手順]
primitive\array.htm#並べ替える,配列:並べ替える [手順],配列 並べ替える [手順]
primitive\array.htm#重複を消す,配列:重複を消す [手順],配列 重複を消す [手順]
primitive\array.htm#切り出す,配列:切り出す [手順],配列 切り出す [手順]
primitive\array.htm#内容,配列:内容 [設定項目],配列 内容 [設定項目]
primitive\array.htm#個数,配列:個数 [設定項目],配列 個数 [設定項目]
primitive\array.htm#クローン,配列:クローン [設定項目],配列 クローン [設定項目]
primitive\array.htm#先頭,配列:先頭 [設定項目],配列 先頭 [設定項目]
primitive\array.htm#末尾,配列:末尾 [設定項目],配列 末尾 [設定項目]
primitive\array.htm#append,逆引き「配列の追加と挿入」,配列の追加と挿入
primitive\array.htm#strcreate,逆引き「文字列から配列を作る」,文字列から配列を作る
primitive\array.htm#savearray,逆引き「配列をファイルへ格納する」,配列をファイルへ格納する
primitive\array.htm#loadarray,逆引き「配列をファイルから読み込む」,配列をファイルから読み込む
primitive\array.htm#clone,逆引き「配列の内容をコピーする」,配列の内容をコピーする
primitive\array.htm#繋げる,逆引き「配列の要素を一つの文字列に繋ぎ合わせる」,配列の要素を一つの文字列に繋ぎ合わせる
primitive\array.htm#最大値,逆引き「配列から最大値を調べる」,配列から最大値を調べる
primitive\array.htm#最小値,逆引き「配列から最小値を調べる」,配列から最小値を調べる
primitive\array.htm#合計,逆引き「合計を求める」,合計を求める
primitive\array.htm#平均,逆引き「平均を求める」,平均を求める
primitive\array.htm#偏差値,逆引き「偏差値を求める」,偏差値を求める
primitive\array.htm#並べ替える,逆引き「配列を並べ替える」,配列を並べ替える
primitive\baseobject.htm,基本物, 基本物 種類 基本型 データ型
primitive\baseobject.htm#内容,基本物:内容 [設定項目],基本物 内容 [設定項目]
primitive\boolean.htm,真偽値, 真偽値 種類 基本型 データ型 真偽値型 ブール値
primitive\boolean.htm#内容,真偽値:内容 [設定項目],真偽値 内容 [設定項目]
primitive\boolean.htm#sample1,逆引き「合言葉が正しいかどうか判定した結果を変数に入れる」,合言葉が正しいかどうか判定した結果を変数に入れる
primitive\bytes.htm,バイナリデータ, バイナリデータ 種類 基本型 データ型 バイナリ
primitive\bytes.htm#書き込む,バイナリデータ:書き込む [手順],バイナリデータ 書き込む [手順]
primitive\bytes.htm#一括で書き込む,バイナリデータ:一括で書き込む [手順],バイナリデータ 一括で書き込む [手順]
primitive\bytes.htm#文字列として書き込む,バイナリデータ:文字列として書き込む [手順],バイナリデータ 文字列として書き込む [手順]
primitive\bytes.htm#バイトとして書き込む,バイナリデータ:バイトとして書き込む [手順],バイナリデータ バイトとして書き込む [手順]
primitive\bytes.htm#短整数として書き込む,バイナリデータ:短整数として書き込む [手順],バイナリデータ 短整数として書き込む [手順]
primitive\bytes.htm#整数として書き込む,バイナリデータ:整数として書き込む [手順],バイナリデータ 整数として書き込む [手順]
primitive\bytes.htm#長整数として書き込む,バイナリデータ:長整数として書き込む [手順],バイナリデータ 長整数として書き込む [手順]
primitive\bytes.htm#符号なし短整数として書き込む,バイナリデータ:符号なし短整数として書き込む [手順],バイナリデータ 符号なし短整数として書き込む [手順]
primitive\bytes.htm#符号なし整数として書き込む,バイナリデータ:符号なし整数として書き込む [手順],バイナリデータ 符号なし整数として書き込む [手順]
primitive\bytes.htm#符号なし長整数として書き込む,バイナリデータ:符号なし長整数として書き込む [手順],バイナリデータ 符号なし長整数として書き込む [手順]
primitive\bytes.htm#真偽値として書き込む,バイナリデータ:真偽値として書き込む [手順],バイナリデータ 真偽値として書き込む [手順]
primitive\bytes.htm#文字として書き込む,バイナリデータ:文字として書き込む [手順],バイナリデータ 文字として書き込む [手順]
primitive\bytes.htm#単精度浮動小数点数として書き込む,バイナリデータ:単精度浮動小数点数として書き込む [手順],バイナリデータ 単精度浮動小数点数として書き込む [手順]
primitive\bytes.htm#倍精度浮動小数点数として書き込む,バイナリデータ:倍精度浮動小数点数として書き込む [手順],バイナリデータ 倍精度浮動小数点数として書き込む [手順]
primitive\bytes.htm#読み取る,バイナリデータ:読み取る [手順],バイナリデータ 読み取る [手順]
primitive\bytes.htm#文字として読み取る,バイナリデータ:文字として読み取る [手順],バイナリデータ 文字として読み取る [手順]
primitive\bytes.htm#一括で読み取る,バイナリデータ:一括で読み取る [手順],バイナリデータ 一括で読み取る [手順]
primitive\bytes.htm#すべて読み取る,バイナリデータ:すべて読み取る [手順],バイナリデータ すべて読み取る [手順]
primitive\bytes.htm#開く,バイナリデータ:開く [手順],バイナリデータ 開く [手順]
primitive\bytes.htm#保存する,バイナリデータ:保存する [手順],バイナリデータ 保存する [手順]
primitive\bytes.htm#移動する,バイナリデータ:移動する [手順],バイナリデータ 移動する [手順]
primitive\bytes.htm#進める,バイナリデータ:進める [手順],バイナリデータ 進める [手順]
primitive\bytes.htm#閉じる,バイナリデータ:閉じる [手順],バイナリデータ 閉じる [手順]
primitive\bytes.htm#内容,バイナリデータ:内容 [設定項目],バイナリデータ 内容 [設定項目]
primitive\bytes.htm#現在位置,バイナリデータ:現在位置 [設定項目],バイナリデータ 現在位置 [設定項目]
primitive\bytes.htm#長さ,バイナリデータ:長さ [設定項目],バイナリデータ 長さ [設定項目]
primitive\bytes.htm#エンコード,バイナリデータ:エンコード [設定項目],バイナリデータ エンコード [設定項目]
primitive\bytes.htm#sample1,逆引き「バイナリレベルでファイルを作成する」,バイナリレベルでファイルを作成する
primitive\bytes.htm#samples2,逆引き「バイナリの内容をダンプする」,バイナリの内容をダンプする
primitive\color.htm,色情報, 色情報 種類 基本型 データ型
primitive\color.htm#アルファ,色情報:アルファ [設定項目],色情報 アルファ [設定項目]
primitive\color.htm#赤,色情報:赤 [設定項目],色情報 赤 [設定項目]
primitive\color.htm#緑,色情報:緑 [設定項目],色情報 緑 [設定項目]
primitive\color.htm#青,色情報:青 [設定項目],色情報 青 [設定項目]
primitive\color.htm#要素,色情報:要素 [設定項目],色情報 要素 [設定項目]
primitive\color.htm#内容,色情報:内容 [設定項目],色情報 内容 [設定項目]
primitive\color.htm#HTML色番号,色情報:HTML色番号 [設定項目],色情報 HTML色番号 [設定項目]
primitive\color.htm#sample1,逆引き「RGBの色番号で色を指定する」,RGBの色番号で色を指定する
primitive\datetime.htm,日時形式, 日時形式 種類 基本型 データ型
primitive\datetime.htm#足す,日時形式:足す [手順],日時形式 足す [手順]
primitive\datetime.htm#足す,日時形式:足す [手順],日時形式 足す [手順]
primitive\datetime.htm#後,日時形式:後 [手順],日時形式 後 [手順]
primitive\datetime.htm#引く,日時形式:引く [手順],日時形式 引く [手順]
primitive\datetime.htm#引く,日時形式:引く [手順],日時形式 引く [手順]
primitive\datetime.htm#前,日時形式:前 [手順],日時形式 前 [手順]
primitive\datetime.htm#日付差,日時形式:日付差 [手順],日時形式 日付差 [手順]
primitive\datetime.htm#月数差,日時形式:月数差 [手順],日時形式 月数差 [手順]
primitive\datetime.htm#整える,日時形式:整える [手順],日時形式 整える [手順]
primitive\datetime.htm#内容,日時形式:内容 [設定項目],日時形式 内容 [設定項目]
primitive\datetime.htm#日付,日時形式:日付 [設定項目],日時形式 日付 [設定項目]
primitive\datetime.htm#時刻,日時形式:時刻 [設定項目],日時形式 時刻 [設定項目]
primitive\datetime.htm#年,日時形式:年 [設定項目],日時形式 年 [設定項目]
primitive\datetime.htm#月,日時形式:月 [設定項目],日時形式 月 [設定項目]
primitive\datetime.htm#日,日時形式:日 [設定項目],日時形式 日 [設定項目]
primitive\datetime.htm#時,日時形式:時 [設定項目],日時形式 時 [設定項目]
primitive\datetime.htm#分,日時形式:分 [設定項目],日時形式 分 [設定項目]
primitive\datetime.htm#ミリ秒,日時形式:ミリ秒 [設定項目],日時形式 ミリ秒 [設定項目]
primitive\datetime.htm#整数値,日時形式:整数値 [設定項目],日時形式 整数値 [設定項目]
primitive\datetime.htm#曜日,日時形式:曜日 [設定項目],日時形式 曜日 [設定項目]
primitive\datetime.htm#曜日番号,日時形式:曜日番号 [設定項目],日時形式 曜日番号 [設定項目]
primitive\datetime.htm#週番号,日時形式:週番号 [設定項目],日時形式 週番号 [設定項目]
primitive\datetime.htm#翌月,日時形式:翌月 [設定項目],日時形式 翌月 [設定項目]
primitive\datetime.htm#前月,日時形式:前月 [設定項目],日時形式 前月 [設定項目]
primitive\datetime.htm#月初,日時形式:月初 [設定項目],日時形式 月初 [設定項目]
primitive\datetime.htm#月末,日時形式:月末 [設定項目],日時形式 月末 [設定項目]
primitive\datetime.htm#六曜,日時形式:六曜 [設定項目],日時形式 六曜 [設定項目]
primitive\datetime.htm#旧暦,日時形式:旧暦 [設定項目],日時形式 旧暦 [設定項目]
primitive\datetime.htm#UNIX時間,日時形式:UNIX時間 [設定項目],日時形式 UNIX時間 [設定項目]
primitive\datetime.htm#sample2,逆引き「今日の日付と現在時刻を表します」,今日の日付と現在時刻を表します
primitive\datetime.htm#sample1,逆引き「一日後の日付を求める」,一日後の日付を求める
primitive\datetime.htm#sample3,逆引き「歳を求める」,歳を求める
primitive\datetime.htm#後,逆引き「2日後の日付を求める」,2日後の日付を求める
primitive\datetime.htm#後,逆引き「１０ヶ月後の日付を求める」,１０ヶ月後の日付を求める
primitive\datetime.htm#整える,逆引き「日時を書式に整える」,日時を書式に整える
primitive\datetime.htm#整える,逆引き「日付を特定の書式で表示する」,日付を特定の書式で表示する
primitive\decimal.htm,固定小数, 固定小数 種類 基本型 データ型
primitive\dictionary.htm,辞書, 辞書 種類 基本型 データ型 ハッシュテーブル 連想配列
primitive\dictionary.htm#削除する,辞書:削除する [手順],辞書 削除する [手順]
primitive\dictionary.htm#設定する,辞書:設定する [手順],辞書 設定する [手順]
primitive\dictionary.htm#一括設定する,辞書:一括設定する [手順],辞書 一括設定する [手順]
primitive\dictionary.htm#存在する,辞書:存在する [手順],辞書 存在する [手順]
primitive\dictionary.htm#得る,辞書:得る [手順],辞書 得る [手順]
primitive\dictionary.htm#内容,辞書:内容 [設定項目],辞書 内容 [設定項目]
primitive\dictionary.htm#見出し,辞書:見出し [設定項目],辞書 見出し [設定項目]
primitive\dictionary.htm#個数,辞書:個数 [設定項目],辞書 個数 [設定項目]
primitive\double.htm,倍浮動小数, 倍浮動小数 種類 基本型 データ型 倍浮動小数点型
primitive\encoding.htm,文字コード, 文字コード 種類 エンコード
primitive\enum.htm,列挙値, 列挙値 種類 基本型 データ型
primitive\enum.htm#含まれるかどうか,列挙値:含まれるかどうか [手順],列挙値 含まれるかどうか [手順]
primitive\enum.htm#内容,列挙値:内容 [設定項目],列挙値 内容 [設定項目]
primitive\enum.htm#値,列挙値:値 [設定項目],列挙値 値 [設定項目]
primitive\fcltypes.htm,.NETクラスと対応する種類, .NETクラスと対応する種類 種類 基本型 データ型
primitive\fixedarray.htm,固定長配列, 固定長配列 種類 基本型 データ型 固定配列
primitive\fixedarray.htm#交換する,固定長配列:交換する [手順],固定長配列 交換する [手順]
primitive\fixedarray.htm#探す,固定長配列:探す [手順],固定長配列 探す [手順]
primitive\fixedarray.htm#大小区別しないで探す,固定長配列:大小区別しないで探す [手順],固定長配列 大小区別しないで探す [手順]
primitive\fixedarray.htm#完全一致で探す,固定長配列:完全一致で探す [手順],固定長配列 完全一致で探す [手順]
primitive\fixedarray.htm#取り出す,固定長配列:取り出す [手順],固定長配列 取り出す [手順]
primitive\fixedarray.htm#大小区別しないで取り出す,固定長配列:大小区別しないで取り出す [手順],固定長配列 大小区別しないで取り出す [手順]
primitive\fixedarray.htm#完全一致で取り出す,固定長配列:完全一致で取り出す [手順],固定長配列 完全一致で取り出す [手順]
primitive\fixedarray.htm#繋げる,固定長配列:繋げる [手順],固定長配列 繋げる [手順]
primitive\fixedarray.htm#最大値,固定長配列:最大値 [手順],固定長配列 最大値 [手順]
primitive\fixedarray.htm#最小値,固定長配列:最小値 [手順],固定長配列 最小値 [手順]
primitive\fixedarray.htm#合計,固定長配列:合計 [手順],固定長配列 合計 [手順]
primitive\fixedarray.htm#平均,固定長配列:平均 [手順],固定長配列 平均 [手順]
primitive\fixedarray.htm#偏差値,固定長配列:偏差値 [手順],固定長配列 偏差値 [手順]
primitive\fixedarray.htm#並べ替える,固定長配列:並べ替える [手順],固定長配列 並べ替える [手順]
primitive\fixedarray.htm#内容,固定長配列:内容 [設定項目],固定長配列 内容 [設定項目]
primitive\fixedarray.htm#個数,固定長配列:個数 [設定項目],固定長配列 個数 [設定項目]
primitive\fixedarray.htm#クローン,固定長配列:クローン [設定項目],固定長配列 クローン [設定項目]
primitive\float.htm,浮動小数, 浮動小数 種類 基本型 データ型 浮動小数点型
primitive\font.htm,フォント, フォント 種類
primitive\font.htm#内容,フォント:内容 [設定項目],フォント 内容 [設定項目]
primitive\font.htm#サイズ,フォント:サイズ [設定項目],フォント サイズ [設定項目]
primitive\font.htm#名前,フォント:名前 [設定項目],フォント 名前 [設定項目]
primitive\font.htm#装飾,フォント:装飾 [設定項目],フォント 装飾 [設定項目]
primitive\font.htm#sample1,逆引き「GUI部品のフォントを設定する」,GUI部品のフォントを設定する
primitive\font.htm#sample2,逆引き「フォントをキャンバスにすべて列挙する」,フォントをキャンバスにすべて列挙する
primitive\icon.htm,プロデルアイコン, プロデルアイコン 種類 基本型 ico
primitive\icon.htm#保存する,プロデルアイコン:保存する [手順],プロデルアイコン 保存する [手順]
primitive\icon.htm#画像化する,プロデルアイコン:画像化する [手順],プロデルアイコン 画像化する [手順]
primitive\icon.htm#内容,プロデルアイコン:内容 [設定項目],プロデルアイコン 内容 [設定項目]
primitive\icon.htm#幅,プロデルアイコン:幅 [設定項目],プロデルアイコン 幅 [設定項目]
primitive\icon.htm#高さ,プロデルアイコン:高さ [設定項目],プロデルアイコン 高さ [設定項目]
primitive\icon.htm#大きさ,プロデルアイコン:大きさ [設定項目],プロデルアイコン 大きさ [設定項目]
primitive\icon.htm#ハンドル,プロデルアイコン:ハンドル [設定項目],プロデルアイコン ハンドル [設定項目]
primitive\icon.htm#sample1,逆引き「アイコンファイルのイメージサイズを取得する」,アイコンファイルのイメージサイズを取得する
primitive\image.htm,画像, 画像 種類 基本型 ビットマップ BMP PNG JPG
primitive\image.htm#保存する,画像:保存する [手順],画像 保存する [手順]
primitive\image.htm#切り取る,画像:切り取る [手順],画像 切り取る [手順]
primitive\image.htm#リサイズする,画像:リサイズする [手順],画像 リサイズする [手順]
primitive\image.htm#サムネイル化する,画像:サムネイル化する [手順],画像 サムネイル化する [手順]
primitive\image.htm#回転する,画像:回転する [手順],画像 回転する [手順]
primitive\image.htm#バイナリ配列で取得する,画像:バイナリ配列で取得する [手順],画像 バイナリ配列で取得する [手順]
primitive\image.htm#色を取得する,画像:色を取得する [手順],画像 色を取得する [手順]
primitive\image.htm#設定する,画像:設定する [手順],画像 設定する [手順]
primitive\image.htm#透明化する,画像:透明化する [手順],画像 透明化する [手順]
primitive\image.htm#配列化する,画像:配列化する [手順],画像 配列化する [手順]
primitive\image.htm#変換する,画像:変換する [手順],画像 変換する [手順]
primitive\image.htm#内容,画像:内容 [設定項目],画像 内容 [設定項目]
primitive\image.htm#幅,画像:幅 [設定項目],画像 幅 [設定項目]
primitive\image.htm#高さ,画像:高さ [設定項目],画像 高さ [設定項目]
primitive\image.htm#sample1,逆引き「画像ファイルのイメージサイズを取得する」,画像ファイルのイメージサイズを取得する
primitive\index.htm,基本的なデータ型, 基本的なデータ型
primitive\int.htm,整数, 整数 種類 基本型 データ型 整数型
primitive\long.htm,長整数, 長整数 種類 基本型 データ型
primitive\multiarray.htm,多次元配列, 多次元配列 種類 基本型 データ型 固定配列
primitive\multiarray.htm#内容,多次元配列:内容 [設定項目],多次元配列 内容 [設定項目]
primitive\multiarray.htm#個数,多次元配列:個数 [設定項目],多次元配列 個数 [設定項目]
primitive\multiarray.htm#個数一覧,多次元配列:個数一覧 [設定項目],多次元配列 個数一覧 [設定項目]
primitive\multiarray.htm#次元数,多次元配列:次元数 [設定項目],多次元配列 次元数 [設定項目]
primitive\multiarray.htm#クローン,多次元配列:クローン [設定項目],多次元配列 クローン [設定項目]
primitive\netobject.htm,ネット物, ネット物 種類 ドットネット型 データ型
primitive\netobject.htm#値,ネット物:値 [設定項目],ネット物 値 [設定項目]
primitive\number.htm,数値, 数値 種類 基本型 固定小数 長整数 整数 浮動小数 倍浮動小数 データ型
primitive\number.htm#整える,数値:整える [手順],数値 整える [手順]
primitive\number.htm#値,数値:値 [設定項目],数値 値 [設定項目]
primitive\number.htm#内容,数値:内容 [設定項目],数値 内容 [設定項目]
primitive\padding.htm,内余白, 内余白 種類 構造体
primitive\padding.htm#余白,内余白:余白 [設定項目],内余白 余白 [設定項目]
primitive\padding.htm#左,内余白:左 [設定項目],内余白 左 [設定項目]
primitive\padding.htm#右,内余白:右 [設定項目],内余白 右 [設定項目]
primitive\padding.htm#左右,内余白:左右 [設定項目],内余白 左右 [設定項目]
primitive\padding.htm#上,内余白:上 [設定項目],内余白 上 [設定項目]
primitive\padding.htm#下,内余白:下 [設定項目],内余白 下 [設定項目]
primitive\padding.htm#上下,内余白:上下 [設定項目],内余白 上下 [設定項目]
primitive\padding.htm#大きさ,内余白:大きさ [設定項目],内余白 大きさ [設定項目]
primitive\padding.htm#内容,内余白:内容 [設定項目],内余白 内容 [設定項目]
primitive\point.htm,座標, 座標 種類 構造体
primitive\point.htm#あるかどうか,座標:あるかどうか [手順],座標 あるかどうか [手順]
primitive\point.htm#横,座標:横 [設定項目],座標 横 [設定項目]
primitive\point.htm#縦,座標:縦 [設定項目],座標 縦 [設定項目]
primitive\point.htm#X,座標:X [設定項目],座標 X [設定項目]
primitive\point.htm#Y,座標:Y [設定項目],座標 Y [設定項目]
primitive\point.htm#内容,座標:内容 [設定項目],座標 内容 [設定項目]
primitive\point.htm#sample1,逆引き「座標を指定する」,座標を指定する
primitive\point.htm#sample2,逆引き「座標が矩形の範囲にあるかどうか判定する」,座標が矩形の範囲にあるかどうか判定する
primitive\pointf.htm,浮動小数座標, 浮動小数座標 種類 構造体
primitive\pointf.htm#横,浮動小数座標:横 [設定項目],浮動小数座標 横 [設定項目]
primitive\pointf.htm#縦,浮動小数座標:縦 [設定項目],浮動小数座標 縦 [設定項目]
primitive\pointf.htm#X,浮動小数座標:X [設定項目],浮動小数座標 X [設定項目]
primitive\pointf.htm#Y,浮動小数座標:Y [設定項目],浮動小数座標 Y [設定項目]
primitive\pointf.htm#内容,浮動小数座標:内容 [設定項目],浮動小数座標 内容 [設定項目]
primitive\range.htm,範囲型, 範囲型 種類 構造体
primitive\range.htm#内容,範囲型:内容 [設定項目],範囲型 内容 [設定項目]
primitive\range.htm#開始値,範囲型:開始値 [設定項目],範囲型 開始値 [設定項目]
primitive\range.htm#終了値,範囲型:終了値 [設定項目],範囲型 終了値 [設定項目]
primitive\rectangle.htm,矩形, 矩形 種類 構造体
primitive\rectangle.htm#交差する,矩形:交差する [手順],矩形 交差する [手順]
primitive\rectangle.htm#拡大する,矩形:拡大する [手順],矩形 拡大する [手順]
primitive\rectangle.htm#含まれる,矩形:含まれる [手順],矩形 含まれる [手順]
primitive\rectangle.htm#含む,矩形:含む [手順],矩形 含む [手順]
primitive\rectangle.htm#横,矩形:横 [設定項目],矩形 横 [設定項目]
primitive\rectangle.htm#幅,矩形:幅 [設定項目],矩形 幅 [設定項目]
primitive\rectangle.htm#高さ,矩形:高さ [設定項目],矩形 高さ [設定項目]
primitive\rectangle.htm#大きさ,矩形:大きさ [設定項目],矩形 大きさ [設定項目]
primitive\rectangle.htm#位置,矩形:位置 [設定項目],矩形 位置 [設定項目]
primitive\rectangle.htm#右,矩形:右 [設定項目],矩形 右 [設定項目]
primitive\rectangle.htm#下,矩形:下 [設定項目],矩形 下 [設定項目]
primitive\rectangle.htm#内容,矩形:内容 [設定項目],矩形 内容 [設定項目]
primitive\rectangle.htm#sample1,逆引き「矩形を指定する」,矩形を指定する
primitive\short.htm,短整数, 短整数 種類 基本型 データ型
primitive\size.htm,サイズ, サイズ 種類 構造体
primitive\size.htm#幅,サイズ:幅 [設定項目],サイズ 幅 [設定項目]
primitive\size.htm#高さ,サイズ:高さ [設定項目],サイズ 高さ [設定項目]
primitive\size.htm#内容,サイズ:内容 [設定項目],サイズ 内容 [設定項目]
primitive\size.htm#sample1,逆引き「部品の幅と高さを取得する」,部品の幅と高さを取得する
primitive\sizef.htm,浮動小数サイズ, 浮動小数サイズ 種類 構造体
primitive\sizef.htm#幅,浮動小数サイズ:幅 [設定項目],浮動小数サイズ 幅 [設定項目]
primitive\sizef.htm#高さ,浮動小数サイズ:高さ [設定項目],浮動小数サイズ 高さ [設定項目]
primitive\sizef.htm#内容,浮動小数サイズ:内容 [設定項目],浮動小数サイズ 内容 [設定項目]
primitive\string.htm,文字列, 文字列 種類 基本型 データ型 文字列型
primitive\string.htm#数える,文字列:数える [手順],文字列 数える [手順]
primitive\string.htm#スペースを消す,文字列:スペースを消す [手順],文字列 スペースを消す [手順]
primitive\string.htm#両スペースを消す,文字列:両スペースを消す [手順],文字列 両スペースを消す [手順]
primitive\string.htm#左スペースを消す,文字列:左スペースを消す [手順],文字列 左スペースを消す [手順]
primitive\string.htm#右スペースを消す,文字列:右スペースを消す [手順],文字列 右スペースを消す [手順]
primitive\string.htm#先頭から消す,文字列:先頭から消す [手順],文字列 先頭から消す [手順]
primitive\string.htm#末尾から消す,文字列:末尾から消す [手順],文字列 末尾から消す [手順]
primitive\string.htm#探す,文字列:探す [手順],文字列 探す [手順]
primitive\string.htm#前方向へ探す,文字列:前方向へ探す [手順],文字列 前方向へ探す [手順]
primitive\string.htm#置換する,文字列:置換する [手順],文字列 置換する [手順]
primitive\string.htm#置換する,文字列:置換する [手順],文字列 置換する [手順]
primitive\string.htm#文字目,文字列:文字目 [手順],文字列 文字目 [手順]
primitive\string.htm#文字目以降,文字列:文字目以降 [手順],文字列 文字目以降 [手順]
primitive\string.htm#抽出する,文字列:抽出する [手順],文字列 抽出する [手順]
primitive\string.htm#取り出す,文字列:取り出す [手順],文字列 取り出す [手順]
primitive\string.htm#先頭から取り出す,文字列:先頭から取り出す [手順],文字列 先頭から取り出す [手順]
primitive\string.htm#末尾から取り出す,文字列:末尾から取り出す [手順],文字列 末尾から取り出す [手順]
primitive\string.htm#取り替える,文字列:取り替える [手順],文字列 取り替える [手順]
primitive\string.htm#加えたもの,文字列:加えたもの [手順],文字列 加えたもの [手順]
primitive\string.htm#先頭に加えたもの,文字列:先頭に加えたもの [手順],文字列 先頭に加えたもの [手順]
primitive\string.htm#末尾に加えたもの,文字列:末尾に加えたもの [手順],文字列 末尾に加えたもの [手順]
primitive\string.htm#挿入する,文字列:挿入する [手順],文字列 挿入する [手順]
primitive\string.htm#埋める,文字列:埋める [手順],文字列 埋める [手順]
primitive\string.htm#よみがな,文字列:よみがな [手順],文字列 よみがな [手順]
primitive\string.htm#ローマ字,文字列:ローマ字 [手順],文字列 ローマ字 [手順]
primitive\string.htm#配列化する,文字列:配列化する [手順],文字列 配列化する [手順]
primitive\string.htm#辞書化する,文字列:辞書化する [手順],文字列 辞書化する [手順]
primitive\string.htm#数列化する,文字列:数列化する [手順],文字列 数列化する [手順]
primitive\string.htm#テーブル化する,文字列:テーブル化する [手順],文字列 テーブル化する [手順]
primitive\string.htm#始まる,文字列:始まる [手順],文字列 始まる [手順]
primitive\string.htm#終わる,文字列:終わる [手順],文字列 終わる [手順]
primitive\string.htm#含む,文字列:含む [手順],文字列 含む [手順]
primitive\string.htm#囲む,文字列:囲む [手順],文字列 囲む [手順]
primitive\string.htm#内容,文字列:内容 [設定項目],文字列 内容 [設定項目]
primitive\string.htm#文字番号,文字列:文字番号 [設定項目],文字列 文字番号 [設定項目]
primitive\string.htm#ひらがな,文字列:ひらがな [設定項目],文字列 ひらがな [設定項目]
primitive\string.htm#カタカナ,文字列:カタカナ [設定項目],文字列 カタカナ [設定項目]
primitive\string.htm#半角,文字列:半角 [設定項目],文字列 半角 [設定項目]
primitive\string.htm#全角,文字列:全角 [設定項目],文字列 全角 [設定項目]
primitive\string.htm#文字数,文字列:文字数 [設定項目],文字列 文字数 [設定項目]
primitive\string.htm#大文字,文字列:大文字 [設定項目],文字列 大文字 [設定項目]
primitive\string.htm#小文字,文字列:小文字 [設定項目],文字列 小文字 [設定項目]
primitive\table.htm,表配列, 表配列
primitive\table.htm#列目を交換する,表配列:列目を交換する [手順],表配列 列目を交換する [手順]
primitive\table.htm#行目を交換する,表配列:行目を交換する [手順],表配列 行目を交換する [手順]
primitive\table.htm#探す,表配列:探す [手順],表配列 探す [手順]
primitive\table.htm#列目を消す,表配列:列目を消す [手順],表配列 列目を消す [手順]
primitive\table.htm#行目を消す,表配列:行目を消す [手順],表配列 行目を消す [手順]
primitive\table.htm#繋げる,表配列:繋げる [手順],表配列 繋げる [手順]
primitive\table.htm#最大値,表配列:最大値 [手順],表配列 最大値 [手順]
primitive\table.htm#最小値,表配列:最小値 [手順],表配列 最小値 [手順]
primitive\table.htm#合計,表配列:合計 [手順],表配列 合計 [手順]
primitive\table.htm#平均,表配列:平均 [手順],表配列 平均 [手順]
primitive\table.htm#偏差値,表配列:偏差値 [手順],表配列 偏差値 [手順]
primitive\table.htm#加える,表配列:加える [手順],表配列 加える [手順]
primitive\table.htm#追加する,表配列:追加する [手順],表配列 追加する [手順]
primitive\table.htm#一括追加する,表配列:一括追加する [手順],表配列 一括追加する [手順]
primitive\table.htm#列目へ挿入する,表配列:列目へ挿入する [手順],表配列 列目へ挿入する [手順]
primitive\table.htm#行目へ挿入する,表配列:行目へ挿入する [手順],表配列 行目へ挿入する [手順]
primitive\table.htm#タブ区切りへ変換する,表配列:タブ区切りへ変換する [手順],表配列 タブ区切りへ変換する [手順]
primitive\table.htm#CSVへ変換する,表配列:CSVへ変換する [手順],表配列 CSVへ変換する [手順]
primitive\table.htm#並べ替える,表配列:並べ替える [手順],表配列 並べ替える [手順]
primitive\table.htm#内容,表配列:内容 [設定項目],表配列 内容 [設定項目]
primitive\table.htm#個数,表配列:個数 [設定項目],表配列 個数 [設定項目]
primitive\table.htm#クローン,表配列:クローン [設定項目],表配列 クローン [設定項目]
primitive\timespan.htm,日時期間形式, 日時期間形式 種類 構造体 TimeSpan
primitive\timespan.htm#足す,日時期間形式:足す [手順],日時期間形式 足す [手順]
primitive\timespan.htm#足す,日時期間形式:足す [手順],日時期間形式 足す [手順]
primitive\timespan.htm#後,日時期間形式:後 [手順],日時期間形式 後 [手順]
primitive\timespan.htm#引く,日時期間形式:引く [手順],日時期間形式 引く [手順]
primitive\timespan.htm#引く,日時期間形式:引く [手順],日時期間形式 引く [手順]
primitive\timespan.htm#前,日時期間形式:前 [手順],日時期間形式 前 [手順]
primitive\timespan.htm#時間差,日時期間形式:時間差 [手順],日時期間形式 時間差 [手順]
primitive\timespan.htm#整える,日時期間形式:整える [手順],日時期間形式 整える [手順]
primitive\timespan.htm#内容,日時期間形式:内容 [設定項目],日時期間形式 内容 [設定項目]
primitive\timespan.htm#日数,日時期間形式:日数 [設定項目],日時期間形式 日数 [設定項目]
primitive\timespan.htm#時間,日時期間形式:時間 [設定項目],日時期間形式 時間 [設定項目]
primitive\timespan.htm#分数,日時期間形式:分数 [設定項目],日時期間形式 分数 [設定項目]
primitive\timespan.htm#秒数,日時期間形式:秒数 [設定項目],日時期間形式 秒数 [設定項目]
primitive\timespan.htm#ミリ秒数,日時期間形式:ミリ秒数 [設定項目],日時期間形式 ミリ秒数 [設定項目]
primitive\timespan.htm#整数値,日時期間形式:整数値 [設定項目],日時期間形式 整数値 [設定項目]
primitive\timespan.htm#合計日数,日時期間形式:合計日数 [設定項目],日時期間形式 合計日数 [設定項目]
primitive\timespan.htm#合計時間,日時期間形式:合計時間 [設定項目],日時期間形式 合計時間 [設定項目]
primitive\timespan.htm#合計分数,日時期間形式:合計分数 [設定項目],日時期間形式 合計分数 [設定項目]
primitive\timespan.htm#合計秒数,日時期間形式:合計秒数 [設定項目],日時期間形式 合計秒数 [設定項目]
primitive\timespan.htm#合計ミリ秒数,日時期間形式:合計ミリ秒数 [設定項目],日時期間形式 合計ミリ秒数 [設定項目]
primitive\timespan.htm#後,逆引き「3時間後の経過時間を求める」,3時間後の経過時間を求める
primitive\timespan.htm#後,逆引き「3時間後の経過時間を求める」,3時間後の経過時間を求める
primitive\timespan.htm#後,逆引き「3時間後の経過時間を求める」,3時間後の経過時間を求める
primitive\timespan.htm#前,逆引き「15分前の経過時間を求める」,15分前の経過時間を求める
primitive\timespan.htm#前,逆引き「15分前の経過時間を求める」,15分前の経過時間を求める
primitive\timespan.htm#前,逆引き「15分前の経過時間を求める」,15分前の経過時間を求める
primitive\timespan.htm#時間差,逆引き「2つの経過時間の差を求める」,2つの経過時間の差を求める
primitive\timespan.htm#整える,逆引き「経過時間を決まった書式に整える」,経過時間を決まった書式に整える
syntax\about.html,対象限定文, 対象限定文 言語仕様
syntax\annotations.htm,"※ (プリプロセッサ, アノテーション)"," ※ (プリプロセッサ, アノテーション) 言語仕様 ※ プリプロセッサ アノテーション 記号"
syntax\array.html,配列の文法, 配列の文法 言語仕様 配列
syntax\block.html,ブロック式, ブロック式 言語仕様
syntax\cast.htm,矢印“←”（強制型変換）, 矢印“←”（強制型変換） 言語仕様 矢印 型変換 キャスト
syntax\class_modifiers.htm,"抽象的,実装なし,単一種類"," 抽象的,実装なし,単一種類 抽象的 実装なし 単一種類"
syntax\compareverb.html,比較動詞, 比較動詞
syntax\construct.html,種類, 種類 言語仕様
syntax\convertables.htm,型変換できる種類, 型変換できる種類
syntax\create.htm,「作る」文, 「作る」文 インスタンスの生成
syntax\datatype.html,値型と参照型, 値型と参照型
syntax\dictionary.html,辞書の文法, 辞書の文法 言語仕様 ハッシュテーブル 連想配列
syntax\exclamated.htm,感嘆符“！”（静的アクセス句）, 感嘆符“！”（静的アクセス句） 矢印 静的アクセス
syntax\expr.html,式, 式 言語仕様
syntax\exp_boldcircle.htm,【　】（変数定義）, 【　】（変数定義） 変数定義 記号
syntax\exp_square.htm,［　］（埋め込み式評価）, ［　］（埋め込み式評価） 埋め込み式評価 記号
syntax\foreach.htm,「それぞれ繰り返す」文, 「それぞれ繰り返す」文 言語仕様 制御文
syntax\forloop.html,繰り返し文, 繰り返し文 言語仕様 制御文 ループ
syntax\fukubun.htm,「複文」文, 「複文」文
syntax\if.html,条件判断文, 条件判断文 もし文 言語仕様 制御文
syntax\import.htm,「利用する」文, 「利用する」文 宣言文
syntax\index.htm,プロデル言語仕様, プロデル言語仕様 文法 プロデルの文法
syntax\minasu.htm,「みなす」文, 「みなす」文
syntax\number.html,数値の式, 数値の式
syntax\ope_ampersand.htm,＆ (文字列結合演算子), ＆ (文字列結合演算子) ＆ 演算子 記号
syntax\ordinal.htm,序数詞設定, 序数詞設定 変数定義 記号
syntax\particle.htm,助詞, 助詞
syntax\period.htm,句点“。”（文の区切り）, 句点“。”（文の区切り） 言語仕様 。 句点 記号
syntax\priority.html,式の優先度, 式の優先度
syntax\procedure.html,手順, 手順 言語仕様
syntax\procedurecall.html,手順呼出し文, 手順呼出し文
syntax\refer.htm,「参照する」文, 「参照する」文 プロデルファイル インポート
syntax\remark.htm,コメント/注釈, コメント/注釈 言語仕様 ーー ’ // /*～*/ コメント 注釈 記号
syntax\scope.html,有効範囲, 有効範囲 言語仕様
syntax\specification.html,プロデル文法仕様 Ver.2.0.1231, プロデル文法仕様 Ver.2.0.1231
syntax\stmt.html,文, 文
syntax\string.html,文字列の文法, 文字列の文法
syntax\subete.htm,「すべて」後置子, 「すべて」後置子
syntax\switch.html,分岐文, 分岐文 言語仕様
syntax\trycatch.html,例外監視文, 例外監視文 言語仕様
syntax\variable.html,変数と代入文, 変数と代入文 言語仕様
syntax\verb.htm,動詞, 動詞 言語仕様
tools\designer.htm,デザイナ, デザイナ
tools\designer.htm#終了する,デザイナ:終了する [手順],デザイナ 終了する [手順]
tools\designer.htm#新規作成する,デザイナ:新規作成する [手順],デザイナ 新規作成する [手順]
tools\designer.htm#開く,デザイナ:開く [手順],デザイナ 開く [手順]
tools\designer.htm#挿入する,デザイナ:挿入する [手順],デザイナ 挿入する [手順]
tools\designer.htm#ボタンを追加する,デザイナ:ボタンを追加する [手順],デザイナ ボタンを追加する [手順]
tools\designer.htm#ヘルプタブへ開く,デザイナ:ヘルプタブへ開く [手順],デザイナ ヘルプタブへ開く [手順]
tools\designer.htm#ドキュメント一覧,デザイナ:ドキュメント一覧 [設定項目],デザイナ ドキュメント一覧 [設定項目]
tools\designer.htm#表示ドキュメント一覧,デザイナ:表示ドキュメント一覧 [設定項目],デザイナ 表示ドキュメント一覧 [設定項目]
tools\designer.htm#現在ドキュメント,デザイナ:現在ドキュメント [設定項目],デザイナ 現在ドキュメント [設定項目]
tools\designeraddin.htm,プロデルデザイナツール, プロデルデザイナツール Webサーバ
tools\designerdebugger.htm,デザイナデバッガ, デザイナデバッガ
tools\designerdebugger.htm#実行する,デザイナデバッガ:実行する [手順],デザイナデバッガ 実行する [手順]
tools\designerdebugger.htm#ContentType,デザイナデバッガ:ContentType [設定項目],デザイナデバッガ ContentType [設定項目]
tools\designerdebugger.htm#ContentLength,デザイナデバッガ:ContentLength [設定項目],デザイナデバッガ ContentLength [設定項目]
tools\designerdebugger.htm#エンコード,デザイナデバッガ:エンコード [設定項目],デザイナデバッガ エンコード [設定項目]
tools\designerdocument.htm,デザイナドキュメント, デザイナドキュメント
tools\designerdocument.htm#実行する,デザイナドキュメント:実行する [手順],デザイナドキュメント 実行する [手順]
tools\designerdocument.htm#カーソル位置,デザイナドキュメント:カーソル位置 [設定項目],デザイナドキュメント カーソル位置 [設定項目]
tools\designerdocument.htm#選択文字数,デザイナドキュメント:選択文字数 [設定項目],デザイナドキュメント 選択文字数 [設定項目]
tools\designerdocument.htm#行番号,デザイナドキュメント:行番号 [設定項目],デザイナドキュメント 行番号 [設定項目]
tools\designerdocument.htm#モデル,デザイナドキュメント:モデル [設定項目],デザイナドキュメント モデル [設定項目]
tools\designerdocument.htm#現在種類,デザイナドキュメント:現在種類 [設定項目],デザイナドキュメント 現在種類 [設定項目]
tools\designerdocument.htm#現在手順,デザイナドキュメント:現在手順 [設定項目],デザイナドキュメント 現在手順 [設定項目]
tools\designertoolbutton.htm,デザイナツールボタン, デザイナツールボタン
tools\designertoolbutton.htm#内容,デザイナツールボタン:内容 [設定項目],デザイナツールボタン 内容 [設定項目]
tools\designertoolbutton.htm#説明,デザイナツールボタン:説明 [設定項目],デザイナツールボタン 説明 [設定項目]
tools\designertoolbutton.htm#画像,デザイナツールボタン:画像 [設定項目],デザイナツールボタン 画像 [設定項目]
tools\designertoolbutton.htm#画像透明色,デザイナツールボタン:画像透明色 [設定項目],デザイナツールボタン 画像透明色 [設定項目]
tools\web\index.htm,Webアプリ, Webアプリ Webサーバ
tools\web\rdrcgi.html,プロデルCGI - プロデルマニュアル,
tools\web\server-request.htm,要求, 要求 種類 リクエスト
tools\web\server-request.htm#引数を取得する,要求:引数を取得する [手順],要求 引数を取得する [手順]
tools\web\server-request.htm#クエリ引数を得る,要求:クエリ引数を得る [手順],要求 クエリ引数を得る [手順]
tools\web\server-request.htm#フィールド値を得る,要求:フィールド値を得る [手順],要求 フィールド値を得る [手順]
tools\web\server-request.htm#クッキーを取得する,要求:クッキーを取得する [手順],要求 クッキーを取得する [手順]
tools\web\server-request.htm#ヘッダを取得する,要求:ヘッダを取得する [手順],要求 ヘッダを取得する [手順]
tools\web\server-request.htm#セッション項目を取得する,要求:セッション項目を取得する [手順],要求 セッション項目を取得する [手順]
tools\web\server-request.htm#参照元,要求:参照元 [設定項目],要求 参照元 [設定項目]
tools\web\server-request.htm#ユーザエージェント,要求:ユーザエージェント [設定項目],要求 ユーザエージェント [設定項目]
tools\web\server-request.htm#IPアドレス,要求:IPアドレス [設定項目],要求 IPアドレス [設定項目]
tools\web\server-request.htm#ホスト名,要求:ホスト名 [設定項目],要求 ホスト名 [設定項目]
tools\web\server-request.htm#要求アドレス,要求:要求アドレス [設定項目],要求 要求アドレス [設定項目]
tools\web\server-request.htm#HTTPメソッド,要求:HTTPメソッド [設定項目],要求 HTTPメソッド [設定項目]
tools\web\server-request.htm#エンコード,要求:エンコード [設定項目],要求 エンコード [設定項目]
tools\web\server-request.htm#ヘッダ一覧,要求:ヘッダ一覧 [設定項目],要求 ヘッダ一覧 [設定項目]
tools\web\server-request.htm#引数一覧,要求:引数一覧 [設定項目],要求 引数一覧 [設定項目]
tools\web\server-request.htm#sample1,逆引き「リクエストからパラメータの値を取得する」,リクエストからパラメータの値を取得する
tools\web\server-request.htm#引数を取得する,逆引き「引数値を取得する」,引数値を取得する
tools\web\server-request.htm#クエリ引数を得る,逆引き「GETの引数値を取得する」,GETの引数値を取得する
tools\web\server-request.htm#フィールド値を得る,逆引き「POSTフォームのフィールド値を取得する」,POSTフォームのフィールド値を取得する
tools\web\server-request.htm#クッキーを取得する,逆引き「Cookieの値を取得する」,Cookieの値を取得する
tools\web\server-request.htm#ヘッダを取得する,逆引き「Refererを取得する」,Refererを取得する
tools\web\server-request.htm#セッション項目を取得する,逆引き「セッション値を取得する」,セッション値を取得する
tools\web\server-response.htm,応答, 応答 種類 レスポンス
tools\web\server-response.htm#ファイルを送る,応答:ファイルを送る [手順],応答 ファイルを送る [手順]
tools\web\server-response.htm#送る,応答:送る [手順],応答 送る [手順]
tools\web\server-response.htm#リダイレクトする,応答:リダイレクトする [手順],応答 リダイレクトする [手順]
tools\web\server-response.htm#クッキーへ設定する,応答:クッキーへ設定する [手順],応答 クッキーへ設定する [手順]
tools\web\server-response.htm#クッキーを削除する,応答:クッキーを削除する [手順],応答 クッキーを削除する [手順]
tools\web\server-response.htm#ヘッダへ設定する,応答:ヘッダへ設定する [手順],応答 ヘッダへ設定する [手順]
tools\web\server-response.htm#セッション項目へ設定する,応答:セッション項目へ設定する [手順],応答 セッション項目へ設定する [手順]
tools\web\server-response.htm#セッション項目をクリアする,応答:セッション項目をクリアする [手順],応答 セッション項目をクリアする [手順]
tools\web\server-response.htm#ContentType,応答:ContentType [設定項目],応答 ContentType [設定項目]
tools\web\server-response.htm#ContentLength,応答:ContentLength [設定項目],応答 ContentLength [設定項目]
tools\web\server-response.htm#エンコード,応答:エンコード [設定項目],応答 エンコード [設定項目]
tools\web\server-response.htm#sample1,逆引き「ContentTypeを指定して本文を送る」,ContentTypeを指定して本文を送る
tools\web\server-response.htm#sample2,逆引き「別のURLへリダイレクトさせる」,別のURLへリダイレクトさせる
tools\web\server-response.htm#sample3,逆引き「Cookieに値を設定して送信する」,Cookieに値を設定して送信する
tools\web\server-response.htm#ファイルを送る,逆引き「ファイルをレスポンスとして送信する」,ファイルをレスポンスとして送信する
tools\web\server-response.htm#リダイレクトする,逆引き「別のURLへリダイレクトする」,別のURLへリダイレクトする
tools\web\server-response.htm#クッキーへ設定する,逆引き「クッキーへ設定する」,クッキーへ設定する
tools\web\server-response.htm#クッキーを削除する,逆引き「クッキーを削除する」,クッキーを削除する
tools\web\server-response.htm#ヘッダへ設定する,逆引き「ヘッダへ設定する」,ヘッダへ設定する
tools\web\server-response.htm#セッション項目へ設定する,逆引き「セッション項目へ設定する」,セッション項目へ設定する
tools\web\server-response.htm#セッション項目をクリアする,逆引き「セッション項目をクリアする」,セッション項目をクリアする
tools\web\webserver.html,プロデルWebサーバ - プロデルマニュアル,
verbs\1baitodakejusinsuru.html,1バイトだけ受信する, 1バイトだけ受信する
verbs\acos.html,acos, acos
verbs\ageru.html,上げる, 上げる
verbs\aikonhehenkansuru.html,アイコンへ変換する, アイコンへ変換する
verbs\aikontositesyutokusuru.html,アイコンとして取得する, アイコンとして取得する
verbs\akaruku.html,明るく, 明るく
verbs\akusesubiwohenkousuru.html,アクセス日を変更する, アクセス日を変更する
verbs\akusesuhi.html,アクセス日, アクセス日
verbs\akuthibukasuru.html,アクティブ化する, アクティブ化する
verbs\anbokkusukameireiwokakikomu.html,アンボックス化命令を書き込む, アンボックス化命令を書き込む
verbs\angoukasitehozonsuru.html,暗号化して保存する, 暗号化して保存する
verbs\angoukasuru.html,暗号化する, 暗号化する
verbs\appuro-dosuru.html,アップロードする, アップロードする
verbs\arufabettodearu.html,アルファベットである, アルファベットである
verbs\arukadouka.html,あるかどうか, あるかどうか
verbs\asin.html,asin, asin
verbs\assyukusuru.html,圧縮する, 圧縮する
verbs\asuki-bangou.html,アスキー番号, アスキー番号
verbs\ataidakesyutokusuru.html,値だけ取得する, 値だけ取得する
verbs\ataiitiran.html,値一覧, 値一覧
verbs\ataiwokuriasuru.html,値をクリアする, 値をクリアする
verbs\ataiwosetteisuru.html,値を設定する, 値を設定する
verbs\ataiwosyutokusuru.html,値を取得する, 値を取得する
verbs\atan.html,atan, atan
verbs\atarasiiraberuwosengensuru.html,新しいラベルを宣言する, 新しいラベルを宣言する
verbs\atarasiiwa-kubukkuwosakuseisuru.html,新しいワークブックを作成する, 新しいワークブックを作成する
verbs\atarasiiwa-kusi-towosakuseisuru.html,新しいワークシートを作成する, 新しいワークシートを作成する
verbs\atoheidousuru.html,後へ移動する, 後へ移動する
verbs\ato.html,後, 後
verbs\bainaritositesyutokusuru.html,バイナリとして取得する, バイナリとして取得する
verbs\bainarikeisikidesousinsuru.html,バイナリ形式で送信する, バイナリ形式で送信する
verbs\bainarikeisikidejusinsaseru.html,バイナリ形式で受信させる, バイナリ形式で受信させる
verbs\bainarikasuru.html,バイナリ化する, バイナリ化する
verbs\bainarikeisikidejusinsuru.html,バイナリ形式で受信する, バイナリ形式で受信する
verbs\bainarikeisikidesoujusinsuru.html,バイナリ形式で送受信する, バイナリ形式で送受信する
verbs\bainarihairetudesyutokusuru.html,バイナリ配列で取得する, バイナリ配列で取得する
verbs\bainarihairetuhehenkansuru.html,バイナリ配列へ変換する, バイナリ配列へ変換する
verbs\bainarihairetukarahenkansuru.html,バイナリ配列から変換する, バイナリ配列から変換する
verbs\bainarihairetutositesyutokusuru.html,バイナリ配列として取得する, バイナリ配列として取得する
verbs\baiseidohudousyousuutensuutositekakikomu.html,倍精度浮動小数点数として書き込む, 倍精度浮動小数点数として書き込む
verbs\baitotositekakikomu.html,バイトとして書き込む, バイトとして書き込む
verbs\banmehehasamu.html,番目へ挟む, 番目へ挟む
verbs\banmewokesu.html,番目を消す, 番目を消す
verbs\banmewosyutokusuru.html,番目を取得する, 番目を取得する
verbs\bi-puonwonarasu.html,ビープ音を鳴らす, ビープ音を鳴らす
verbs\bingru.html,Bingる, Bingる
verbs\bingsuru.html,Bingする, Bingする
verbs\bokasu.html,ぼかす, ぼかす
verbs\bokkusukameireiwokakikomu.html,ボックス化命令を書き込む, ボックス化命令を書き込む
verbs\botanwotuikasuru.html,ボタンを追加する, ボタンを追加する
verbs\bukkuma-kuniidousuru.html,ブックマークに移動する, ブックマークに移動する
verbs\bukkuma-kuwotourokusuru.html,ブックマークを登録する, ブックマークを登録する
verbs\bukkuwotuikasuru.html,ブックを追加する, ブックを追加する
verbs\bunkatusuru.html,分割する, 分割する
verbs\bunsyouwotuikasuru.html,文章を追加する, 文章を追加する
verbs\byu-gasonzaisuru.html,ビューが存在する, ビューが存在する
verbs\cos.html,cos, cos
verbs\csvhehenkansuru.html,CSVへ変換する, CSVへ変換する
verbs\daburukurikkusaseru.html,ダブルクリックさせる, ダブルクリックさせる
verbs\dainarihikakumeireiwokakikomu.html,大なり比較命令を書き込む, 大なり比較命令を書き込む
verbs\dainyuusuru.html,代入する, 代入する
verbs\daisyoukubetusinaidesagasu.html,大小区別しないで探す, 大小区別しないで探す
verbs\daisyoukubetusinaidetoridasu.html,大小区別しないで取り出す, 大小区別しないで取り出す
verbs\danpudesyutokusuru.html,ダンプで取得する, ダンプで取得する
verbs\daunro-dokaisisuru.html,ダウンロード開始する, ダウンロード開始する
verbs\daunro-dosuru.html,ダウンロードする, ダウンロードする
verbs\de-tagatawosyutokusuru.html,データ型を取得する, データ型を取得する
verbs\de-tahyoutositesyutokusuru.html,データ表として取得する, データ表として取得する
verbs\de-tasekusyonwokuwaeru.html,データセクションを加える, データセクションを加える
verbs\de-tasekusyonwotukuru.html,データセクションを作る, データセクションを作る
verbs\dhirekutorigasonzaisuru.html,ディレクトリが存在する, ディレクトリが存在する
verbs\dhirekutoriwosakujosuru.html,ディレクトリを削除する, ディレクトリを削除する
verbs\dhirekutoriwosakuseisuru.html,ディレクトリを作成する, ディレクトリを作成する
verbs\do-natugurahuwotukuru.html,ドーナツグラフを作る, ドーナツグラフを作る
verbs\doraibugariyoudekiru.html,ドライブが利用できる, ドライブが利用できる
verbs\doraibuwosyutoku.html,ドライブを取得, ドライブを取得
verbs\doukisitesaiseisuru.html,同期して再生する, 同期して再生する
verbs\dousatyuu.html,動作中, 動作中
verbs\dousiitiranwosyutokusuru.html,動詞一覧を取得する, 動詞一覧を取得する
verbs\dousiwosyutokusuru.html,動詞を取得する, 動詞を取得する
verbs\eda.html,枝, 枝
verbs\ekusupo-tosuru.html,エクスポートする, エクスポートする
verbs\enbosukakou.html,エンボス加工, エンボス加工
verbs\engurahuwotukuru.html,円グラフを作る, 円グラフを作る
verbs\enkowokaku.html,円弧を描く, 円弧を描く
verbs\enkowoegaku.html,円弧を描く, 円弧を描く
verbs\ensousuru.html,演奏する, 演奏する
verbs\enwokaku.html,円を描く, 円を描く
verbs\era-onwonarasu.html,エラー音を鳴らす, エラー音を鳴らす
verbs\era-wohasseisaseru.html,エラーを発生させる, エラーを発生させる
verbs\era-womusisuru.html,エラーを無視する, エラーを無視する
verbs\erabu.html,選ぶ, 選ぶ
verbs\eru.html,得る, 得る
verbs\fairugasonzaisuru.html,ファイルが存在する, ファイルが存在する
verbs\fairuitiranwosyutokusuru.html,ファイル一覧を取得する, ファイル一覧を取得する
verbs\fairukarakeisansuru.html,ファイルから計算する, ファイルから計算する
verbs\fairumeidake.html,ファイル名だけ, ファイル名だけ
verbs\fairusaizuwosyutokusuru.html,ファイルサイズを取得する, ファイルサイズを取得する
verbs\fairusyousaiitiranwosyutokusuru.html,ファイル詳細一覧を取得する, ファイル詳細一覧を取得する
verbs\fairuwohenkansuru.html,ファイルを変換する, ファイルを変換する
verbs\fairuwookuru.html,ファイルを送る, ファイルを送る
verbs\fairuzokuseiwosetteisuru.html,ファイル属性を設定する, ファイル属性を設定する
verbs\fairuzokuseiwosyutokusuru.html,ファイル属性を取得する, ファイル属性を取得する
verbs\fi-rudoataiwoeru.html,フィールド値を得る, フィールド値を得る
verbs\fi-rudosansyoumeireiwokakikomu.html,フィールド参照命令を書き込む, フィールド参照命令を書き込む
verbs\fi-rudowohairetutositetukuru.html,フィールドを配列として作る, フィールドを配列として作る
verbs\fi-rudowotukuru.html,フィールドを作る, フィールドを作る
verbs\fi-rudoyomikomimeireiwokakikomu.html,フィールド読み込み命令を書き込む, フィールド読み込み命令を書き込む
verbs\firutasuru.html,フィルタする, フィルタする
verbs\fo-kasusuru.html,フォーカスする, フォーカスする
verbs\fontowosentakusuru.html,フォントを選択する, フォントを選択する
verbs\forudadake.html,フォルダだけ, フォルダだけ
verbs\forudagasonzaisuru.html,フォルダが存在する, フォルダが存在する
verbs\forudawosakuseisuru.html,フォルダを作成する, フォルダを作成する
verbs\forudawosentakusuru.html,フォルダを選択する, フォルダを選択する
verbs\gamenniawasetesetteisuru.html,画面に合わせて設定する, 画面に合わせて設定する
verbs\gamenzentaiwotorikomu.html,画面全体を取り込む, 画面全体を取り込む
verbs\ganmahosei.html,ガンマ補正, ガンマ補正
verbs\gattisuru.html,合致する, 合致する
verbs\gazouhehenkansuru.html,画像へ変換する, 画像へ変換する
verbs\gazoukasuru.html,画像化する, 画像化する
verbs\gazoutositesyutokusuru.html,画像として取得する, 画像として取得する
verbs\gazoutositetuikasuru.html,画像として追加する, 画像として追加する
verbs\gazouwokaku.html,画像を描く, 画像を描く
verbs\gazouwoegaku.html,画像を描く, 画像を描く
verbs\gekkanyoteikarasakujosuru.html,月間予定から削除する, 月間予定から削除する
verbs\gekkanyoteitositetuika.html,月間予定として追加, 月間予定として追加
verbs\gekkanyoteiwokuriasuru.html,月間予定をクリアする, 月間予定をクリアする
verbs\genzaiwindouwotorikomu.html,現在ウィンドウを取り込む, 現在ウィンドウを取り込む
verbs\genzanmeireiwokakikomu.html,減算命令を書き込む, 減算命令を書き込む
verbs\gettawosetteisuru.html,ゲッタを設定する, ゲッタを設定する
verbs\gomibakoheidousuru.html,ごみ箱へ移動する, ごみ箱へ移動する
verbs\gomibakohesuguniidousuru.html,ごみ箱へすぐに移動する, ごみ箱へすぐに移動する
verbs\goukei.html,合計, 合計
verbs\gouseisuru.html,合成する, 合成する
verbs\guguru.html,ググる, ググる
verbs\guidtiwoseiseisuru.html,GUID値を生成する, GUID値を生成する
verbs\gureisuke-ruka.html,グレイスケール化, グレイスケール化
verbs\gyoumewotyouseisuru.html,行目を調整する, 行目を調整する
verbs\gyakukosain.html,逆コサイン, 逆コサイン
verbs\gyakurazian.html,逆ラジアン, 逆ラジアン
verbs\gyakusain.html,逆サイン, 逆サイン
verbs\gyakutanjento.html,逆タンジェント, 逆タンジェント
verbs\gyoubuhinwosyutokusuru.html,行部品を取得する, 行部品を取得する
verbs\gyoukugiri.html,行区切り, 行区切り
verbs\gyoumehesounyuusuru.html,行目へ挿入する, 行目へ挿入する
verbs\gyoumewokesu.html,行目を消す, 行目を消す
verbs\gyoumewokoukansuru.html,行目を交換する, 行目を交換する
verbs\gyoumewosyutokusuru.html,行目を取得する, 行目を取得する
verbs\gyousentakusuru.html,行選択する, 行選択する
verbs\gyousuu.html,行数, 行数
verbs\gyouwokuwaeru.html,行を加える, 行を加える
verbs\gyouwosounyuusuru.html,行を挿入する, 行を挿入する
verbs\hairetuwotukuru.html,配列を作る, 配列を作る
verbs\hairetutositetukuru.html,配列として作る, 配列として作る
verbs\hairetuyomikomimeireiwokakikomu.html,配列読み込み命令を書き込む, 配列読み込み命令を書き込む
verbs\hairetuseiseimeireiwokakikomu.html,配列生成命令を書き込む, 配列生成命令を書き込む
verbs\hairetukakikomimeireiwokakikomu.html,配列書き込み命令を書き込む, 配列書き込み命令を書き込む
verbs\hairetukasuru.html,配列化する, 配列化する
verbs\hairetusansyoumeireiwokakikomu.html,配列参照命令を書き込む, 配列参照命令を書き込む
verbs\haitatekironriwa.html,排他的論理和, 排他的論理和
verbs\hanaresaseru.html,離れさせる, 離れさせる
verbs\hanasisu.html,話す, 話す
verbs\hanasu.html,話す, 話す
verbs\hanbetusuru.html,判別する, 判別する
verbs\haneisuru.html,反映する, 反映する
verbs\hanisentakusuru.html,範囲選択する, 範囲選択する
verbs\hankakudearu.html,半角である, 半角である
verbs\hanpukumozi.html,反復文字, 反復文字
verbs\hanreiwotukuru.html,凡例を作る, 凡例を作る
verbs\hantensuru.html,反転する, 反転する
verbs\happyousiryouwotuikasuru.html,発表資料を追加する, 発表資料を追加する
verbs\haritukekanou.html,貼り付け可能, 貼り付け可能
verbs\haritukeru.html,貼り付ける, 貼り付ける
verbs\hasamu.html,挟む, 挟む
verbs\hazimaru.html,始まる, 始まる
verbs\hensuuwotukuru.html,変数を作る, 変数を作る
verbs\heddahesetteisuru.html,ヘッダへ設定する, ヘッダへ設定する
verbs\heddajouhouhesetteisuru.html,ヘッダ情報へ設定する, ヘッダ情報へ設定する
verbs\heddajouhouwosyutokusuru.html,ヘッダ情報を取得する, ヘッダ情報を取得する
verbs\heddawosyutokusuru.html,ヘッダを取得する, ヘッダを取得する
verbs\hensuuwokuwaeru.html,変数を加える, 変数を加える
verbs\hensuuyomikomimeireiwokakikomu.html,変数読み込み命令を書き込む, 変数読み込み命令を書き込む
verbs\heihoukon.html,平方根, 平方根
verbs\heikin.html,平均, 平均
verbs\henkansuru.html,変換する, 変換する
verbs\henkoukaisisuru.html,変更開始する, 変更開始する
verbs\henkousuru.html,変更する, 変更する
verbs\henkousyuuryousuru.html,変更終了する, 変更終了する
verbs\hensati.html,偏差値, 偏差値
verbs\hensuuitiranwosyutokusuru.html,変数一覧を取得する, 変数一覧を取得する
verbs\hensuukakikomimeireiwokakikomu.html,変数書き込み命令を書き込む, 変数書き込み命令を書き込む
verbs\hensuusansyoumeireiwokakikomu.html,変数参照命令を書き込む, 変数参照命令を書き込む
verbs\hensuuwohairetutositetukuru.html,変数を配列として作る, 変数を配列として作る
verbs\hensyuukaisisuru.html,編集開始する, 編集開始する
verbs\hensyuusuru.html,編集する, 編集する
verbs\hensyuusyuuryousuru.html,編集終了する, 編集終了する
verbs\hensyuutyuusisuru.html,編集中止する, 編集中止する
verbs\herasu.html,減らす, 減らす
verbs\heruputabuhehiraku.html,ヘルプタブへ開く, ヘルプタブへ開く
verbs\hikisuuyomikomimeireiwokakikomu.html,引数読み込み命令を書き込む, 引数読み込み命令を書き込む
verbs\hidarisihuto.html,左シフト, 左シフト
verbs\hidarisihutoenzanmeireiwokakikomu.html,左シフト演算命令を書き込む, 左シフト演算命令を書き込む
verbs\hidarisupe-suwokesu.html,左スペースを消す, 左スペースを消す
verbs\hidoukideensousuru.html,非同期で演奏する, 非同期で演奏する
verbs\hidoukidehanasu.html,非同期で話す, 非同期で話す
verbs\hidoukidehiraku.html,非同期で開く, 非同期で開く
verbs\hidukekeisiki.html,日付形式, 日付形式
verbs\hidukesa.html,日付差, 日付差
verbs\hihyouzisuru.html,非表示する, 非表示する
verbs\hikisuuhesetteisuru.html,引数へ設定する, 引数へ設定する
verbs\hikisuukakikomimeireiwokakikomu.html,引数書き込み命令を書き込む, 引数書き込み命令を書き込む
verbs\hikisuusansyoumeireiwokakikomu.html,引数参照命令を書き込む, 引数参照命令を書き込む
verbs\hikisuuwosyutokusuru.html,引数を取得する, 引数を取得する
verbs\hiku.html,引く, 引く
verbs\hiraganadearu.html,ひらがなである, ひらがなである
verbs\hiraku.html,開く, 開く
verbs\hirakufairuwosentakusuru.html,開くファイルを選択する, 開くファイルを選択する
verbs\hiteienzanmeireiwokakikomu.html,否定演算命令を書き込む, 否定演算命令を書き込む
verbs\hls.html,HLS, HLS
verbs\ho-muheidousuru.html,ホームへ移動する, ホームへ移動する
verbs\hogosuru.html,保護する, 保護する
verbs\hoi-rukaitensaseru.html,ホイール回転させる, ホイール回転させる
verbs\hosutomeihehenkansuru.html,ホスト名へ変換する, ホスト名へ変換する
verbs\houkokusuru.html,報告する, 報告する
verbs\hozonsuru.html,保存する, 保存する
verbs\hozonsurufairuwosentakusuru.html,保存するファイルを選択する, 保存するファイルを選択する
verbs\hudearu.html,負である, 負である
verbs\hudousyousuumoziretukawokakikomu.html,浮動小数文字列化を書き込む, 浮動小数文字列化を書き込む
verbs\hudousyousuuteisuutositekakikomu.html,浮動小数定数として書き込む, 浮動小数定数として書き込む
verbs\hugounasiseisuutositekakikomu.html,符号なし整数として書き込む, 符号なし整数として書き込む
verbs\hugounasitanseisuutositekakikomu.html,符号なし短整数として書き込む, 符号なし短整数として書き込む
verbs\hugounasityouseisuutositekakikomu.html,符号なし長整数として書き込む, 符号なし長整数として書き込む
verbs\hukugoukasitehozonsuru.html,復号化して保存する, 復号化して保存する
verbs\hukugoukasuru.html,復号化する, 復号化する
verbs\hukumareru.html,含まれる, 含まれる
verbs\hukumarerukadouka.html,含まれるかどうか, 含まれるかどうか
verbs\hukumu.html,含む, 含む
verbs\hukuseisuru.html,複製する, 複製する
verbs\huseirituidousurumeireiwotokikakikomu.html,不成立移動する命令を時書き込む, 不成立移動する命令を時書き込む
verbs\huseirituidousurumeireiwozikakikomu.html,不成立移動する命令を時書き込む, 不成立移動する命令を時書き込む
verbs\huyasu.html,増やす, 増やす
verbs\hyoujunkasuru.html,標準化する, 標準化する
verbs\hyouzisitekaigyousuru.html,表示して改行する, 表示して改行する
verbs\hyouzisuru.html,表示する, 表示する
verbs\idmwotekisutodesyutokusuru.html,IDmをテキストで取得する, IDmをテキストで取得する
verbs\idousuru.html,移動する, 移動する
verbs\idousurumeireiwokakikomu.html,移動する命令を書き込む, 移動する命令を書き込む
verbs\idyousowosyutokusuru.html,ID要素を取得する, ID要素を取得する
verbs\ikkatudekakikomu.html,一括で書き込む, 一括で書き込む
verbs\ikkatudeyomitoru.html,一括で読み取る, 一括で読み取る
verbs\ikkatusetteisuru.html,一括設定する, 一括設定する
verbs\ikkatutuikasuru.html,一括追加する, 一括追加する
verbs\ikkoudake.html,一行だけ, 一行だけ
verbs\ikkoudakejusinsuru.html,一行だけ受信する, 一行だけ受信する
verbs\ikkoudakesyutokusuru.html,一行だけ取得する, 一行だけ取得する
verbs\ikkouyomitoru.html,一行読み取る, 一行読み取る
verbs\ikkouyomu.html,一行読む, 一行読む
verbs\index.html,手順一覧, 手順一覧
verbs\insatupurebyu-suru.html,印刷プレビューする, 印刷プレビューする
verbs\insatupurebyu-wohyouzisuru.html,印刷プレビューを表示する, 印刷プレビューを表示する
verbs\insatusuru.html,印刷する, 印刷する
verbs\insutansutositetukuru.html,インスタンスとして作る, インスタンスとして作る
verbs\insutansuwotukuru.html,インスタンスを作る, インスタンスを作る
verbs\ipadoresuhehenkansuru.html,IPアドレスへ変換する, IPアドレスへ変換する
verbs\ireru.html,入れる, 入れる
verbs\irowosentakusuru.html,色を選択する, 色を選択する
verbs\irowosyutokusuru.html,色を取得する, 色を取得する
verbs\itiran.html,一覧, 一覧
verbs\itirandesetteisuru.html,一覧で設定する, 一覧で設定する
verbs\itirandesyutokusuru.html,一覧で取得する, 一覧で取得する
verbs\itizidakejusinsuru.html,一字だけ受信する, 一字だけ受信する
verbs\itizinyuuryokuwokakikomu.html,一字入力を書き込む, 一字入力を書き込む
verbs\itizisyuturyokuwokakikomu.html,一字出力を書き込む, 一字出力を書き込む
verbs\itiziteisisuru.html,一時停止する, 一時停止する
verbs\josanmeireiwokakikomu.html,除算命令を書き込む, 除算命令を書き込む
verbs\josiitiranwosyutokusuru.html,助詞一覧を取得する, 助詞一覧を取得する
verbs\jouhouotowonarasu.html,情報音を鳴らす, 情報音を鳴らす
verbs\jouyoenzan.html,剰余演算, 剰余演算
verbs\jouyozanmeireiwokakikomu.html,剰余算命令を書き込む, 剰余算命令を書き込む
verbs\jouzanmeireiwokakikomu.html,乗算命令を書き込む, 乗算命令を書き込む
verbs\jozanmeireiwokakikomu.html,除算命令を書き込む, 除算命令を書き込む
verbs\jusinbaffawokuriasuru.html,受信バッファをクリアする, 受信バッファをクリアする
verbs\jusinkaisisuru.html,受信開始する, 受信開始する
verbs\jusinsaseru.html,受信させる, 受信させる
verbs\jusinsuru.html,受信する, 受信する
verbs\juurokusinsuu.html,十六進数, 十六進数
verbs\juusinsuu.html,十進数, 十進数
verbs\ka-doidwotekisutodesyutokusuru.html,カードIDをテキストで取得する, カードIDをテキストで取得する
verbs\ka-sorutositesyutokusuru.html,カーソルとして取得する, カーソルとして取得する
verbs\kadomarukukeiwokaku.html,角丸矩形を描く, 角丸矩形を描く
verbs\kadomarukukeiwoegaku.html,角丸矩形を描く, 角丸矩形を描く
verbs\kaeru.html,変える, 変える
verbs\kaigyousitesounyuu.html,改行して挿入, 改行して挿入
verbs\kaihousuru.html,解放する, 解放する
verbs\kaijosuru.html,解除する, 解除する
verbs\kaiketusuru.html,解決する, 解決する
verbs\kaisisuru.html,開始する, 開始する
verbs\kaitensuru.html,回転する, 回転する
verbs\kaitousuru.html,解凍する, 解凍する
verbs\kakaru.html,掛る, 掛る
verbs\kakidasu.html,書き出す, 書き出す
verbs\kakikomisenyoudehiraku.html,書き込み専用で開く, 書き込み専用で開く
verbs\kakikomu.html,書き込む, 書き込む
verbs\kakomu.html,囲む, 囲む
verbs\kakudaisuru.html,拡大する, 拡大する
verbs\kakuninsiteinsatu.html,確認して印刷, 確認して印刷
verbs\kakuninsiteinsatusuru.html,確認して印刷する, 確認して印刷する
verbs\kakusu.html,隠す, 隠す
verbs\kakuteisuru.html,確定する, 確定する
verbs\kakutyousidake.html,拡張子だけ, 拡張子だけ
verbs\kakutyousiwookikaeru.html,拡張子を置き換える, 拡張子を置き換える
verbs\kaku.html,書く, 書く
verbs\kankyouhensuu.html,環境変数, 環境変数
verbs\kanrisyatositesaikidousuru.html,管理者として再起動する, 管理者として再起動する
verbs\kanrisyatositezikkousuru.html,管理者として実行する, 管理者として実行する
verbs\kanryousuru.html,完了する, 完了する
verbs\kanseisaseru.html,完成させる, 完成させる
verbs\kansisuru.html,監視する, 監視する
verbs\kanzenittidesagasu.html,完全一致で探す, 完全一致で探す
verbs\kanzenittidetoridasu.html,完全一致で取り出す, 完全一致で取り出す
verbs\karihikisuuwokuwaeru.html,仮引数を加える, 仮引数を加える
verbs\karihikisuuwosetteisuru.html,仮引数を設定する, 仮引数を設定する
verbs\kasanmeireiwokakikomu.html,加算命令を書き込む, 加算命令を書き込む
verbs\kataitiranwosyutokusuru.html,型一覧を取得する, 型一覧を取得する
verbs\katakanadearu.html,カタカナである, カタカナである
verbs\katawosyutokusuru.html,型を取得する, 型を取得する
verbs\kattosuru.html,カットする, カットする
verbs\kazoeru.html,数える, 数える
verbs\keikokuonwonarasu.html,警告音を鳴らす, 警告音を鳴らす
verbs\keisansuru.html,計算する, 計算する
verbs\keisikihogowokuwaeru.html,形式補語を加える, 形式補語を加える
verbs\kensakupe-ziheidousuru.html,検索ページへ移動する, 検索ページへ移動する
verbs\kensakusuru.html,検索する, 検索する
verbs\kesu.html,消す, 消す
verbs\ketugousuru.html,結合する, 結合する
verbs\ki-itiran.html,キー一覧, キー一覧
verbs\kidousitematu.html,起動して待つ, 起動して待つ
verbs\kidousuru.html,起動する, 起動する
verbs\kidoutyuu.html,起動中, 起動中
verbs\kidoutyuukadouka.html,起動中かどうか, 起動中かどうか
verbs\kidouzikan.html,起動時間, 起動時間
verbs\kigoudearu.html,記号である, 記号である
verbs\kiku.html,聞く, 聞く
verbs\kiriageru.html,切り上げる, 切り上げる
verbs\kiridasu.html,切り出す, 切り出す
verbs\kirikaeru.html,切り替える, 切り替える
verbs\kirisuteru.html,切り捨てる, 切り捨てる
verbs\kiritoru.html,切り取る, 切り取る
verbs\kousinsyuuryousuru.html,更新終了する, 更新終了する
verbs\kousinsuru.html,更新する, 更新する
verbs\kokyanbasuwotukuru.html,子キャンバスを作る, 子キャンバスを作る
verbs\komandozikkousuru.html,コマンド実行する, コマンド実行する
verbs\komentowokuriasuru.html,コメントをクリアする, コメントをクリアする
verbs\komentowokuwaeru.html,コメントを加える, コメントを加える
verbs\komentowotuikasuru.html,コメントを追加する, コメントを追加する
verbs\komentowotukuru.html,コメントを作る, コメントを作る
verbs\komozidearu.html,小文字である, 小文字である
verbs\konso-runyuuryokuwokakikomu.html,コンソール入力を書き込む, コンソール入力を書き込む
verbs\konso-rusyuturyokuwokakikomu.html,コンソール出力を書き込む, コンソール出力を書き込む
verbs\konsutorakutawotukuru.html,コンストラクタを作る, コンストラクタを作る
verbs\kontorasutotyousei.html,コントラスト調整, コントラスト調整
verbs\kopi-suru.html,コピーする, コピーする
verbs\kosain.html,コサイン, コサイン
verbs\kosuu.html,個数, 個数
verbs\koujunninarabekaeru.html,降順に並べ替える, 降順に並べ替える
verbs\koukansuru.html,交換する, 交換する
verbs\koukaonhehenkansuru.html,効果音へ変換する, 効果音へ変換する
verbs\koukaontositesyutokusuru.html,効果音として取得する, 効果音として取得する
verbs\koumokunoookisa.html,項目の大きさ, 項目の大きさ
verbs\koumokunotakasa.html,項目の高さ, 項目の高さ
verbs\kousasuru.html,交差する, 交差する
verbs\kousinbi.html,更新日, 更新日
verbs\kousinbiwohenkousuru.html,更新日を変更する, 更新日を変更する
verbs\kousinkaisisuru.html,更新開始する, 更新開始する
verbs\kousinnitiziwosyutokusuru.html,更新日時を取得する, 更新日時を取得する
verbs\koutikusuru.html,構築する, 構築する
verbs\koyousogotonitoridasu.html,子要素ごとに取り出す, 子要素ごとに取り出す
verbs\kubetusitekoyousogotonitoridasu.html,区別して子要素ごとに取り出す, 区別して子要素ごとに取り出す
verbs\kubetusitetoridasu.html,区別して取り出す, 区別して取り出す
verbs\kuerihikisuuwoeru.html,クエリ引数を得る, クエリ引数を得る
verbs\kueriwotukuru.html,クエリを作る, クエリを作る
verbs\kugiru.html,区切る, 区切る
verbs\kukki-hesetteisuru.html,クッキーへ設定する, クッキーへ設定する
verbs\kukki-wosakujosuru.html,クッキーを削除する, クッキーを削除する
verbs\kukki-wosyutokusuru.html,クッキーを取得する, クッキーを取得する
verbs\kurasuwotukuru.html,クラスを作る, クラスを作る
verbs\kurasuyousowosyutokusuru.html,クラス要素を取得する, クラス要素を取得する
verbs\kuriasuru.html,クリアする, クリアする
verbs\kurikaesitesaiseisuru.html,繰り返して再生する, 繰り返して再生する
verbs\kurikkusaseru.html,クリックさせる, クリックさせる
verbs\kurikkusuru.html,クリックする, クリックする
verbs\kuuhakudearu.html,空白である, 空白である
verbs\kuuhakuwokuwaeru.html,空白を加える, 空白を加える
verbs\kuuhakuwotukuru.html,空白を作る, 空白を作る
verbs\kuwaeru.html,加える, 加える
verbs\kuwaetamono.html,加えたもの, 加えたもの
verbs\kuwaetekaigyousuru.html,加えて改行する, 加えて改行する
verbs\kyanserusuru.html,キャンセルする, キャンセルする
verbs\kyaputyasuru.html,キャプチャする, キャプチャする
verbs\kyarakuta.html,キャラクタ, キャラクタ
verbs\kyokusenwokaku.html,曲線を描く, 曲線を描く
verbs\kyouseisyuuryousuru.html,強制終了する, 強制終了する
verbs\kyuukeisuru.html,休憩する, 休憩する
verbs\kyuusijoutaisuru.html,休止状態する, 休止状態する
verbs\macadoresuwosyutokusuru.html,MACアドレスを取得する, MACアドレスを取得する
verbs\maeheidousuru.html,前へ移動する, 前へ移動する
verbs\maehemodoru.html,前へ戻る, 前へ戻る
verbs\maehoukouhesagasu.html,前方向へ探す, 前方向へ探す
verbs\maenokyokuhemodosu.html,前の曲へ戻す, 前の曲へ戻す
verbs\maewokensakusuru.html,前を検索する, 前を検索する
verbs\mae.html,前, 前
verbs\makurozikkousuru.html,マクロ実行する, マクロ実行する
verbs\marumeru.html,丸める, 丸める
verbs\matubikarakesu.html,末尾から消す, 末尾から消す
verbs\matubikaratoridasu.html,末尾から取り出す, 末尾から取り出す
verbs\matubinikuwaetamono.html,末尾に加えたもの, 末尾に加えたもの
verbs\matu.html,待つ, 待つ
verbs\me.html,目, 目
verbs\meireisuru.html,命令する, 命令する
verbs\merodhiwoteisisuru.html,メロディを停止する, メロディを停止する
verbs\mesoddowokuwaeru.html,メソッドを加える, メソッドを加える
verbs\mesoddowotukuru.html,メソッドを作る, メソッドを作る
verbs\mesoddoyobidasiwokakikomu.html,メソッド呼び出しを書き込む, メソッド呼び出しを書き込む
verbs\mesoddoyobidasiwotukuru.html,メソッド呼び出しを作る, メソッド呼び出しを作る
verbs\messe-zihyouziwokakikomu.html,メッセージ表示を書き込む, メッセージ表示を書き込む
verbs\midasiitiranwosyutokusuru.html,見出し一覧を取得する, 見出し一覧を取得する
verbs\midasiworekkyosuru.html,見出しを列挙する, 見出しを列挙する
verbs\midiwosyokikasuru.html,MIDIを初期化する, MIDIを初期化する
verbs\migikurikkusaseru.html,右クリックさせる, 右クリックさせる
verbs\migisihuto.html,右シフト, 右シフト
verbs\migisihutoenzanmeireiwokakikomu.html,右シフト演算命令を書き込む, 右シフト演算命令を書き込む
verbs\migisupe-suwokesu.html,右スペースを消す, 右スペースを消す
verbs\moziretukasuru.html,文字列化する, 文字列化する
verbs\moziretutositesyutokusuru.html,文字列として取得する, 文字列として取得する
verbs\moziretutositekakikomu.html,文字列として書き込む, 文字列として書き込む
verbs\moziretutositeyomitoru.html,文字列として読み取る, 文字列として読み取る
verbs\modoru.html,戻る, 戻る
verbs\modosu.html,戻す, 戻す
verbs\motonimodosu.html,元に戻す, 元に戻す
verbs\mozaikuwokakeru.html,モザイクをかける, モザイクをかける
verbs\mozidearu.html,文字である, 文字である
verbs\mozika.html,文字化, 文字化
verbs\mozime.html,文字目, 文字目
verbs\mozimeikou.html,文字目以降, 文字目以降
verbs\moziretuhehenkansuru.html,文字列へ変換する, 文字列へ変換する
verbs\moziretuseisuuhairetukawokakikomu.html,文字列整数配列化を書き込む, 文字列整数配列化を書き込む
verbs\moziretuseisuukawokakikomu.html,文字列整数化を書き込む, 文字列整数化を書き込む
verbs\moziretuteisuutositekakikomu.html,文字列定数として書き込む, 文字列定数として書き込む
verbs\mozisuu.html,文字数, 文字数
verbs\mozitositekakikomu.html,文字として書き込む, 文字として書き込む
verbs\mozitositeyomitoru.html,文字として読み取る, 文字として読み取る
verbs\moziwokaku.html,文字を書く, 文字を書く
verbs\mugaikasuru.html,無害化する, 無害化する
verbs\mukoukasuru.html,無効化する, 無効化する
verbs\mukounisuru.html,無効にする, 無効にする
verbs\naiyoudakesyutoku.html,内容だけ取得, 内容だけ取得
verbs\naiyoukousin.html,内容更新, 内容更新
verbs\naiyouwosubetekesu.html,内容をすべて消す, 内容をすべて消す
verbs\namaedake.html,名前だけ, 名前だけ
verbs\namaekuukanhetuikasuru.html,名前空間へ追加する, 名前空間へ追加する
verbs\narabaseru.html,並ばせる, 並ばせる
verbs\narabekaeru.html,並べ替える, 並べ替える
verbs\narabekaetamono.html,並べ替えたもの, 並べ替えたもの
verbs\narabetehyouzinisetteisuru.html,並べて表示に設定する, 並べて表示に設定する
verbs\negapozihanten.html,ネガポジ反転, ネガポジ反転
verbs\nenkanyoteikarasakujosuru.html,年間予定から削除する, 年間予定から削除する
verbs\nenkanyoteitositetuikasuru.html,年間予定として追加する, 年間予定として追加する
verbs\nenkanyoteiwokuriasuru.html,年間予定をクリアする, 年間予定をクリアする
verbs\nisinsuu.html,二進数, 二進数
verbs\nitizikeisikika.html,日時形式化, 日時形式化
verbs\notiheidousuru.html,後へ移動する, 後へ移動する
verbs\nuritubusu.html,塗りつぶす, 塗りつぶす
verbs\nyuuryokusuru.html,入力する, 入力する
verbs\o-tofirutasuru.html,オートフィルタする, オートフィルタする
verbs\okuru.html,送る, 送る
verbs\oomozidearu.html,大文字である, 大文字である
verbs\orikaesanai.html,折り返さない, 折り返さない
verbs\orikaesu.html,折り返す, 折り返す
verbs\orikaesukadouka.html,折り返すかどうか, 折り返すかどうか
verbs\osaseru.html,押させる, 押させる
verbs\ougiwokaku.html,扇を描く, 扇を描く
verbs\ougiwoegaku.html,扇を描く, 扇を描く
verbs\owari.html,終わり, 終わり
verbs\owaru.html,終わる, 終わる
verbs\pa-sentokeisiki.html,パーセント形式, パーセント形式
verbs\pdfdehozonsuru.html,PDFで保存する, PDFで保存する
verbs\pe-zisetteiwohyouzisuru.html,ページ設定を表示する, ページ設定を表示する
verbs\pingsuru.html,PINGする, PINGする
verbs\pointokoumokubangou.html,ポイント項目番号, ポイント項目番号
verbs\poppumeireiwokakikomu.html,ポップ命令を書き込む, ポップ命令を書き込む
verbs\purosesuwosyutokusuru.html,プロセスを取得する, プロセスを取得する
verbs\purebyu-suru.html,プレビューする, プレビューする
verbs\purezente-syonwotuikasuru.html,プレゼンテーションを追加する, プレゼンテーションを追加する
verbs\puroderu.html,プロデる, プロデる
verbs\puroderuhemeireisuru.html,プロデルへ命令する, プロデルへ命令する
verbs\puropathisetteimesoddowosyutoku.html,プロパティ設定メソッドを取得, プロパティ設定メソッドを取得
verbs\puropathisyutokumesoddowosyutoku.html,プロパティ取得メソッドを取得, プロパティ取得メソッドを取得
verbs\purosessasyoriwokuwaeru.html,プロセッサ処理を加える, プロセッサ処理を加える
verbs\purosessasyoriwotukuru.html,プロセッサ処理を作る, プロセッサ処理を作る
verbs\purosesu.html,プロセス, プロセス
verbs\purosesuitiran.html,プロセス一覧, プロセス一覧
verbs\raberuwokakikomu.html,ラベルを書き込む, ラベルを書き込む
verbs\ransuu.html,乱数, 乱数
verbs\razian.html,ラジアン, ラジアン
verbs\retumewosyutokusuru.html,列目を取得する, 列目を取得する
verbs\retumewotyouseisuru.html,列目を調整する, 列目を調整する
verbs\rekkyosuru.html,列挙する, 列挙する
verbs\renzokusenwokaku.html,連続線を描く, 連続線を描く
verbs\resi-bahogowokuwaeru.html,レシーバ補語を加える, レシーバ補語を加える
verbs\retubuhinwosyutokusuru.html,列部品を取得する, 列部品を取得する
verbs\retumehesounyuusuru.html,列目へ挿入する, 列目へ挿入する
verbs\retumenisetteisuru.html,列目に設定する, 列目に設定する
verbs\retumewokesu.html,列目を消す, 列目を消す
verbs\retumewokoukansuru.html,列目を交換する, 列目を交換する
verbs\retusentakusuru.html,列選択する, 列選択する
verbs\retuwokuwaeru.html,列を加える, 列を加える
verbs\rgb.html,RGB, RGB
verbs\ridairekutosuru.html,リダイレクトする, リダイレクトする
verbs\rinkusuru.html,リンクする, リンクする
verbs\risaizusuru.html,リサイズする, リサイズする
verbs\ro-mazi.html,ローマ字, ローマ字
verbs\ro-sokuasiwotukuru.html,ローソク足を作る, ローソク足を作る
verbs\roguohusuru.html,ログオフする, ログオフする
verbs\ronriseki.html,論理積, 論理積
verbs\ronrisekienzanmeireiwokakikomu.html,論理積演算命令を書き込む, 論理積演算命令を書き込む
verbs\ronriwa.html,論理和, 論理和
verbs\ronriwaenzanmeireiwokakikomu.html,論理和演算命令を書き込む, 論理和演算命令を書き込む
verbs\rtftositehozonsuru.html,RTFとして保存する, RTFとして保存する
verbs\rtftositeyomikomu.html,RTFとして読み込む, RTFとして読み込む
verbs\ryousupe-suwokesu.html,両スペースを消す, 両スペースを消す
verbs\sa.html,差, 差
verbs\sagasu.html,探す, 探す
verbs\sageru.html,下げる, 下げる
verbs\saibyougasuru.html,再描画する, 再描画する
verbs\saidaikasuru.html,最大化する, 最大化する
verbs\saidaiti.html,最大値, 最大値
verbs\saigomadeyomu.html,最後まで読む, 最後まで読む
verbs\saihaimen.html,最背面, 最背面
verbs\saihaimenniidousuru.html,最背面に移動する, 最背面に移動する
verbs\saikaisuru.html,再開する, 再開する
verbs\saikidousuru.html,再起動する, 再起動する
verbs\saikouseisuru.html,再構成する, 再構成する
verbs\sain.html,サイン, サイン
verbs\saiseisuru.html,再生する, 再生する
verbs\saisyoukasuru.html,最小化する, 最小化する
verbs\saisyouti.html,最小値, 最小値
verbs\saizenmen.html,最前面, 最前面
verbs\saizenmenniidousuru.html,最前面に移動する, 最前面に移動する
verbs\saizukeisiki.html,サイズ形式, サイズ形式
verbs\saizu.html,サイズ, サイズ
verbs\sakujosuru.html,削除する, 削除する
verbs\sakuseibi.html,作成日, 作成日
verbs\sakuseibiwohenkousuru.html,作成日を変更する, 作成日を変更する
verbs\sakuseisuru.html,作成する, 作成する
verbs\samuneirukasuru.html,サムネイル化する, サムネイル化する
verbs\sanpuzuwotukuru.html,散布図を作る, 散布図を作る
verbs\sansyoukakikomimeireiwokakikomu.html,参照書き込み命令を書き込む, 参照書き込み命令を書き込む
verbs\sansyousuru.html,参照する, 参照する
verbs\sansyouyomikomimeireiwokakikomu.html,参照読み込み命令を書き込む, 参照読み込み命令を書き込む
verbs\sentakusuru.html,選択する, 選択する
verbs\sentakuzenkaijosuru.html,選択全解除する, 選択全解除する
verbs\sentoukaratoridasu.html,先頭から取り出す, 先頭から取り出す
verbs\sentounikuwaetamono.html,先頭に加えたもの, 先頭に加えたもの
verbs\sessyonkoumokuwosyutokusuru.html,セッション項目を取得する, セッション項目を取得する
verbs\seidearu.html,正である, 正である
verbs\seikeisitekakidasu.html,整形して書き出す, 整形して書き出す
verbs\seirituziidousurumeireiwokakikomu.html,成立時移動する命令を書き込む, 成立時移動する命令を書き込む
verbs\seiseisurumeireiwokakikomu.html,生成する命令を書き込む, 生成する命令を書き込む
verbs\seisuu.html,整数, 整数
verbs\seisuumoziretukawokakikomu.html,整数文字列化を書き込む, 整数文字列化を書き込む
verbs\seisuuteisuutositekakikomu.html,整数定数として書き込む, 整数定数として書き込む
verbs\seisuutositekakikomu.html,整数として書き込む, 整数として書き込む
verbs\seitekifi-rudoataiwokakikomumeireiwokakikomu.html,静的フィールド値を書き込む命令を書き込む, 静的フィールド値を書き込む命令を書き込む
verbs\seitekifi-rudowohairetutositetukuru.html,静的フィールドを配列として作る, 静的フィールドを配列として作る
verbs\seitekifi-rudowotukuru.html,静的フィールドを作る, 静的フィールドを作る
verbs\seitekimesoddowotukuru.html,静的メソッドを作る, 静的メソッドを作る
verbs\seki.html,積, 積
verbs\senmeika.html,鮮明化, 鮮明化
verbs\sentakuidousurumeireiwokakikomu.html,選択移動する命令を書き込む, 選択移動する命令を書き込む
verbs\sentakukaijosuru.html,選択解除する, 選択解除する
verbs\sentakusareteirukadouka.html,選択されているかどうか, 選択されているかどうか
verbs\sentakusetteisuru.html,選択設定する, 選択設定する
verbs\sentouhekaigyousitesounyuusuru.html,先頭へ改行して挿入する, 先頭へ改行して挿入する
verbs\sentouhesounyuusuru.html,先頭へ挿入する, 先頭へ挿入する
verbs\sentoukarakesu.html,先頭から消す, 先頭から消す
verbs\senwokaku.html,線を描く, 線を描く
verbs\sepiaka.html,セピア化, セピア化
verbs\serubuhinwosyutokusuru.html,セル部品を取得する, セル部品を取得する
verbs\seruwosyutokusuru.html,セルを取得する, セルを取得する
verbs\seru.html,セル, セル
verbs\sessyonmeiworekkyosuru.html,セッション名を列挙する, セッション名を列挙する
verbs\sessyonnaworekkyosuru.html,セッション名を列挙する, セッション名を列挙する
verbs\sessyonkoumokuhesetteisuru.html,セッション項目へ設定する, セッション項目へ設定する
verbs\sessyonkoumokuwokuriasuru.html,セッション項目をクリアする, セッション項目をクリアする
verbs\settatositesetteisuru.html,セッタとして設定する, セッタとして設定する
verbs\setteikoumokuitiranwosyutokusuru.html,設定項目一覧を取得する, 設定項目一覧を取得する
verbs\setteikoumokujouhouwosyutokusuru.html,設定項目情報を取得する, 設定項目情報を取得する
verbs\setteisuru.html,設定する, 設定する
verbs\setudansuru.html,切断する, 切断する
verbs\setuzokusuru.html,接続する, 接続する
verbs\si-towotuikasuru.html,シートを追加する, シートを追加する
verbs\sikakukeiwokaku.html,四角形を描く, 四角形を描く
verbs\sikakukeiwoegaku.html,四角形を描く, 四角形を描く
verbs\sikyanbasuwotukuru.html,子キャンバスを作る, 子キャンバスを作る
verbs\singititositekakikomu.html,真偽値として書き込む, 真偽値として書き込む
verbs\sinkibunsyowosakuseisuru.html,新規文書を作成する, 新規文書を作成する
verbs\sinkihappyousiryou.html,新規発表資料, 新規発表資料
verbs\sinkisakuseisuru.html,新規作成する, 新規作成する
verbs\sin.html,sin, sin
verbs\siriarubangouwotekisutodesyutokusuru.html,シリアル番号をテキストで取得する, シリアル番号をテキストで取得する
verbs\sisyagonyuusuru.html,四捨五入する, 四捨五入する
verbs\sitekisuru.html,指摘する, 指摘する
verbs\situmonsuru.html,質問する, 質問する
verbs\sizentaisuujou.html,自然対数乗, 自然対数乗
verbs\sonzaisuru.html,存在する, 存在する
verbs\sorarize-syon.html,ソラリゼーション, ソラリゼーション
verbs\sorasansyouwokakikomu.html,空参照を書き込む, 空参照を書き込む
verbs\soujusinsuru.html,送受信する, 送受信する
verbs\sounyuusuru.html,挿入する, 挿入する
verbs\sousinbaffawokuriasuru.html,送信バッファをクリアする, 送信バッファをクリアする
verbs\sousinsuru.html,送信する, 送信する
verbs\soutaipasu.html,相対パス, 相対パス
verbs\subeteyomu.html,すべて読む, すべて読む
verbs\subetetikansuru.html,すべて置換する, すべて置換する
verbs\subeteyomitoru.html,すべて読み取る, すべて読み取る
verbs\subetekesu.html,すべて消す, すべて消す
verbs\subetesakujosuru.html,すべて削除する, すべて削除する
verbs\subetesentakusuru.html,すべて選択する, すべて選択する
verbs\subetesyutokusuru.html,すべて取得する, すべて取得する
verbs\subetetenkaisuru.html,すべて展開する, すべて展開する
verbs\suki-matositehozonsuru.html,スキーマとして保存する, スキーマとして保存する
verbs\suki-matositeyomikomu.html,スキーマとして読み込む, スキーマとして読み込む
verbs\supe-su.html,スペース, スペース
verbs\supe-suwokesu.html,スペースを消す, スペースを消す
verbs\suraidowotuikasuru.html,スライドを追加する, スライドを追加する
verbs\susumeru.html,進める, 進める
verbs\susumu.html,進む, 進む
verbs\sutanbaisuru.html,スタンバイする, スタンバイする
verbs\sutanpusuru.html,スタンプする, スタンプする
verbs\suuretukasuru.html,数列化する, 数列化する
verbs\suuzidearu.html,数字である, 数字である
verbs\syokikasuru.html,初期化する, 初期化する
verbs\syokikakaisisuru.html,初期化開始する, 初期化開始する
verbs\syokikasyuuryousuru.html,初期化終了する, 初期化終了する
verbs\syokofairutositehiraku.html,書庫ファイルとして開く, 書庫ファイルとして開く
verbs\syosikiwokuriasuru.html,書式をクリアする, 書式をクリアする
verbs\syoujunninarabekaeru.html,昇順に並べ替える, 昇順に並べ替える
verbs\syounarihikakumeireiwokakikomu.html,小なり比較命令を書き込む, 小なり比較命令を書き込む
verbs\syou.html,商, 商
verbs\syuruimei.html,種類名, 種類名
verbs\syuruiwokuwaeru.html,種類を加える, 種類を加える
verbs\syutokusuru.html,取得する, 取得する
verbs\syuturyokusuru.html,出力する, 出力する
verbs\syuuryoumeireiwokakikomu.html,終了命令を書き込む, 終了命令を書き込む
verbs\syuuryousuru.html,終了する, 終了する
verbs\tabukugirihehenkansuru.html,タブ区切りへ変換する, タブ区切りへ変換する
verbs\taikisuru.html,待機する, 待機する
verbs\taisuu.html,対数, 対数
verbs\takakukeiwokaku.html,多角形を描く, 多角形を描く
verbs\takakukeiwoegaku.html,多角形を描く, 多角形を描く
verbs\tanjento.html,タンジェント, タンジェント
verbs\tanseidohudousyousuutensuutositekakikomu.html,単精度浮動小数点数として書き込む, 単精度浮動小数点数として書き込む
verbs\tanseisuutositekakikomu.html,短整数として書き込む, 短整数として書き込む
verbs\tan.html,tan, tan
verbs\tasu.html,足す, 足す
verbs\tattikinouwoyuukounisuru.html,タッチ機能を有効にする, タッチ機能を有効にする
verbs\te-burugasonzaisuru.html,テーブルが存在する, テーブルが存在する
verbs\te-burukasuru.html,テーブル化する, テーブル化する
verbs\teisisuru.html,停止する, 停止する
verbs\tejunitiranwosyutokusuru.html,手順一覧を取得する, 手順一覧を取得する
verbs\tejunwokuwaeru.html,手順を加える, 手順を加える
verbs\tekisutodesyutokusuru.html,テキストで取得する, テキストで取得する
verbs\tekisutowokuwaeru.html,テキストを加える, テキストを加える
verbs\tekisutowotukuru.html,テキストを作る, テキストを作る
verbs\tekiyousuru.html,適用する, 適用する
verbs\tenkaisuru.html,展開する, 展開する
verbs\tenmetusaseru.html,点滅させる, 点滅させる
verbs\tenwoegaku.html,点を描く, 点を描く
verbs\tenwokaku.html,点を描く, 点を描く
verbs\tenwoutu.html,点を打つ, 点を打つ
verbs\tikansuru.html,置換する, 置換する
verbs\tirutosaseru.html,チルトさせる, チルトさせる
verbs\toiawaseotowonarasu.html,問い合わせ音を鳴らす, 問い合わせ音を鳴らす
verbs\toranzakusyonwokaisisuru.html,トランザクションを開始する, トランザクションを開始する
verbs\toranzakusyonwokanryousuru.html,トランザクションを完了する, トランザクションを完了する
verbs\toranzakusyonwotorikesu.html,トランザクションを取り消す, トランザクションを取り消す
verbs\toridasu.html,取り出す, 取り出す
verbs\torikaeru.html,取り替える, 取り替える
verbs\torikesu.html,取り消す, 取り消す
verbs\torikomu.html,取り込む, 取り込む
verbs\totonoeru.html,整える, 整える
verbs\toukahikakumeireiwokakikomu.html,等価比較命令を書き込む, 等価比較命令を書き込む
verbs\toumeikasuru.html,透明化する, 透明化する
verbs\tourokusuru.html,登録する, 登録する
verbs\toziru.html,閉じる, 閉じる
verbs\tugihesusumeru.html,次へ進める, 次へ進める
verbs\tugihesusumu.html,次へ進む, 次へ進む
verbs\tuginokyokuhesusumeru.html,次の曲へ進める, 次の曲へ進める
verbs\tugiwokensakusuru.html,次を検索する, 次を検索する
verbs\tuikasuru.html,追加する, 追加する
verbs\tukau.html,使う, 使う
verbs\tukisuusa.html,月数差, 月数差
verbs\tukuru.html,作る, 作る
verbs\tumu.html,積む, 積む
verbs\tunageru.html,繋げる, 繋げる
verbs\tuukakeisiki.html,通貨形式, 通貨形式
verbs\tuutisuru.html,通知する, 通知する
verbs\tyouhukuwosakujosuru.html,重複を削除する, 重複を削除する
verbs\tyouhukuwokesu.html,重複を消す, 重複を消す
verbs\tyouseisuutositekakikomu.html,長整数として書き込む, 長整数として書き込む
verbs\tyuusisuru.html,中止する, 中止する
verbs\tyuusyakuwosyutokusuru.html,注釈を取得する, 注釈を取得する
verbs\tyuusyutusuru.html,抽出する, 抽出する
verbs\uidwotekisutodesyutokusuru.html,UIDをテキストで取得する, UIDをテキストで取得する
verbs\uketoru.html,受け取る, 受け取る
verbs\uketukeru.html,受け付ける, 受け付ける
verbs\umeru.html,埋める, 埋める
verbs\uwagakihozonsuru.html,上書き保存する, 上書き保存する
verbs\wa.html,和, 和
verbs\wakai.html,若い, 若い
verbs\wakakunai.html,若くない, 若くない
verbs\wariateru.html,割り当てる, 割り当てる
verbs\waru.html,割る, 割る
verbs\wattajouri.html,割った剰り, 割った剰り
verbs\windouworekkyosuru.html,ウィンドウを列挙する, ウィンドウを列挙する
verbs\windouwosyutokusuru.html,ウィンドウを取得する, ウィンドウを取得する
verbs\xpsdehozonsuru.html,XPSで保存する, XPSで保存する
verbs\yahu-suru.html,ヤフーする, ヤフーする
verbs\yobidasu.html,呼び出す, 呼び出す
verbs\yobidasumeireiwokakikomu.html,呼び出す命令を書き込む, 呼び出す命令を書き込む
verbs\yomigana.html,よみがな, よみがな
verbs\yomikomu.html,読み込む, 読み込む
verbs\yomikomumeireiwoseitekifi-rudoataiwokakikomu.html,読み込む命令を静的フィールド値を書き込む, 読み込む命令を静的フィールド値を書き込む
verbs\yomikomumeireiwoseitekifi-rudosansyouwokakikomu.html,読み込む命令を静的フィールド参照を書き込む, 読み込む命令を静的フィールド参照を書き込む
verbs\yomitorisenyoudehiraku.html,読み取り専用で開く, 読み取り専用で開く
verbs\yomitoru.html,読み取る, 読み取る
verbs\yoteikarasakujosuru.html,予定から削除する, 予定から削除する
verbs\yoteitositetuikasuru.html,予定として追加する, 予定として追加する
verbs\yoteiwokuriasuru.html,予定をクリアする, 予定をクリアする
verbs\youkyuusuru.html,要求する, 要求する
verbs\yousohesetteisuru.html,要素へ設定する, 要素へ設定する
verbs\yousowosyutokusuru.html,要素を取得する, 要素を取得する
verbs\yousowotukuru.html,要素を作る, 要素を作る
verbs\yuukoukasuru.html,有効化する, 有効化する
verbs\yuukounisuru.html,有効にする, 有効にする
verbs\zenitiran.html,全一覧, 全一覧
verbs\zenkakudearu.html,全角である, 全角である
verbs\zettaiti.html,絶対値, 絶対値
verbs\zikankeisiki.html,時間形式, 時間形式
verbs\zikansa.html,時間差, 時間差
verbs\zikkousuru.html,実行する, 実行する
verbs\zikuitiranwosyutokusuru.html,字句一覧を取得する, 字句一覧を取得する
verbs\zikuwosyutokusuru.html,字句を取得する, 字句を取得する
verbs\zisyoka.html,辞書化, 辞書化
verbs\zisyokasuru.html,辞書化する, 辞書化する
verbs\zokuseiwotukuru.html,属性を作る, 属性を作る
verbs\zokuseiwosyutokusuru.html,属性を取得する, 属性を取得する
verbs\zokuseihesetteisuru.html,属性へ設定する, 属性へ設定する
verbs\zokuseitiwosetteisuru.html,属性値を設定する, 属性値を設定する
verbs\zokuseitiwosyutokusuru.html,属性値を取得する, 属性値を取得する
verbs\zokuseiwokuriasuru.html,属性をクリアする, 属性をクリアする
verbs\zukei.html,図形, 図形
wincontrol\browser.htm,ウェブブラウザ, ウェブブラウザ 種類 GUI部品 コントロール部品
wincontrol\browser.htm#移動する,ウェブブラウザ:移動する [手順],ウェブブラウザ 移動する [手順]
wincontrol\browser.htm#ホームへ移動する,ウェブブラウザ:ホームへ移動する [手順],ウェブブラウザ ホームへ移動する [手順]
wincontrol\browser.htm#検索ページへ移動する,ウェブブラウザ:検索ページへ移動する [手順],ウェブブラウザ 検索ページへ移動する [手順]
wincontrol\browser.htm#印刷する,ウェブブラウザ:印刷する [手順],ウェブブラウザ 印刷する [手順]
wincontrol\browser.htm#キャプチャする,ウェブブラウザ:キャプチャする [手順],ウェブブラウザ キャプチャする [手順]
wincontrol\browser.htm#更新する,ウェブブラウザ:更新する [手順],ウェブブラウザ 更新する [手順]
wincontrol\browser.htm#中止する,ウェブブラウザ:中止する [手順],ウェブブラウザ 中止する [手順]
wincontrol\browser.htm#戻す,ウェブブラウザ:戻す [手順],ウェブブラウザ 戻す [手順]
wincontrol\browser.htm#印刷プレビューを表示する,ウェブブラウザ:印刷プレビューを表示する [手順],ウェブブラウザ 印刷プレビューを表示する [手順]
wincontrol\browser.htm#ページ設定を表示する,ウェブブラウザ:ページ設定を表示する [手順],ウェブブラウザ ページ設定を表示する [手順]
wincontrol\browser.htm#ググる,ウェブブラウザ:ググる [手順],ウェブブラウザ ググる [手順]
wincontrol\browser.htm#ヤフーする,ウェブブラウザ:ヤフーする [手順],ウェブブラウザ ヤフーする [手順]
wincontrol\browser.htm#Bingする,ウェブブラウザ:Bingする [手順],ウェブブラウザ Bingする [手順]
wincontrol\browser.htm#実行する,ウェブブラウザ:実行する [手順],ウェブブラウザ 実行する [手順]
wincontrol\browser.htm#アドレス,ウェブブラウザ:アドレス [設定項目],ウェブブラウザ アドレス [設定項目]
wincontrol\browser.htm#オフライン,ウェブブラウザ:オフライン [設定項目],ウェブブラウザ オフライン [設定項目]
wincontrol\browser.htm#ショートカットキー,ウェブブラウザ:ショートカットキー [設定項目],ウェブブラウザ ショートカットキー [設定項目]
wincontrol\browser.htm#ショートカットメニュー,ウェブブラウザ:ショートカットメニュー [設定項目],ウェブブラウザ ショートカットメニュー [設定項目]
wincontrol\browser.htm#スクリプトエラー表示,ウェブブラウザ:スクリプトエラー表示 [設定項目],ウェブブラウザ スクリプトエラー表示 [設定項目]
wincontrol\browser.htm#スクロールバー,ウェブブラウザ:スクロールバー [設定項目],ウェブブラウザ スクロールバー [設定項目]
wincontrol\browser.htm#ソース,ウェブブラウザ:ソース [設定項目],ウェブブラウザ ソース [設定項目]
wincontrol\browser.htm#タイトル,ウェブブラウザ:タイトル [設定項目],ウェブブラウザ タイトル [設定項目]
wincontrol\browser.htm#ドラッグドロップ,ウェブブラウザ:ドラッグドロップ [設定項目],ウェブブラウザ ドラッグドロップ [設定項目]
wincontrol\browser.htm#バージョン,ウェブブラウザ:バージョン [設定項目],ウェブブラウザ バージョン [設定項目]
wincontrol\browser.htm#ページ,ウェブブラウザ:ページ [設定項目],ウェブブラウザ ページ [設定項目]
wincontrol\browser.htm#ページ移動,ウェブブラウザ:ページ移動 [設定項目],ウェブブラウザ ページ移動 [設定項目]
wincontrol\browser.htm#作業中,ウェブブラウザ:作業中 [設定項目],ウェブブラウザ 作業中 [設定項目]
wincontrol\browser.htm#種類,ウェブブラウザ:種類 [設定項目],ウェブブラウザ 種類 [設定項目]
wincontrol\browser.htm#状態,ウェブブラウザ:状態 [設定項目],ウェブブラウザ 状態 [設定項目]
wincontrol\browser.htm#状態表示,ウェブブラウザ:状態表示 [設定項目],ウェブブラウザ 状態表示 [設定項目]
wincontrol\browser.htm#進める,ウェブブラウザ:進める [設定項目],ウェブブラウザ 進める [設定項目]
wincontrol\browser.htm#戻せる,ウェブブラウザ:戻せる [設定項目],ウェブブラウザ 戻せる [設定項目]
wincontrol\browser.htm#戻るボタンが変化した,ウェブブラウザ:戻るボタンが変化した [イベント],ウェブブラウザ 戻るボタンが変化した [イベント]
wincontrol\browser.htm#進むボタンが変化した,ウェブブラウザ:進むボタンが変化した [イベント],ウェブブラウザ 進むボタンが変化した [イベント]
wincontrol\browser.htm#ページが読み込まれた,ウェブブラウザ:ページが読み込まれた [イベント],ウェブブラウザ ページが読み込まれた [イベント]
wincontrol\browser.htm#タイトルが変化した,ウェブブラウザ:タイトルが変化した [イベント],ウェブブラウザ タイトルが変化した [イベント]
wincontrol\browser.htm#暗号化レベルが変化した,ウェブブラウザ:暗号化レベルが変化した [イベント],ウェブブラウザ 暗号化レベルが変化した [イベント]
wincontrol\browser.htm#ダウンロードが開始された,ウェブブラウザ:ダウンロードが開始された [イベント],ウェブブラウザ ダウンロードが開始された [イベント]
wincontrol\browser.htm#表示が開始された,ウェブブラウザ:表示が開始された [イベント],ウェブブラウザ 表示が開始された [イベント]
wincontrol\browser.htm#表示が開始される,ウェブブラウザ:表示が開始される [イベント],ウェブブラウザ 表示が開始される [イベント]
wincontrol\browser.htm#進行状況が変化した,ウェブブラウザ:進行状況が変化した [イベント],ウェブブラウザ 進行状況が変化した [イベント]
wincontrol\browser.htm#状況内容が変化した,ウェブブラウザ:状況内容が変化した [イベント],ウェブブラウザ 状況内容が変化した [イベント]
wincontrol\browser.htm#別ウィンドウが表示される,ウェブブラウザ:別ウィンドウが表示される [イベント],ウェブブラウザ 別ウィンドウが表示される [イベント]
wincontrol\browser.htm#lookup1,逆引き「ウェブブラウザを操作する」,ウェブブラウザを操作する
wincontrol\browser.htm#lookup2,逆引き「表示されているアドレスを調べる」,表示されているアドレスを調べる
wincontrol\browser.htm#lookup3,逆引き「状況を表示したい」,状況を表示したい
wincontrol\browser.htm#lookup4,逆引き「表示されているページの内容を調べる」,表示されているページの内容を調べる
wincontrol\browser.htm#キャプチャする,逆引き「ブラウザページのスクリーンショットを取得する」,ブラウザページのスクリーンショットを取得する
wincontrol\browser.htm#更新する,逆引き「ブラウザを再読込する」,ブラウザを再読込する
wincontrol\browser.htm#中止する,逆引き「ブラウザのページ読み込みを中止する」,ブラウザのページ読み込みを中止する
wincontrol\browser.htm#戻す,逆引き「前のページへ戻す」,前のページへ戻す
wincontrol\browser_element.htm,ウェブブラウザ要素, ウェブブラウザ要素 種類 HTML
wincontrol\browser_element.htm#クリックする,ウェブブラウザ要素:クリックする [手順],ウェブブラウザ要素 クリックする [手順]
wincontrol\browser_element.htm#属性値を設定する,ウェブブラウザ要素:属性値を設定する [手順],ウェブブラウザ要素 属性値を設定する [手順]
wincontrol\browser_element.htm#属性値を取得する,ウェブブラウザ要素:属性値を取得する [手順],ウェブブラウザ要素 属性値を取得する [手順]
wincontrol\browser_element.htm#要素を取得する,ウェブブラウザ要素:要素を取得する [手順],ウェブブラウザ要素 要素を取得する [手順]
wincontrol\browser_element.htm#クラス要素を取得する,ウェブブラウザ要素:クラス要素を取得する [手順],ウェブブラウザ要素 クラス要素を取得する [手順]
wincontrol\browser_element.htm#名前,ウェブブラウザ要素:名前 [設定項目],ウェブブラウザ要素 名前 [設定項目]
wincontrol\browser_element.htm#値,ウェブブラウザ要素:値 [設定項目],ウェブブラウザ要素 値 [設定項目]
wincontrol\browser_element.htm#内容,ウェブブラウザ要素:内容 [設定項目],ウェブブラウザ要素 内容 [設定項目]
wincontrol\browser_element.htm#ソース,ウェブブラウザ要素:ソース [設定項目],ウェブブラウザ要素 ソース [設定項目]
wincontrol\browser_element.htm#スタイル,ウェブブラウザ要素:スタイル [設定項目],ウェブブラウザ要素 スタイル [設定項目]
wincontrol\browser_element.htm#クラス,ウェブブラウザ要素:クラス [設定項目],ウェブブラウザ要素 クラス [設定項目]
wincontrol\browser_element.htm#タグ名,ウェブブラウザ要素:タグ名 [設定項目],ウェブブラウザ要素 タグ名 [設定項目]
wincontrol\browser_element.htm#タブ順序,ウェブブラウザ要素:タブ順序 [設定項目],ウェブブラウザ要素 タブ順序 [設定項目]
wincontrol\browser_event.htm,ウェブブラウザのイベント情報, ウェブブラウザのイベント情報 イベント情報
wincontrol\browser_event.htm#アドレス,ウェブブラウザのイベント情報:アドレス [設定項目],ウェブブラウザのイベント情報 アドレス [設定項目]
wincontrol\browser_event.htm#キャンセル,ウェブブラウザのイベント情報:キャンセル [設定項目],ウェブブラウザのイベント情報 キャンセル [設定項目]
wincontrol\browser_event.htm#フレーム,ウェブブラウザのイベント情報:フレーム [設定項目],ウェブブラウザのイベント情報 フレーム [設定項目]
wincontrol\browser_event.htm#取得済みバイト数,ウェブブラウザのイベント情報:取得済みバイト数 [設定項目],ウェブブラウザのイベント情報 取得済みバイト数 [設定項目]
wincontrol\browser_event.htm#総バイト数,ウェブブラウザのイベント情報:総バイト数 [設定項目],ウェブブラウザのイベント情報 総バイト数 [設定項目]
wincontrol\browser_event.htm#処理済み,ウェブブラウザのイベント情報:処理済み [設定項目],ウェブブラウザのイベント情報 処理済み [設定項目]
wincontrol\browser_form.htm,ウェブブラウザフォーム, ウェブブラウザフォーム 種類 HTML FORM フォーム
wincontrol\browser_form.htm#値を取得する,ウェブブラウザフォーム:値を取得する [手順],ウェブブラウザフォーム 値を取得する [手順]
wincontrol\browser_form.htm#値を設定する,ウェブブラウザフォーム:値を設定する [手順],ウェブブラウザフォーム 値を設定する [手順]
wincontrol\browser_form.htm#送信する,ウェブブラウザフォーム:送信する [手順],ウェブブラウザフォーム 送信する [手順]
wincontrol\browser_page.htm,ウェブブラウザページ, ウェブブラウザページ 種類 HTML
wincontrol\browser_page.htm#ID要素を取得する,ウェブブラウザページ:ID要素を取得する [手順],ウェブブラウザページ ID要素を取得する [手順]
wincontrol\browser_page.htm#要素を取得する,ウェブブラウザページ:要素を取得する [手順],ウェブブラウザページ 要素を取得する [手順]
wincontrol\browser_page.htm#クラス要素を取得する,ウェブブラウザページ:クラス要素を取得する [手順],ウェブブラウザページ クラス要素を取得する [手順]
wincontrol\browser_page.htm#アドレス,ウェブブラウザページ:アドレス [設定項目],ウェブブラウザページ アドレス [設定項目]
wincontrol\browser_page.htm#クッキー,ウェブブラウザページ:クッキー [設定項目],ウェブブラウザページ クッキー [設定項目]
wincontrol\browser_page.htm#sample1,逆引き「Yahoo!の検索窓から検索する」,Yahoo!の検索窓から検索する
wincontrol\btextbox.htm,テキスト領域, テキスト領域 種類 GUI部品 コントロール部品 テキストボックス 文章テキスト
wincontrol\btextbox.htm#折り返し,テキスト領域:折り返し [設定項目],テキスト領域 折り返し [設定項目]
wincontrol\btextbox.htm#最大文字数,テキスト領域:最大文字数 [設定項目],テキスト領域 最大文字数 [設定項目]
wincontrol\btextbox.htm#選択開始位置,テキスト領域:選択開始位置 [設定項目],テキスト領域 選択開始位置 [設定項目]
wincontrol\btextbox.htm#選択長さ,テキスト領域:選択長さ [設定項目],テキスト領域 選択長さ [設定項目]
wincontrol\btextbox.htm#選択内容,テキスト領域:選択内容 [設定項目],テキスト領域 選択内容 [設定項目]
wincontrol\btextbox.htm#読み取り専用,テキスト領域:読み取り専用 [設定項目],テキスト領域 読み取り専用 [設定項目]
wincontrol\btextbox.htm#内容,テキスト領域:内容 [設定項目],テキスト領域 内容 [設定項目]
wincontrol\btextbox.htm#背景色,テキスト領域:背景色 [設定項目],テキスト領域 背景色 [設定項目]
wincontrol\btextbox.htm#文字高さ,テキスト領域:文字高さ [設定項目],テキスト領域 文字高さ [設定項目]
wincontrol\btextbox.htm#文字色,テキスト領域:文字色 [設定項目],テキスト領域 文字色 [設定項目]
wincontrol\btextbox.htm#文字数,テキスト領域:文字数 [設定項目],テキスト領域 文字数 [設定項目]
wincontrol\btextbox.htm#変更済み,テキスト領域:変更済み [設定項目],テキスト領域 変更済み [設定項目]
wincontrol\btextbox.htm#戻せる,テキスト領域:戻せる [設定項目],テキスト領域 戻せる [設定項目]
wincontrol\btextbox.htm#行番号,テキスト領域:行番号 [設定項目],テキスト領域 行番号 [設定項目]
wincontrol\btextbox.htm#行内容,テキスト領域:行内容 [設定項目],テキスト領域 行内容 [設定項目]
wincontrol\btextbox.htm#行数,テキスト領域:行数 [設定項目],テキスト領域 行数 [設定項目]
wincontrol\btextbox.htm#桁,テキスト領域:桁 [設定項目],テキスト領域 桁 [設定項目]
wincontrol\btextbox.htm#sample1,逆引き「複数行のテキストボックスを作る」,複数行のテキストボックスを作る
wincontrol\button.htm,ボタン, ボタン 種類 GUI部品 コントロール部品
wincontrol\button.htm#クリックする,ボタン:クリックする [手順],ボタン クリックする [手順]
wincontrol\button.htm#見た目,ボタン:見た目 [設定項目],ボタン 見た目 [設定項目]
wincontrol\button.htm#絵,ボタン:絵 [設定項目],ボタン 絵 [設定項目]
wincontrol\button.htm#画像位置,ボタン:画像位置 [設定項目],ボタン 画像位置 [設定項目]
wincontrol\button.htm#文字位置,ボタン:文字位置 [設定項目],ボタン 文字位置 [設定項目]
wincontrol\button.htm#sample1,逆引き「ボタンを作る」,ボタンを作る
wincontrol\calendar.htm,カレンダ, カレンダ 種類 GUI部品 コントロール部品
wincontrol\calendar.htm#年間予定をクリアする,カレンダ:年間予定をクリアする [手順],カレンダ 年間予定をクリアする [手順]
wincontrol\calendar.htm#予定をクリアする,カレンダ:予定をクリアする [手順],カレンダ 予定をクリアする [手順]
wincontrol\calendar.htm#月間予定をクリアする,カレンダ:月間予定をクリアする [手順],カレンダ 月間予定をクリアする [手順]
wincontrol\calendar.htm#更新する,カレンダ:更新する [手順],カレンダ 更新する [手順]
wincontrol\calendar.htm#年間予定から削除する,カレンダ:年間予定から削除する [手順],カレンダ 年間予定から削除する [手順]
wincontrol\calendar.htm#予定から削除する,カレンダ:予定から削除する [手順],カレンダ 予定から削除する [手順]
wincontrol\calendar.htm#月間予定から削除する,カレンダ:月間予定から削除する [手順],カレンダ 月間予定から削除する [手順]
wincontrol\calendar.htm#選択する,カレンダ:選択する [手順],カレンダ 選択する [手順]
wincontrol\calendar.htm#年間予定として追加する,カレンダ:年間予定として追加する [手順],カレンダ 年間予定として追加する [手順]
wincontrol\calendar.htm#予定として追加する,カレンダ:予定として追加する [手順],カレンダ 予定として追加する [手順]
wincontrol\calendar.htm#月間予定として追加,カレンダ:月間予定として追加 [手順],カレンダ 月間予定として追加 [手順]
wincontrol\calendar.htm#タイトル背景色,カレンダ:タイトル背景色 [設定項目],カレンダ タイトル背景色 [設定項目]
wincontrol\calendar.htm#タイトル文字色,カレンダ:タイトル文字色 [設定項目],カレンダ タイトル文字色 [設定項目]
wincontrol\calendar.htm#開始日,カレンダ:開始日 [設定項目],カレンダ 開始日 [設定項目]
wincontrol\calendar.htm#月間行事,カレンダ:月間行事 [設定項目],カレンダ 月間行事 [設定項目]
wincontrol\calendar.htm#月表示サイズ,カレンダ:月表示サイズ [設定項目],カレンダ 月表示サイズ [設定項目]
wincontrol\calendar.htm#行事,カレンダ:行事 [設定項目],カレンダ 行事 [設定項目]
wincontrol\calendar.htm#行列数,カレンダ:行列数 [設定項目],カレンダ 行列数 [設定項目]
wincontrol\calendar.htm#今日,カレンダ:今日 [設定項目],カレンダ 今日 [設定項目]
wincontrol\calendar.htm#今日強制設定,カレンダ:今日強制設定 [設定項目],カレンダ 今日強制設定 [設定項目]
wincontrol\calendar.htm#最小値,カレンダ:最小値 [設定項目],カレンダ 最小値 [設定項目]
wincontrol\calendar.htm#最大選択日数,カレンダ:最大選択日数 [設定項目],カレンダ 最大選択日数 [設定項目]
wincontrol\calendar.htm#最大値,カレンダ:最大値 [設定項目],カレンダ 最大値 [設定項目]
wincontrol\calendar.htm#終了日,カレンダ:終了日 [設定項目],カレンダ 終了日 [設定項目]
wincontrol\calendar.htm#週番号表示,カレンダ:週番号表示 [設定項目],カレンダ 週番号表示 [設定項目]
wincontrol\calendar.htm#先頭曜日,カレンダ:先頭曜日 [設定項目],カレンダ 先頭曜日 [設定項目]
wincontrol\calendar.htm#前後月色,カレンダ:前後月色 [設定項目],カレンダ 前後月色 [設定項目]
wincontrol\calendar.htm#日付,カレンダ:日付 [設定項目],カレンダ 日付 [設定項目]
wincontrol\calendar.htm#年間行事,カレンダ:年間行事 [設定項目],カレンダ 年間行事 [設定項目]
wincontrol\calendar.htm#背景画像,カレンダ:背景画像 [設定項目],カレンダ 背景画像 [設定項目]
wincontrol\calendar.htm#背景色,カレンダ:背景色 [設定項目],カレンダ 背景色 [設定項目]
wincontrol\calendar.htm#文字色,カレンダ:文字色 [設定項目],カレンダ 文字色 [設定項目]
wincontrol\calendar.htm#本日強調,カレンダ:本日強調 [設定項目],カレンダ 本日強調 [設定項目]
wincontrol\calendar.htm#本日表示,カレンダ:本日表示 [設定項目],カレンダ 本日表示 [設定項目]
wincontrol\calendar.htm#選択された,カレンダ:選択された [イベント],カレンダ 選択された [イベント]
wincontrol\calendar.htm#変更された,カレンダ:変更された [イベント],カレンダ 変更された [イベント]
wincontrol\calendar.htm#sample1,逆引き「カレンダーから日付を選択する」,カレンダーから日付を選択する
wincontrol\checkbox.htm,チェックボックス, チェックボックス 種類 GUI部品 コントロール部品
wincontrol\checkbox.htm#チェックボックス位置,チェックボックス:チェックボックス位置 [設定項目],チェックボックス チェックボックス位置 [設定項目]
wincontrol\checkbox.htm#チェック,チェックボックス:チェック [設定項目],チェックボックス チェック [設定項目]
wincontrol\checkbox.htm#状態,チェックボックス:状態 [設定項目],チェックボックス 状態 [設定項目]
wincontrol\checkbox.htm#文字配置,チェックボックス:文字配置 [設定項目],チェックボックス 文字配置 [設定項目]
wincontrol\checkbox.htm#sample1,逆引き「チェックボックスを作る」,チェックボックスを作る
wincontrol\combobox.htm,選択リスト, 選択リスト 種類 GUI部品 コントロール部品 コンボボックス
wincontrol\combobox.htm#クリアする,選択リスト:クリアする [手順],選択リスト クリアする [手順]
wincontrol\combobox.htm#加える,選択リスト:加える [手順],選択リスト 加える [手順]
wincontrol\combobox.htm#挟む,選択リスト:挟む [手順],選択リスト 挟む [手順]
wincontrol\combobox.htm#一括追加する,選択リスト:一括追加する [手順],選択リスト 一括追加する [手順]
wincontrol\combobox.htm#消す,選択リスト:消す [手順],選択リスト 消す [手順]
wincontrol\combobox.htm#番目を消す,選択リスト:番目を消す [手順],選択リスト 番目を消す [手順]
wincontrol\combobox.htm#選ぶ,選択リスト:選ぶ [手順],選択リスト 選ぶ [手順]
wincontrol\combobox.htm#選択する,選択リスト:選択する [手順],選択リスト 選択する [手順]
wincontrol\combobox.htm#一覧,選択リスト:一覧 [設定項目],選択リスト 一覧 [設定項目]
wincontrol\combobox.htm#個数,選択リスト:個数 [設定項目],選択リスト 個数 [設定項目]
wincontrol\combobox.htm#入力可能,選択リスト:入力可能 [設定項目],選択リスト 入力可能 [設定項目]
wincontrol\combobox.htm#背景色,選択リスト:背景色 [設定項目],選択リスト 背景色 [設定項目]
wincontrol\combobox.htm#選択番号,選択リスト:選択番号 [設定項目],選択リスト 選択番号 [設定項目]
wincontrol\combobox.htm#文字色,選択リスト:文字色 [設定項目],選択リスト 文字色 [設定項目]
wincontrol\combobox.htm#最大表示項目数,選択リスト:最大表示項目数 [設定項目],選択リスト 最大表示項目数 [設定項目]
wincontrol\combobox.htm#最大文字数,選択リスト:最大文字数 [設定項目],選択リスト 最大文字数 [設定項目]
wincontrol\combobox.htm#選択項目,選択リスト:選択項目 [設定項目],選択リスト 選択項目 [設定項目]
wincontrol\combobox.htm#選択開始位置,選択リスト:選択開始位置 [設定項目],選択リスト 選択開始位置 [設定項目]
wincontrol\combobox.htm#選択長さ,選択リスト:選択長さ [設定項目],選択リスト 選択長さ [設定項目]
wincontrol\combobox.htm#選択内容,選択リスト:選択内容 [設定項目],選択リスト 選択内容 [設定項目]
wincontrol\combobox.htm#選択窓幅,選択リスト:選択窓幅 [設定項目],選択リスト 選択窓幅 [設定項目]
wincontrol\combobox.htm#選択窓高さ,選択リスト:選択窓高さ [設定項目],選択リスト 選択窓高さ [設定項目]
wincontrol\combobox.htm#選択窓表示,選択リスト:選択窓表示 [設定項目],選択リスト 選択窓表示 [設定項目]
wincontrol\combobox.htm#自動調整,選択リスト:自動調整 [設定項目],選択リスト 自動調整 [設定項目]
wincontrol\combobox.htm#並べ替え,選択リスト:並べ替え [設定項目],選択リスト 並べ替え [設定項目]
wincontrol\combobox.htm#変更された,選択リスト:変更された [イベント],選択リスト 変更された [イベント]
wincontrol\combobox.htm#選択された,選択リスト:選択された [イベント],選択リスト 選択された [イベント]
wincontrol\combobox.htm#ドロップダウンが開かれた,選択リスト:ドロップダウンが開かれた [イベント],選択リスト ドロップダウンが開かれた [イベント]
wincontrol\combobox.htm#ドロップダウンが閉じられた,選択リスト:ドロップダウンが閉じられた [イベント],選択リスト ドロップダウンが閉じられた [イベント]
wincontrol\combobox.htm#sample1,逆引き「プルダウンリストから選択するには」,プルダウンリストから選択するには
wincontrol\combobox.htm#挟む,逆引き「選択リストの途中に項目を追加する」,選択リストの途中に項目を追加する
wincontrol\combobox.htm#一括追加する,逆引き「選択リストに項目を一度に追加する」,選択リストに項目を一度に追加する
wincontrol\combobox.htm#消す,逆引き「選択リストから項目を消す」,選択リストから項目を消す
wincontrol\combobox.htm#番目を消す,逆引き「選択リストから項目を番号で指定して消す」,選択リストから項目を番号で指定して消す
wincontrol\combobox.htm#番目を消す,逆引き「テキストを範囲選択する」,テキストを範囲選択する
wincontrol\contextmenu.htm,コンテキストメニュー, コンテキストメニュー 種類
wincontrol\contextmenu.htm#すべて消す,コンテキストメニュー:すべて消す [手順],コンテキストメニュー すべて消す [手順]
wincontrol\contextmenu.htm#追加する,コンテキストメニュー:追加する [手順],コンテキストメニュー 追加する [手順]
wincontrol\contextmenu.htm#削除する,コンテキストメニュー:削除する [手順],コンテキストメニュー 削除する [手順]
wincontrol\contextmenu.htm#表示する,コンテキストメニュー:表示する [手順],コンテキストメニュー 表示する [手順]
wincontrol\contextmenu.htm#ハンドル,コンテキストメニュー:ハンドル [設定項目],コンテキストメニュー ハンドル [設定項目]
wincontrol\contextmenu.htm#透明色,コンテキストメニュー:透明色 [設定項目],コンテキストメニュー 透明色 [設定項目]
wincontrol\contextmenu.htm#sample1,逆引き「コンテキストメニューを表示する」,コンテキストメニューを表示する
wincontrol\control.htm,ウィンドウ部品, ウィンドウ部品 種類 GUI部品 コントロール部品
wincontrol\control.htm#表示する,ウィンドウ部品:表示する [手順],ウィンドウ部品 表示する [手順]
wincontrol\control.htm#隠す,ウィンドウ部品:隠す [手順],ウィンドウ部品 隠す [手順]
wincontrol\control.htm#更新する,ウィンドウ部品:更新する [手順],ウィンドウ部品 更新する [手順]
wincontrol\control.htm#フォーカスする,ウィンドウ部品:フォーカスする [手順],ウィンドウ部品 フォーカスする [手順]
wincontrol\control.htm#最前面,ウィンドウ部品:最前面 [手順],ウィンドウ部品 最前面 [手順]
wincontrol\control.htm#最背面,ウィンドウ部品:最背面 [手順],ウィンドウ部品 最背面 [手順]
wincontrol\control.htm#有効にする,ウィンドウ部品:有効にする [手順],ウィンドウ部品 有効にする [手順]
wincontrol\control.htm#無効にする,ウィンドウ部品:無効にする [手順],ウィンドウ部品 無効にする [手順]
wincontrol\control.htm#指摘する,ウィンドウ部品:指摘する [手順],ウィンドウ部品 指摘する [手順]
wincontrol\control.htm#IME状態,ウィンドウ部品:IME状態 [設定項目],ウィンドウ部品 IME状態 [設定項目]
wincontrol\control.htm#ドッキング方向,ウィンドウ部品:ドッキング方向 [設定項目],ウィンドウ部品 ドッキング方向 [設定項目]
wincontrol\control.htm#ドラッグドロップ,ウィンドウ部品:ドラッグドロップ [設定項目],ウィンドウ部品 ドラッグドロップ [設定項目]
wincontrol\control.htm#ハンドル,ウィンドウ部品:ハンドル [設定項目],ウィンドウ部品 ハンドル [設定項目]
wincontrol\control.htm#フォーカス可能,ウィンドウ部品:フォーカス可能 [設定項目],ウィンドウ部品 フォーカス可能 [設定項目]
wincontrol\control.htm#フォーカス中,ウィンドウ部品:フォーカス中 [設定項目],ウィンドウ部品 フォーカス中 [設定項目]
wincontrol\control.htm#文字サイズ,ウィンドウ部品:文字サイズ [設定項目],ウィンドウ部品 文字サイズ [設定項目]
wincontrol\control.htm#フォント名,ウィンドウ部品:フォント名 [設定項目],ウィンドウ部品 フォント名 [設定項目]
wincontrol\control.htm#マウスカーソル,ウィンドウ部品:マウスカーソル [設定項目],ウィンドウ部品 マウスカーソル [設定項目]
wincontrol\control.htm#位置,ウィンドウ部品:位置 [設定項目],ウィンドウ部品 位置 [設定項目]
wincontrol\control.htm#位置と大きさ,ウィンドウ部品:位置と大きさ [設定項目],ウィンドウ部品 位置と大きさ [設定項目]
wincontrol\control.htm#実質大きさ,ウィンドウ部品:実質大きさ [設定項目],ウィンドウ部品 実質大きさ [設定項目]
wincontrol\control.htm#移動順,ウィンドウ部品:移動順 [設定項目],ウィンドウ部品 移動順 [設定項目]
wincontrol\control.htm#横,ウィンドウ部品:横 [設定項目],ウィンドウ部品 横 [設定項目]
wincontrol\control.htm#高さ,ウィンドウ部品:高さ [設定項目],ウィンドウ部品 高さ [設定項目]
wincontrol\control.htm#自動調整,ウィンドウ部品:自動調整 [設定項目],ウィンドウ部品 自動調整 [設定項目]
wincontrol\control.htm#縦,ウィンドウ部品:縦 [設定項目],ウィンドウ部品 縦 [設定項目]
wincontrol\control.htm#色,ウィンドウ部品:色 [設定項目],ウィンドウ部品 色 [設定項目]
wincontrol\control.htm#選択可能,ウィンドウ部品:選択可能 [設定項目],ウィンドウ部品 選択可能 [設定項目]
wincontrol\control.htm#大きさ,ウィンドウ部品:大きさ [設定項目],ウィンドウ部品 大きさ [設定項目]
wincontrol\control.htm#内容,ウィンドウ部品:内容 [設定項目],ウィンドウ部品 内容 [設定項目]
wincontrol\control.htm#背景画像,ウィンドウ部品:背景画像 [設定項目],ウィンドウ部品 背景画像 [設定項目]
wincontrol\control.htm#背景色,ウィンドウ部品:背景色 [設定項目],ウィンドウ部品 背景色 [設定項目]
wincontrol\control.htm#幅,ウィンドウ部品:幅 [設定項目],ウィンドウ部品 幅 [設定項目]
wincontrol\control.htm#名前,ウィンドウ部品:名前 [設定項目],ウィンドウ部品 名前 [設定項目]
wincontrol\control.htm#有効,ウィンドウ部品:有効 [設定項目],ウィンドウ部品 有効 [設定項目]
wincontrol\control.htm#親,ウィンドウ部品:親 [設定項目],ウィンドウ部品 親 [設定項目]
wincontrol\control.htm#タブ文字受付,ウィンドウ部品:タブ文字受付 [設定項目],ウィンドウ部品 タブ文字受付 [設定項目]
wincontrol\control.htm#元実体,ウィンドウ部品:元実体 [設定項目],ウィンドウ部品 元実体 [設定項目]
wincontrol\control.htm#キーが押された,ウィンドウ部品:キーが押された [イベント],ウィンドウ部品 キーが押された [イベント]
wincontrol\control.htm#キーが入力された,ウィンドウ部品:キーが入力された [イベント],ウィンドウ部品 キーが入力された [イベント]
wincontrol\control.htm#キーが離された,ウィンドウ部品:キーが離された [イベント],ウィンドウ部品 キーが離された [イベント]
wincontrol\control.htm#クリックされた,ウィンドウ部品:クリックされた [イベント],ウィンドウ部品 クリックされた [イベント]
wincontrol\control.htm#ダブルクリックされた,ウィンドウ部品:ダブルクリックされた [イベント],ウィンドウ部品 ダブルクリックされた [イベント]
wincontrol\control.htm#ドラッグが入る,ウィンドウ部品:ドラッグが入る [イベント],ウィンドウ部品 ドラッグが入る [イベント]
wincontrol\control.htm#ドラッグが離れる,ウィンドウ部品:ドラッグが離れる [イベント],ウィンドウ部品 ドラッグが離れる [イベント]
wincontrol\control.htm#ドラッグドロップされた,ウィンドウ部品:ドラッグドロップされた [イベント],ウィンドウ部品 ドラッグドロップされた [イベント]
wincontrol\control.htm#ドラッグ開始,ウィンドウ部品:ドラッグ開始 [イベント],ウィンドウ部品 ドラッグ開始 [イベント]
wincontrol\control.htm#マウスカーソルが移動した,ウィンドウ部品:マウスカーソルが移動した [イベント],ウィンドウ部品 マウスカーソルが移動した [イベント]
wincontrol\control.htm#マウスカーソルが入った,ウィンドウ部品:マウスカーソルが入った [イベント],ウィンドウ部品 マウスカーソルが入った [イベント]
wincontrol\control.htm#マウスカーソルが離れた,ウィンドウ部品:マウスカーソルが離れた [イベント],ウィンドウ部品 マウスカーソルが離れた [イベント]
wincontrol\control.htm#マウスのホイールが移動した,ウィンドウ部品:マウスのホイールが移動した [イベント],ウィンドウ部品 マウスのホイールが移動した [イベント]
wincontrol\control.htm#マウスのボタンが押された,ウィンドウ部品:マウスのボタンが押された [イベント],ウィンドウ部品 マウスのボタンが押された [イベント]
wincontrol\control.htm#マウスのボタンが離された,ウィンドウ部品:マウスのボタンが離された [イベント],ウィンドウ部品 マウスのボタンが離された [イベント]
wincontrol\control.htm#大きさが変わった,ウィンドウ部品:大きさが変わった [イベント],ウィンドウ部品 大きさが変わった [イベント]
wincontrol\control.htm#内容が変化した,ウィンドウ部品:内容が変化した [イベント],ウィンドウ部品 内容が変化した [イベント]
wincontrol\control.htm#フォーカスされた,ウィンドウ部品:フォーカスされた [イベント],ウィンドウ部品 フォーカスされた [イベント]
wincontrol\control.htm#描画する,ウィンドウ部品:描画する [イベント],ウィンドウ部品 描画する [イベント]
wincontrol\control.htm#離れた,ウィンドウ部品:離れた [イベント],ウィンドウ部品 離れた [イベント]
wincontrol\control.htm#検証する,ウィンドウ部品:検証する [イベント],ウィンドウ部品 検証する [イベント]
wincontrol\control.htm#検証された,ウィンドウ部品:検証された [イベント],ウィンドウ部品 検証された [イベント]
wincontrol\control.htm#最前面,逆引き「部品を手前に表示する」,部品を手前に表示する
wincontrol\customcontrol.htm,カスタムウィンドウ部品, カスタムウィンドウ部品 種類 GUI部品 コントロール部品
wincontrol\customcontrol.htm#クリアする,カスタムウィンドウ部品:クリアする [手順],カスタムウィンドウ部品 クリアする [手順]
wincontrol\customcontrol.htm#作る,カスタムウィンドウ部品:作る [手順],カスタムウィンドウ部品 作る [手順]
wincontrol\customcontrol.htm#消す,カスタムウィンドウ部品:消す [手順],カスタムウィンドウ部品 消す [手順]
wincontrol\customcontrol.htm#自動調整,カスタムウィンドウ部品:自動調整 [設定項目],カスタムウィンドウ部品 自動調整 [設定項目]
wincontrol\customcontrol.htm#自動調整方法,カスタムウィンドウ部品:自動調整方法 [設定項目],カスタムウィンドウ部品 自動調整方法 [設定項目]
wincontrol\customcontrol.htm#枠,カスタムウィンドウ部品:枠 [設定項目],カスタムウィンドウ部品 枠 [設定項目]
wincontrol\customcontrol.htm#子部品一覧,カスタムウィンドウ部品:子部品一覧 [設定項目],カスタムウィンドウ部品 子部品一覧 [設定項目]
wincontrol\customcontrol.htm#スクロールバー表示,カスタムウィンドウ部品:スクロールバー表示 [設定項目],カスタムウィンドウ部品 スクロールバー表示 [設定項目]
wincontrol\customcontrol.htm#内部大きさ,カスタムウィンドウ部品:内部大きさ [設定項目],カスタムウィンドウ部品 内部大きさ [設定項目]
wincontrol\datepicker.htm,日時選択欄, 日時選択欄 種類 GUI部品 コントロール部品
wincontrol\datepicker.htm#アップダウンボタン,日時選択欄:アップダウンボタン [設定項目],日時選択欄 アップダウンボタン [設定項目]
wincontrol\datepicker.htm#カスタム書式,日時選択欄:カスタム書式 [設定項目],日時選択欄 カスタム書式 [設定項目]
wincontrol\datepicker.htm#タイトル背景色,日時選択欄:タイトル背景色 [設定項目],日時選択欄 タイトル背景色 [設定項目]
wincontrol\datepicker.htm#タイトル文字色,日時選択欄:タイトル文字色 [設定項目],日時選択欄 タイトル文字色 [設定項目]
wincontrol\datepicker.htm#チェック,日時選択欄:チェック [設定項目],日時選択欄 チェック [設定項目]
wincontrol\datepicker.htm#チェックボックス,日時選択欄:チェックボックス [設定項目],日時選択欄 チェックボックス [設定項目]
wincontrol\datepicker.htm#フォント,日時選択欄:フォント [設定項目],日時選択欄 フォント [設定項目]
wincontrol\datepicker.htm#間隔,日時選択欄:間隔 [設定項目],日時選択欄 間隔 [設定項目]
wincontrol\datepicker.htm#月背景色,日時選択欄:月背景色 [設定項目],日時選択欄 月背景色 [設定項目]
wincontrol\datepicker.htm#高さ,日時選択欄:高さ [設定項目],日時選択欄 高さ [設定項目]
wincontrol\datepicker.htm#最小値,日時選択欄:最小値 [設定項目],日時選択欄 最小値 [設定項目]
wincontrol\datepicker.htm#最大値,日時選択欄:最大値 [設定項目],日時選択欄 最大値 [設定項目]
wincontrol\datepicker.htm#書式,日時選択欄:書式 [設定項目],日時選択欄 書式 [設定項目]
wincontrol\datepicker.htm#選択画面配置,日時選択欄:選択画面配置 [設定項目],日時選択欄 選択画面配置 [設定項目]
wincontrol\datepicker.htm#前後月色,日時選択欄:前後月色 [設定項目],日時選択欄 前後月色 [設定項目]
wincontrol\datepicker.htm#内容,日時選択欄:内容 [設定項目],日時選択欄 内容 [設定項目]
wincontrol\datepicker.htm#日時,日時選択欄:日時 [設定項目],日時選択欄 日時 [設定項目]
wincontrol\datepicker.htm#文字色,日時選択欄:文字色 [設定項目],日時選択欄 文字色 [設定項目]
wincontrol\datepicker.htm#変更された,日時選択欄:変更された [イベント],日時選択欄 変更された [イベント]
wincontrol\datepicker.htm#sample1,逆引き「日時をプルダウンで選択する」,日時をプルダウンで選択する
wincontrol\flowlayoutpanel.htm,自動配置パネル, 自動配置パネル 種類 GUI部品 コントロール部品
wincontrol\flowlayoutpanel.htm#クリアする,自動配置パネル:クリアする [手順],自動配置パネル クリアする [手順]
wincontrol\flowlayoutpanel.htm#作る,自動配置パネル:作る [手順],自動配置パネル 作る [手順]
wincontrol\flowlayoutpanel.htm#消す,自動配置パネル:消す [手順],自動配置パネル 消す [手順]
wincontrol\flowlayoutpanel.htm#折り返すかどうか,自動配置パネル:折り返すかどうか [手順],自動配置パネル 折り返すかどうか [手順]
wincontrol\flowlayoutpanel.htm#折り返す,自動配置パネル:折り返す [手順],自動配置パネル 折り返す [手順]
wincontrol\flowlayoutpanel.htm#折り返さない,自動配置パネル:折り返さない [手順],自動配置パネル 折り返さない [手順]
wincontrol\flowlayoutpanel.htm#方向,自動配置パネル:方向 [設定項目],自動配置パネル 方向 [設定項目]
wincontrol\flowlayoutpanel.htm#折り返し,自動配置パネル:折り返し [設定項目],自動配置パネル 折り返し [設定項目]
wincontrol\flowlayoutpanel.htm#自動調整,自動配置パネル:自動調整 [設定項目],自動配置パネル 自動調整 [設定項目]
wincontrol\flowlayoutpanel.htm#自動調整方法,自動配置パネル:自動調整方法 [設定項目],自動配置パネル 自動調整方法 [設定項目]
wincontrol\flowlayoutpanel.htm#枠,自動配置パネル:枠 [設定項目],自動配置パネル 枠 [設定項目]
wincontrol\flowlayoutpanel.htm#子部品一覧,自動配置パネル:子部品一覧 [設定項目],自動配置パネル 子部品一覧 [設定項目]
wincontrol\flowlayoutpanel.htm#スクロールバー表示,自動配置パネル:スクロールバー表示 [設定項目],自動配置パネル スクロールバー表示 [設定項目]
wincontrol\flowlayoutpanel.htm#内部大きさ,自動配置パネル:内部大きさ [設定項目],自動配置パネル 内部大きさ [設定項目]
wincontrol\flowlayoutpanel.htm#sample1,逆引き「フローレイアウトで部品を配置する」,フローレイアウトで部品を配置する
wincontrol\frame.htm,フレーム, フレーム 種類 GUI部品 コントロール部品
wincontrol\frame.htm#クリアする,フレーム:クリアする [手順],フレーム クリアする [手順]
wincontrol\frame.htm#作る,フレーム:作る [手順],フレーム 作る [手順]
wincontrol\frame.htm#消す,フレーム:消す [手順],フレーム 消す [手順]
wincontrol\frame.htm#見た目,フレーム:見た目 [設定項目],フレーム 見た目 [設定項目]
wincontrol\frame.htm#子部品一覧,フレーム:子部品一覧 [設定項目],フレーム 子部品一覧 [設定項目]
wincontrol\frame.htm#sample1,逆引き「部品のグループを作る」,部品のグループを作る
wincontrol\hscrollbar.htm,横スクロールバー, 横スクロールバー 種類 GUI部品 コントロール部品
wincontrol\index.htm,GUI部品の一覧, GUI部品の一覧 Produire.WinControl.dll
wincontrol\label.htm,ラベル, ラベル 種類 GUI部品 コントロール部品
wincontrol\label.htm#アクセスキー表示,ラベル:アクセスキー表示 [設定項目],ラベル アクセスキー表示 [設定項目]
wincontrol\label.htm#画像,ラベル:画像 [設定項目],ラベル 画像 [設定項目]
wincontrol\label.htm#見た目,ラベル:見た目 [設定項目],ラベル 見た目 [設定項目]
wincontrol\label.htm#語尾省略,ラベル:語尾省略 [設定項目],ラベル 語尾省略 [設定項目]
wincontrol\label.htm#自動調整,ラベル:自動調整 [設定項目],ラベル 自動調整 [設定項目]
wincontrol\label.htm#背景画像,ラベル:背景画像 [設定項目],ラベル 背景画像 [設定項目]
wincontrol\label.htm#フォント,ラベル:フォント [設定項目],ラベル フォント [設定項目]
wincontrol\label.htm#文字配置,ラベル:文字配置 [設定項目],ラベル 文字配置 [設定項目]
wincontrol\label.htm#枠,ラベル:枠 [設定項目],ラベル 枠 [設定項目]
wincontrol\label.htm#sample1,逆引き「ラベルを作る」,ラベルを作る
wincontrol\linkedlabel.htm,リンクラベル, リンクラベル 種類 GUI部品 コントロール部品
wincontrol\linkedlabel.htm#アクセスキー,リンクラベル:アクセスキー [設定項目],リンクラベル アクセスキー [設定項目]
wincontrol\linkedlabel.htm#アドレス,リンクラベル:アドレス [設定項目],リンクラベル アドレス [設定項目]
wincontrol\linkedlabel.htm#リンク色,リンクラベル:リンク色 [設定項目],リンクラベル リンク色 [設定項目]
wincontrol\linkedlabel.htm#移動済みリンク色,リンクラベル:移動済みリンク色 [設定項目],リンクラベル 移動済みリンク色 [設定項目]
wincontrol\linkedlabel.htm#表示済みリンク色,リンクラベル:表示済みリンク色 [設定項目],リンクラベル 表示済みリンク色 [設定項目]
wincontrol\linkedlabel.htm#文字配置,リンクラベル:文字配置 [設定項目],リンクラベル 文字配置 [設定項目]
wincontrol\linkedlabel.htm#無効リンク色,リンクラベル:無効リンク色 [設定項目],リンクラベル 無効リンク色 [設定項目]
wincontrol\linkedlabel.htm#リンクがクリックされた,リンクラベル:リンクがクリックされた [イベント],リンクラベル リンクがクリックされた [イベント]
wincontrol\linkedlabel.htm#sample1,逆引き「リンク付きのラベルを作る」,リンク付きのラベルを作る
wincontrol\listbox.htm,リストボックス, リストボックス 種類 GUI部品 コントロール部品
wincontrol\listbox.htm#クリアする,リストボックス:クリアする [手順],リストボックス クリアする [手順]
wincontrol\listbox.htm#ポイント項目番号,リストボックス:ポイント項目番号 [手順],リストボックス ポイント項目番号 [手順]
wincontrol\listbox.htm#解除する,リストボックス:解除する [手順],リストボックス 解除する [手順]
wincontrol\listbox.htm#検索する,リストボックス:検索する [手順],リストボックス 検索する [手順]
wincontrol\listbox.htm#項目の高さ,リストボックス:項目の高さ [手順],リストボックス 項目の高さ [手順]
wincontrol\listbox.htm#項目の大きさ,リストボックス:項目の大きさ [手順],リストボックス 項目の大きさ [手順]
wincontrol\listbox.htm#削除する,リストボックス:削除する [手順],リストボックス 削除する [手順]
wincontrol\listbox.htm#選択する,リストボックス:選択する [手順],リストボックス 選択する [手順]
wincontrol\listbox.htm#選択されているかどうか,リストボックス:選択されているかどうか [手順],リストボックス 選択されているかどうか [手順]
wincontrol\listbox.htm#選択設定する,リストボックス:選択設定する [手順],リストボックス 選択設定する [手順]
wincontrol\listbox.htm#選択全解除する,リストボックス:選択全解除する [手順],リストボックス 選択全解除する [手順]
wincontrol\listbox.htm#挿入する,リストボックス:挿入する [手順],リストボックス 挿入する [手順]
wincontrol\listbox.htm#探す,リストボックス:探す [手順],リストボックス 探す [手順]
wincontrol\listbox.htm#追加する,リストボックス:追加する [手順],リストボックス 追加する [手順]
wincontrol\listbox.htm#一括追加する,リストボックス:一括追加する [手順],リストボックス 一括追加する [手順]
wincontrol\listbox.htm#変更開始する,リストボックス:変更開始する [手順],リストボックス 変更開始する [手順]
wincontrol\listbox.htm#変更終了する,リストボックス:変更終了する [手順],リストボックス 変更終了する [手順]
wincontrol\listbox.htm#カスタムタブ表示,リストボックス:カスタムタブ表示 [設定項目],リストボックス カスタムタブ表示 [設定項目]
wincontrol\listbox.htm#タブ幅,リストボックス:タブ幅 [設定項目],リストボックス タブ幅 [設定項目]
wincontrol\listbox.htm#タブ文字表示,リストボックス:タブ文字表示 [設定項目],リストボックス タブ文字表示 [設定項目]
wincontrol\listbox.htm#一覧,リストボックス:一覧 [設定項目],リストボックス 一覧 [設定項目]
wincontrol\listbox.htm#横スクロールバー,リストボックス:横スクロールバー [設定項目],リストボックス 横スクロールバー [設定項目]
wincontrol\listbox.htm#横スクロール幅,リストボックス:横スクロール幅 [設定項目],リストボックス 横スクロール幅 [設定項目]
wincontrol\listbox.htm#個数,リストボックス:個数 [設定項目],リストボックス 個数 [設定項目]
wincontrol\listbox.htm#項目高さ,リストボックス:項目高さ [設定項目],リストボックス 項目高さ [設定項目]
wincontrol\listbox.htm#高さ総数,リストボックス:高さ総数 [設定項目],リストボックス 高さ総数 [設定項目]
wincontrol\listbox.htm#自動調整,リストボックス:自動調整 [設定項目],リストボックス 自動調整 [設定項目]
wincontrol\listbox.htm#縦スクロールバー,リストボックス:縦スクロールバー [設定項目],リストボックス 縦スクロールバー [設定項目]
wincontrol\listbox.htm#選択一覧,リストボックス:選択一覧 [設定項目],リストボックス 選択一覧 [設定項目]
wincontrol\listbox.htm#選択番号一覧,リストボックス:選択番号一覧 [設定項目],リストボックス 選択番号一覧 [設定項目]
wincontrol\listbox.htm#選択方法,リストボックス:選択方法 [設定項目],リストボックス 選択方法 [設定項目]
wincontrol\listbox.htm#背景色,リストボックス:背景色 [設定項目],リストボックス 背景色 [設定項目]
wincontrol\listbox.htm#番号,リストボックス:番号 [設定項目],リストボックス 番号 [設定項目]
wincontrol\listbox.htm#複数列,リストボックス:複数列 [設定項目],リストボックス 複数列 [設定項目]
wincontrol\listbox.htm#文字色,リストボックス:文字色 [設定項目],リストボックス 文字色 [設定項目]
wincontrol\listbox.htm#並べ替え,リストボックス:並べ替え [設定項目],リストボックス 並べ替え [設定項目]
wincontrol\listbox.htm#列幅,リストボックス:列幅 [設定項目],リストボックス 列幅 [設定項目]
wincontrol\listbox.htm#枠,リストボックス:枠 [設定項目],リストボックス 枠 [設定項目]
wincontrol\listbox.htm#選択された,リストボックス:選択された [イベント],リストボックス 選択された [イベント]
wincontrol\listbox.htm#sample1,逆引き「リストボックスを作る」,リストボックスを作る
wincontrol\listbox.htm#一括追加する,逆引き「リストボックスに項目を一度に複数追加する」,リストボックスに項目を一度に複数追加する
wincontrol\listview.htm,リストビュー, リストビュー 種類 GUI部品 コントロール部品
wincontrol\listview.htm#クリアする,リストビュー:クリアする [手順],リストビュー クリアする [手順]
wincontrol\listview.htm#すべて消す,リストビュー:すべて消す [手順],リストビュー すべて消す [手順]
wincontrol\listview.htm#加える,リストビュー:加える [手順],リストビュー 加える [手順]
wincontrol\listview.htm#一括追加する,リストビュー:一括追加する [手順],リストビュー 一括追加する [手順]
wincontrol\listview.htm#挟む,リストビュー:挟む [手順],リストビュー 挟む [手順]
wincontrol\listview.htm#消す,リストビュー:消す [手順],リストビュー 消す [手順]
wincontrol\listview.htm#番目を消す,リストビュー:番目を消す [手順],リストビュー 番目を消す [手順]
wincontrol\listview.htm#探す,リストビュー:探す [手順],リストビュー 探す [手順]
wincontrol\listview.htm#編集する,リストビュー:編集する [手順],リストビュー 編集する [手順]
wincontrol\listview.htm#更新開始する,リストビュー:更新開始する [手順],リストビュー 更新開始する [手順]
wincontrol\listview.htm#更新終了する,リストビュー:更新終了する [手順],リストビュー 更新終了する [手順]
wincontrol\listview.htm#昇順に並べ替える,リストビュー:昇順に並べ替える [手順],リストビュー 昇順に並べ替える [手順]
wincontrol\listview.htm#降順に並べ替える,リストビュー:降順に並べ替える [手順],リストビュー 降順に並べ替える [手順]
wincontrol\listview.htm#表示方法,リストビュー:表示方法 [設定項目],リストビュー 表示方法 [設定項目]
wincontrol\listview.htm#チェックボックス,リストビュー:チェックボックス [設定項目],リストビュー チェックボックス [設定項目]
wincontrol\listview.htm#チェック項目一覧,リストビュー:チェック項目一覧 [設定項目],リストビュー チェック項目一覧 [設定項目]
wincontrol\listview.htm#チェック番号一覧,リストビュー:チェック番号一覧 [設定項目],リストビュー チェック番号一覧 [設定項目]
wincontrol\listview.htm#個数,リストビュー:個数 [設定項目],リストビュー 個数 [設定項目]
wincontrol\listview.htm#選択項目,リストビュー:選択項目 [設定項目],リストビュー 選択項目 [設定項目]
wincontrol\listview.htm#選択内容,リストビュー:選択内容 [設定項目],リストビュー 選択内容 [設定項目]
wincontrol\listview.htm#選択番号,リストビュー:選択番号 [設定項目],リストビュー 選択番号 [設定項目]
wincontrol\listview.htm#選択項目一覧,リストビュー:選択項目一覧 [設定項目],リストビュー 選択項目一覧 [設定項目]
wincontrol\listview.htm#選択番号一覧,リストビュー:選択番号一覧 [設定項目],リストビュー 選択番号一覧 [設定項目]
wincontrol\listview.htm#選択数,リストビュー:選択数 [設定項目],リストビュー 選択数 [設定項目]
wincontrol\listview.htm#文字色,リストビュー:文字色 [設定項目],リストビュー 文字色 [設定項目]
wincontrol\listview.htm#背景色,リストビュー:背景色 [設定項目],リストビュー 背景色 [設定項目]
wincontrol\listview.htm#全列選択,リストビュー:全列選択 [設定項目],リストビュー 全列選択 [設定項目]
wincontrol\listview.htm#罫線,リストビュー:罫線 [設定項目],リストビュー 罫線 [設定項目]
wincontrol\listview.htm#選択表示,リストビュー:選択表示 [設定項目],リストビュー 選択表示 [設定項目]
wincontrol\listview.htm#自動選択,リストビュー:自動選択 [設定項目],リストビュー 自動選択 [設定項目]
wincontrol\listview.htm#ラベル編集,リストビュー:ラベル編集 [設定項目],リストビュー ラベル編集 [設定項目]
wincontrol\listview.htm#ラベル折り返し,リストビュー:ラベル折り返し [設定項目],リストビュー ラベル折り返し [設定項目]
wincontrol\listview.htm#複数選択,リストビュー:複数選択 [設定項目],リストビュー 複数選択 [設定項目]
wincontrol\listview.htm#項目一覧,リストビュー:項目一覧 [設定項目],リストビュー 項目一覧 [設定項目]
wincontrol\listview.htm#一覧,リストビュー:一覧 [設定項目],リストビュー 一覧 [設定項目]
wincontrol\listview.htm#見出し一覧,リストビュー:見出し一覧 [設定項目],リストビュー 見出し一覧 [設定項目]
wincontrol\listview.htm#詳細一覧,リストビュー:詳細一覧 [設定項目],リストビュー 詳細一覧 [設定項目]
wincontrol\listview.htm#透明色,リストビュー:透明色 [設定項目],リストビュー 透明色 [設定項目]
wincontrol\listview.htm#ドラッグされた,リストビュー:ドラッグされた [イベント],リストビュー ドラッグされた [イベント]
wincontrol\listview.htm#仮想検索が開始された,リストビュー:仮想検索が開始された [イベント],リストビュー 仮想検索が開始された [イベント]
wincontrol\listview.htm#仮想項目が必要になった,リストビュー:仮想項目が必要になった [イベント],リストビュー 仮想項目が必要になった [イベント]
wincontrol\listview.htm#仮想項目の状態が変化した,リストビュー:仮想項目の状態が変化した [イベント],リストビュー 仮想項目の状態が変化した [イベント]
wincontrol\listview.htm#仮想表示領域が変化した,リストビュー:仮想表示領域が変化した [イベント],リストビュー 仮想表示領域が変化した [イベント]
wincontrol\listview.htm#見出しがクリックされた,リストビュー:見出しがクリックされた [イベント],リストビュー 見出しがクリックされた [イベント]
wincontrol\listview.htm#見出しの順序が変更された,リストビュー:見出しの順序が変更された [イベント],リストビュー 見出しの順序が変更された [イベント]
wincontrol\listview.htm#見出しの幅が変更された,リストビュー:見出しの幅が変更された [イベント],リストビュー 見出しの幅が変更された [イベント]
wincontrol\listview.htm#見出しの幅が変更される,リストビュー:見出しの幅が変更される [イベント],リストビュー 見出しの幅が変更される [イベント]
wincontrol\listview.htm#項目をチェックする,リストビュー:項目をチェックする [イベント],リストビュー 項目をチェックする [イベント]
wincontrol\listview.htm#項目がチェックされた,リストビュー:項目がチェックされた [イベント],リストビュー 項目がチェックされた [イベント]
wincontrol\listview.htm#項目がポイントされた,リストビュー:項目がポイントされた [イベント],リストビュー 項目がポイントされた [イベント]
wincontrol\listview.htm#項目が選択された,リストビュー:項目が選択された [イベント],リストビュー 項目が選択された [イベント]
wincontrol\listview.htm#選択された,リストビュー:選択された [イベント],リストビュー 選択された [イベント]
wincontrol\listview.htm#選択項目が変更された,リストビュー:選択項目が変更された [イベント],リストビュー 選択項目が変更された [イベント]
wincontrol\listview.htm#ラベルが変更された,リストビュー:ラベルが変更された [イベント],リストビュー ラベルが変更された [イベント]
wincontrol\listview.htm#ラベルが変更される,リストビュー:ラベルが変更される [イベント],リストビュー ラベルが変更される [イベント]
wincontrol\listview.htm#lookup1,逆引き「項目を追加する」,項目を追加する
wincontrol\listview.htm#lookup2,逆引き「項目をクリック・ダブルクリックしたときの手順を作る」,項目をクリック・ダブルクリックしたときの手順を作る
wincontrol\listview.htm#lookup3,逆引き「見出し(カラムヘッダ)の追加と変更」,見出し(カラムヘッダ)の追加と変更
wincontrol\listview.htm#lookup4,逆引き「リストビュー項目の名称を編集できるようにする」,リストビュー項目の名称を編集できるようにする
wincontrol\listview.htm#lookup5,逆引き「チェックボックスを付けて項目にチェックが入れられるようする」,チェックボックスを付けて項目にチェックが入れられるようする
wincontrol\listview.htm#lookup6,逆引き「文字の色などを変更する」,文字の色などを変更する
wincontrol\listview.htm#lookup7,逆引き「リストビューの仮想項目」,リストビューの仮想項目
wincontrol\listviewitem.htm,リストビュー項目, リストビュー項目 種類
wincontrol\listviewitem.htm#移動する,リストビュー項目:移動する [手順],リストビュー項目 移動する [手順]
wincontrol\listviewitem.htm#選択する,リストビュー項目:選択する [手順],リストビュー項目 選択する [手順]
wincontrol\listviewitem.htm#編集開始する,リストビュー項目:編集開始する [手順],リストビュー項目 編集開始する [手順]
wincontrol\listviewitem.htm#画像,リストビュー項目:画像 [設定項目],リストビュー項目 画像 [設定項目]
wincontrol\listviewitem.htm#アイコン,リストビュー項目:アイコン [設定項目],リストビュー項目 アイコン [設定項目]
wincontrol\listviewitem.htm#選択中,リストビュー項目:選択中 [設定項目],リストビュー項目 選択中 [設定項目]
wincontrol\listviewitem.htm#内容,リストビュー項目:内容 [設定項目],リストビュー項目 内容 [設定項目]
wincontrol\listviewitem.htm#背景色,リストビュー項目:背景色 [設定項目],リストビュー項目 背景色 [設定項目]
wincontrol\listviewitem.htm#番号,リストビュー項目:番号 [設定項目],リストビュー項目 番号 [設定項目]
wincontrol\listviewitem.htm#文字色,リストビュー項目:文字色 [設定項目],リストビュー項目 文字色 [設定項目]
wincontrol\listviewitem.htm#詳細,リストビュー項目:詳細 [設定項目],リストビュー項目 詳細 [設定項目]
wincontrol\listview_event.htm,リストビューのイベント情報, リストビューのイベント情報 イベント情報
wincontrol\listview_event.htm#ラベル編集イベント情報,リストビューのイベント情報:ラベル編集イベント情報 [設定項目],リストビューのイベント情報 ラベル編集イベント情報 [設定項目]
wincontrol\listview_event.htm#キャンセル,リストビューのイベント情報:キャンセル [設定項目],リストビューのイベント情報 キャンセル [設定項目]
wincontrol\listview_event.htm#番号,リストビューのイベント情報:番号 [設定項目],リストビューのイベント情報 番号 [設定項目]
wincontrol\listview_event.htm#編集後,リストビューのイベント情報:編集後 [設定項目],リストビューのイベント情報 編集後 [設定項目]
wincontrol\listview_event.htm#見出しがクリックされたイベント情報,リストビューのイベント情報:見出しがクリックされたイベント情報 [設定項目],リストビューのイベント情報 見出しがクリックされたイベント情報 [設定項目]
wincontrol\listview_event.htm#見出し番号,リストビューのイベント情報:見出し番号 [設定項目],リストビューのイベント情報 見出し番号 [設定項目]
wincontrol\listview_event.htm#仮想項目が必要になった時イベント情報,リストビューのイベント情報:仮想項目が必要になった時イベント情報 [設定項目],リストビューのイベント情報 仮想項目が必要になった時イベント情報 [設定項目]
wincontrol\listview_event.htm#仮想項目が必要になった時イベント情報,リストビューのイベント情報:仮想項目が必要になった時イベント情報 [設定項目],リストビューのイベント情報 仮想項目が必要になった時イベント情報 [設定項目]
wincontrol\maskedtextbox.htm,マスクテキスト, マスクテキスト 種類 GUI部品 コントロール部品
wincontrol\maskedtextbox.htm#書式,マスクテキスト:書式 [設定項目],マスクテキスト 書式 [設定項目]
wincontrol\maskedtextbox.htm#アスキー文字のみ,マスクテキスト:アスキー文字のみ [設定項目],マスクテキスト アスキー文字のみ [設定項目]
wincontrol\maskedtextbox.htm#入力済み,マスクテキスト:入力済み [設定項目],マスクテキスト 入力済み [設定項目]
wincontrol\maskedtextbox.htm#全文字入力済み,マスクテキスト:全文字入力済み [設定項目],マスクテキスト 全文字入力済み [設定項目]
wincontrol\maskedtextbox.htm#未入力文字,マスクテキスト:未入力文字 [設定項目],マスクテキスト 未入力文字 [設定項目]
wincontrol\maskedtextbox.htm#未入力文字入力可能,マスクテキスト:未入力文字入力可能 [設定項目],マスクテキスト 未入力文字入力可能 [設定項目]
wincontrol\maskedtextbox.htm#定型文字入力可能,マスクテキスト:定型文字入力可能 [設定項目],マスクテキスト 定型文字入力可能 [設定項目]
wincontrol\maskedtextbox.htm#クリップボード内容形態,マスクテキスト:クリップボード内容形態 [設定項目],マスクテキスト クリップボード内容形態 [設定項目]
wincontrol\maskedtextbox.htm#内容形態,マスクテキスト:内容形態 [設定項目],マスクテキスト 内容形態 [設定項目]
wincontrol\maskedtextbox.htm#sample1,逆引き「自動整形されるテキストボックスを作る」,自動整形されるテキストボックスを作る
wincontrol\menu.htm,メニュー, メニュー 種類
wincontrol\menu.htm#すべて消す,メニュー:すべて消す [手順],メニュー すべて消す [手順]
wincontrol\menu.htm#追加する,メニュー:追加する [手順],メニュー 追加する [手順]
wincontrol\menu.htm#削除する,メニュー:削除する [手順],メニュー 削除する [手順]
wincontrol\menu.htm#ハンドル,メニュー:ハンドル [設定項目],メニュー ハンドル [設定項目]
wincontrol\menu.htm#透明色,メニュー:透明色 [設定項目],メニュー 透明色 [設定項目]
wincontrol\menu.htm#テーマ,メニュー:テーマ [設定項目],メニュー テーマ [設定項目]
wincontrol\menu.htm#sample1,逆引き「ウィンドウにメニューを作る」,ウィンドウにメニューを作る
wincontrol\menuitem.htm,メニュー項目, メニュー項目 種類
wincontrol\menuitem.htm#ショートカット,メニュー項目:ショートカット [設定項目],メニュー項目 ショートカット [設定項目]
wincontrol\menuitem.htm#ショートカット表示,メニュー項目:ショートカット表示 [設定項目],メニュー項目 ショートカット表示 [設定項目]
wincontrol\menuitem.htm#チェック,メニュー項目:チェック [設定項目],メニュー項目 チェック [設定項目]
wincontrol\menuitem.htm#画像,メニュー項目:画像 [設定項目],メニュー項目 画像 [設定項目]
wincontrol\menuitem.htm#子持ち,メニュー項目:子持ち [設定項目],メニュー項目 子持ち [設定項目]
wincontrol\menuitem.htm#統合順,メニュー項目:統合順 [設定項目],メニュー項目 統合順 [設定項目]
wincontrol\menuitem.htm#統合方法,メニュー項目:統合方法 [設定項目],メニュー項目 統合方法 [設定項目]
wincontrol\menuitem.htm#透明色,メニュー項目:透明色 [設定項目],メニュー項目 透明色 [設定項目]
wincontrol\menuitem.htm#内容,メニュー項目:内容 [設定項目],メニュー項目 内容 [設定項目]
wincontrol\menuitem.htm#表示,メニュー項目:表示 [設定項目],メニュー項目 表示 [設定項目]
wincontrol\menuitem.htm#有効,メニュー項目:有効 [設定項目],メニュー項目 有効 [設定項目]
wincontrol\menuitem.htm#クリックされた,メニュー項目:クリックされた [イベント],メニュー項目 クリックされた [イベント]
wincontrol\menuitem.htm#チェックされた,メニュー項目:チェックされた [イベント],メニュー項目 チェックされた [イベント]
wincontrol\menuitem.htm#選択された,メニュー項目:選択された [イベント],メニュー項目 選択された [イベント]
wincontrol\menuitem.htm#開かれた,メニュー項目:開かれた [イベント],メニュー項目 開かれた [イベント]
wincontrol\option.htm,オプション, オプション 種類 GUI部品 コントロール部品
wincontrol\option.htm#選択する,オプション:選択する [手順],オプション 選択する [手順]
wincontrol\option.htm#チェックボックス位置,オプション:チェックボックス位置 [設定項目],オプション チェックボックス位置 [設定項目]
wincontrol\option.htm#画像配置,オプション:画像配置 [設定項目],オプション 画像配置 [設定項目]
wincontrol\option.htm#絵,オプション:絵 [設定項目],オプション 絵 [設定項目]
wincontrol\option.htm#見た目,オプション:見た目 [設定項目],オプション 見た目 [設定項目]
wincontrol\option.htm#ボタン形状,オプション:ボタン形状 [設定項目],オプション ボタン形状 [設定項目]
wincontrol\option.htm#自動チェック,オプション:自動チェック [設定項目],オプション 自動チェック [設定項目]
wincontrol\option.htm#状態,オプション:状態 [設定項目],オプション 状態 [設定項目]
wincontrol\option.htm#文字配置,オプション:文字配置 [設定項目],オプション 文字配置 [設定項目]
wincontrol\option.htm#選択された,オプション:選択された [イベント],オプション 選択された [イベント]
wincontrol\option.htm#sample1,逆引き「ラジオボタンを作る」,ラジオボタンを作る
wincontrol\panel.htm,パネル, パネル 種類 GUI部品 コントロール部品
wincontrol\panel.htm#クリアする,パネル:クリアする [手順],パネル クリアする [手順]
wincontrol\panel.htm#作る,パネル:作る [手順],パネル 作る [手順]
wincontrol\panel.htm#消す,パネル:消す [手順],パネル 消す [手順]
wincontrol\panel.htm#自動調整,パネル:自動調整 [設定項目],パネル 自動調整 [設定項目]
wincontrol\panel.htm#自動調整方法,パネル:自動調整方法 [設定項目],パネル 自動調整方法 [設定項目]
wincontrol\panel.htm#枠,パネル:枠 [設定項目],パネル 枠 [設定項目]
wincontrol\panel.htm#子部品一覧,パネル:子部品一覧 [設定項目],パネル 子部品一覧 [設定項目]
wincontrol\panel.htm#スクロールバー表示,パネル:スクロールバー表示 [設定項目],パネル スクロールバー表示 [設定項目]
wincontrol\panel.htm#内部大きさ,パネル:内部大きさ [設定項目],パネル 内部大きさ [設定項目]
wincontrol\panel.htm#sample1,逆引き「部品をまとめるパネルを作る」,部品をまとめるパネルを作る
wincontrol\picturebox.htm,ピクチャー, ピクチャー 種類 GUI部品 コントロール部品
wincontrol\picturebox.htm#クリアする,ピクチャー:クリアする [手順],ピクチャー クリアする [手順]
wincontrol\picturebox.htm#開く,ピクチャー:開く [手順],ピクチャー 開く [手順]
wincontrol\picturebox.htm#非同期で開く,ピクチャー:非同期で開く [手順],ピクチャー 非同期で開く [手順]
wincontrol\picturebox.htm#中止する,ピクチャー:中止する [手順],ピクチャー 中止する [手順]
wincontrol\picturebox.htm#保存する,ピクチャー:保存する [手順],ピクチャー 保存する [手順]
wincontrol\picturebox.htm#印刷する,ピクチャー:印刷する [手順],ピクチャー 印刷する [手順]
wincontrol\picturebox.htm#確認して印刷,ピクチャー:確認して印刷 [手順],ピクチャー 確認して印刷 [手順]
wincontrol\picturebox.htm#エラー画像,ピクチャー:エラー画像 [設定項目],ピクチャー エラー画像 [設定項目]
wincontrol\picturebox.htm#ファイル名,ピクチャー:ファイル名 [設定項目],ピクチャー ファイル名 [設定項目]
wincontrol\picturebox.htm#画像,ピクチャー:画像 [設定項目],ピクチャー 画像 [設定項目]
wincontrol\picturebox.htm#自動調整,ピクチャー:自動調整 [設定項目],ピクチャー 自動調整 [設定項目]
wincontrol\picturebox.htm#同期読み込み,ピクチャー:同期読み込み [設定項目],ピクチャー 同期読み込み [設定項目]
wincontrol\picturebox.htm#読み込み画像,ピクチャー:読み込み画像 [設定項目],ピクチャー 読み込み画像 [設定項目]
wincontrol\picturebox.htm#枠,ピクチャー:枠 [設定項目],ピクチャー 枠 [設定項目]
wincontrol\picturebox.htm#sample1,逆引き「画像を表示する部品を作る」,画像を表示する部品を作る
wincontrol\picturebox.htm#sample2,逆引き「画像を印刷する」,画像を印刷する
wincontrol\progressbar.htm,プログレスバー, プログレスバー 種類 GUI部品 コントロール部品
wincontrol\progressbar.htm#増やす,プログレスバー:増やす [手順],プログレスバー 増やす [手順]
wincontrol\progressbar.htm#最小値,プログレスバー:最小値 [設定項目],プログレスバー 最小値 [設定項目]
wincontrol\progressbar.htm#最大値,プログレスバー:最大値 [設定項目],プログレスバー 最大値 [設定項目]
wincontrol\progressbar.htm#増加量,プログレスバー:増加量 [設定項目],プログレスバー 増加量 [設定項目]
wincontrol\progressbar.htm#値,プログレスバー:値 [設定項目],プログレスバー 値 [設定項目]
wincontrol\progressbar.htm#sample1,逆引き「プログレスバーを作る」,プログレスバーを作る
wincontrol\richtextbox.htm,書式付きテキスト, 書式付きテキスト RTF リッチテキスト形式 拡張テキスト リッチテキストボックス 種類 GUI部品 コントロール部品
wincontrol\richtextbox.htm#検索する,書式付きテキスト:検索する [手順],書式付きテキスト 検索する [手順]
wincontrol\richtextbox.htm#貼り付け可能,書式付きテキスト:貼り付け可能 [手順],書式付きテキスト 貼り付け可能 [手順]
wincontrol\richtextbox.htm#読み込む,書式付きテキスト:読み込む [手順],書式付きテキスト 読み込む [手順]
wincontrol\richtextbox.htm#RTFとして読み込む,書式付きテキスト:RTFとして読み込む [手順],書式付きテキスト RTFとして読み込む [手順]
wincontrol\richtextbox.htm#保存する,書式付きテキスト:保存する [手順],書式付きテキスト 保存する [手順]
wincontrol\richtextbox.htm#RTFとして保存する,書式付きテキスト:RTFとして保存する [手順],書式付きテキスト RTFとして保存する [手順]
wincontrol\richtextbox.htm#折り返し,書式付きテキスト:折り返し [設定項目],書式付きテキスト 折り返し [設定項目]
wincontrol\richtextbox.htm#最大文字数,書式付きテキスト:最大文字数 [設定項目],書式付きテキスト 最大文字数 [設定項目]
wincontrol\richtextbox.htm#選択開始位置,書式付きテキスト:選択開始位置 [設定項目],書式付きテキスト 選択開始位置 [設定項目]
wincontrol\richtextbox.htm#RTF,書式付きテキスト:RTF [設定項目],書式付きテキスト RTF [設定項目]
wincontrol\richtextbox.htm#URL認識,書式付きテキスト:URL認識 [設定項目],書式付きテキスト URL認識 [設定項目]
wincontrol\richtextbox.htm#インデント幅,書式付きテキスト:インデント幅 [設定項目],書式付きテキスト インデント幅 [設定項目]
wincontrol\richtextbox.htm#スクロールバー,書式付きテキスト:スクロールバー [設定項目],書式付きテキスト スクロールバー [設定項目]
wincontrol\richtextbox.htm#タブ位置,書式付きテキスト:タブ位置 [設定項目],書式付きテキスト タブ位置 [設定項目]
wincontrol\richtextbox.htm#やり直し可能,書式付きテキスト:やり直し可能 [設定項目],書式付きテキスト やり直し可能 [設定項目]
wincontrol\richtextbox.htm#やり直し操作名,書式付きテキスト:やり直し操作名 [設定項目],書式付きテキスト やり直し操作名 [設定項目]
wincontrol\richtextbox.htm#元に戻す操作名,書式付きテキスト:元に戻す操作名 [設定項目],書式付きテキスト 元に戻す操作名 [設定項目]
wincontrol\richtextbox.htm#行文字数,書式付きテキスト:行文字数 [設定項目],書式付きテキスト 行文字数 [設定項目]
wincontrol\richtextbox.htm#行番号,書式付きテキスト:行番号 [設定項目],書式付きテキスト 行番号 [設定項目]
wincontrol\richtextbox.htm#行内容,書式付きテキスト:行内容 [設定項目],書式付きテキスト 行内容 [設定項目]
wincontrol\richtextbox.htm#行数,書式付きテキスト:行数 [設定項目],書式付きテキスト 行数 [設定項目]
wincontrol\richtextbox.htm#桁,書式付きテキスト:桁 [設定項目],書式付きテキスト 桁 [設定項目]
wincontrol\richtextbox.htm#自動単語選択,書式付きテキスト:自動単語選択 [設定項目],書式付きテキスト 自動単語選択 [設定項目]
wincontrol\richtextbox.htm#選択RTF,書式付きテキスト:選択RTF [設定項目],書式付きテキスト 選択RTF [設定項目]
wincontrol\richtextbox.htm#選択データ型,書式付きテキスト:選択データ型 [設定項目],書式付きテキスト 選択データ型 [設定項目]
wincontrol\richtextbox.htm#選択右余白,書式付きテキスト:選択右余白 [設定項目],書式付きテキスト 選択右余白 [設定項目]
wincontrol\richtextbox.htm#選択箇条書き,書式付きテキスト:選択箇条書き [設定項目],書式付きテキスト 選択箇条書き [設定項目]
wincontrol\richtextbox.htm#選択左余白,書式付きテキスト:選択左余白 [設定項目],書式付きテキスト 選択左余白 [設定項目]
wincontrol\richtextbox.htm#選択フォント名,書式付きテキスト:選択フォント名 [設定項目],書式付きテキスト 選択フォント名 [設定項目]
wincontrol\richtextbox.htm#選択修飾文字,書式付きテキスト:選択修飾文字 [設定項目],書式付きテキスト 選択修飾文字 [設定項目]
wincontrol\richtextbox.htm#選択段落下げ幅,書式付きテキスト:選択段落下げ幅 [設定項目],書式付きテキスト 選択段落下げ幅 [設定項目]
wincontrol\richtextbox.htm#選択背景色,書式付きテキスト:選択背景色 [設定項目],書式付きテキスト 選択背景色 [設定項目]
wincontrol\richtextbox.htm#選択文字サイズ,書式付きテキスト:選択文字サイズ [設定項目],書式付きテキスト 選択文字サイズ [設定項目]
wincontrol\richtextbox.htm#選択文字下線,書式付きテキスト:選択文字下線 [設定項目],書式付きテキスト 選択文字下線 [設定項目]
wincontrol\richtextbox.htm#選択文字斜体,書式付きテキスト:選択文字斜体 [設定項目],書式付きテキスト 選択文字斜体 [設定項目]
wincontrol\richtextbox.htm#選択文字取消線,書式付きテキスト:選択文字取消線 [設定項目],書式付きテキスト 選択文字取消線 [設定項目]
wincontrol\richtextbox.htm#選択文字色,書式付きテキスト:選択文字色 [設定項目],書式付きテキスト 選択文字色 [設定項目]
wincontrol\richtextbox.htm#選択文字太字,書式付きテキスト:選択文字太字 [設定項目],書式付きテキスト 選択文字太字 [設定項目]
wincontrol\richtextbox.htm#選択文字配置,書式付きテキスト:選択文字配置 [設定項目],書式付きテキスト 選択文字配置 [設定項目]
wincontrol\richtextbox.htm#選択保護状態,書式付きテキスト:選択保護状態 [設定項目],書式付きテキスト 選択保護状態 [設定項目]
wincontrol\richtextbox.htm#選択余白,書式付きテキスト:選択余白 [設定項目],書式付きテキスト 選択余白 [設定項目]
wincontrol\richtextbox.htm#選択余白表示,書式付きテキスト:選択余白表示 [設定項目],書式付きテキスト 選択余白表示 [設定項目]
wincontrol\richtextbox.htm#選択行間,書式付きテキスト:選択行間 [設定項目],書式付きテキスト 選択行間 [設定項目]
wincontrol\richtextbox.htm#倍率,書式付きテキスト:倍率 [設定項目],書式付きテキスト 倍率 [設定項目]
wincontrol\richtextbox.htm#文章移動,書式付きテキスト:文章移動 [設定項目],書式付きテキスト 文章移動 [設定項目]
wincontrol\richtextbox.htm#タブ文字受付,書式付きテキスト:タブ文字受付 [設定項目],書式付きテキスト タブ文字受付 [設定項目]
wincontrol\richtextbox.htm#sample1,逆引き「リッチテキストを編集できる部品を作る」,リッチテキストを編集できる部品を作る
wincontrol\scrollbar.htm,スクロールバーベース, スクロールバーベース スクロールバー 種類 GUI部品 コントロール部品
wincontrol\scrollbar.htm#最小値,スクロールバーベース:最小値 [設定項目],スクロールバーベース 最小値 [設定項目]
wincontrol\scrollbar.htm#最大値,スクロールバーベース:最大値 [設定項目],スクロールバーベース 最大値 [設定項目]
wincontrol\scrollbar.htm#小移動幅,スクロールバーベース:小移動幅 [設定項目],スクロールバーベース 小移動幅 [設定項目]
wincontrol\scrollbar.htm#大移動幅,スクロールバーベース:大移動幅 [設定項目],スクロールバーベース 大移動幅 [設定項目]
wincontrol\scrollbar.htm#値,スクロールバーベース:値 [設定項目],スクロールバーベース 値 [設定項目]
wincontrol\scrollbar.htm#値が変化した,スクロールバーベース:値が変化した [イベント],スクロールバーベース 値が変化した [イベント]
wincontrol\scrollbar.htm#スクロールされた,スクロールバーベース:スクロールされた [イベント],スクロールバーベース スクロールされた [イベント]
wincontrol\scrollbar.htm#sample1,逆引き「スクロールバーを作る」,スクロールバーを作る
wincontrol\simplestatusbar.htm,シンプルステータスバー, シンプルステータスバー 部品 コントロール部品
wincontrol\simplestatusbar.htm#クリアする,シンプルステータスバー:クリアする [手順],シンプルステータスバー クリアする [手順]
wincontrol\simplestatusbar.htm#削除する,シンプルステータスバー:削除する [手順],シンプルステータスバー 削除する [手順]
wincontrol\simplestatusbar.htm#挿入する,シンプルステータスバー:挿入する [手順],シンプルステータスバー 挿入する [手順]
wincontrol\simplestatusbar.htm#探す,シンプルステータスバー:探す [手順],シンプルステータスバー 探す [手順]
wincontrol\simplestatusbar.htm#追加する,シンプルステータスバー:追加する [手順],シンプルステータスバー 追加する [手順]
wincontrol\simplestatusbar.htm#一覧,シンプルステータスバー:一覧 [設定項目],シンプルステータスバー 一覧 [設定項目]
wincontrol\simplestatusbaritem.htm,シンプルステータスバー項目, シンプルステータスバー項目 部品 コントロール部品
wincontrol\simplestatusbaritem.htm#内容,シンプルステータスバー項目:内容 [設定項目],シンプルステータスバー項目 内容 [設定項目]
wincontrol\simplestatusbaritem.htm#文字配置,シンプルステータスバー項目:文字配置 [設定項目],シンプルステータスバー項目 文字配置 [設定項目]
wincontrol\simplestatusbaritem.htm#説明,シンプルステータスバー項目:説明 [設定項目],シンプルステータスバー項目 説明 [設定項目]
wincontrol\simplestatusbaritem.htm#最小幅,シンプルステータスバー項目:最小幅 [設定項目],シンプルステータスバー項目 最小幅 [設定項目]
wincontrol\simplestatusbaritem.htm#アイコン,シンプルステータスバー項目:アイコン [設定項目],シンプルステータスバー項目 アイコン [設定項目]
wincontrol\simplestatusbaritem.htm#幅,シンプルステータスバー項目:幅 [設定項目],シンプルステータスバー項目 幅 [設定項目]
wincontrol\simplestatusbaritem.htm#境界線,シンプルステータスバー項目:境界線 [設定項目],シンプルステータスバー項目 境界線 [設定項目]
wincontrol\simplestatusbaritem.htm#アイコン位置,シンプルステータスバー項目:アイコン位置 [設定項目],シンプルステータスバー項目 アイコン位置 [設定項目]
wincontrol\simplestatusbaritem.htm#サイズ調整,シンプルステータスバー項目:サイズ調整 [設定項目],シンプルステータスバー項目 サイズ調整 [設定項目]
wincontrol\simpletoolbar.htm,シンプルツールバー, シンプルツールバー 部品 コントロール部品
wincontrol\simpletoolbar.htm#クリアする,シンプルツールバー:クリアする [手順],シンプルツールバー クリアする [手順]
wincontrol\simpletoolbar.htm#削除する,シンプルツールバー:削除する [手順],シンプルツールバー 削除する [手順]
wincontrol\simpletoolbar.htm#挿入する,シンプルツールバー:挿入する [手順],シンプルツールバー 挿入する [手順]
wincontrol\simpletoolbar.htm#探す,シンプルツールバー:探す [手順],シンプルツールバー 探す [手順]
wincontrol\simpletoolbar.htm#追加する,シンプルツールバー:追加する [手順],シンプルツールバー 追加する [手順]
wincontrol\simpletoolbar.htm#ボタンの大きさ,シンプルツールバー:ボタンの大きさ [設定項目],シンプルツールバー ボタンの大きさ [設定項目]
wincontrol\simpletoolbar.htm#区切り線,シンプルツールバー:区切り線 [設定項目],シンプルツールバー 区切り線 [設定項目]
wincontrol\simpletoolbar.htm#ヒント表示,シンプルツールバー:ヒント表示 [設定項目],シンプルツールバー ヒント表示 [設定項目]
wincontrol\simpletoolbar.htm#折り返し,シンプルツールバー:折り返し [設定項目],シンプルツールバー 折り返し [設定項目]
wincontrol\simpletoolbar.htm#外観,シンプルツールバー:外観 [設定項目],シンプルツールバー 外観 [設定項目]
wincontrol\simpletoolbar.htm#透明色,シンプルツールバー:透明色 [設定項目],シンプルツールバー 透明色 [設定項目]
wincontrol\simpletoolbar.htm#個数,シンプルツールバー:個数 [設定項目],シンプルツールバー 個数 [設定項目]
wincontrol\simpletoolbar.htm#一覧,シンプルツールバー:一覧 [設定項目],シンプルツールバー 一覧 [設定項目]
wincontrol\simpletoolbar.htm#ボタンがクリックされた,シンプルツールバー:ボタンがクリックされた [イベント],シンプルツールバー ボタンがクリックされた [イベント]
wincontrol\simpletoolbar.htm#メニューがクリックされた,シンプルツールバー:メニューがクリックされた [イベント],シンプルツールバー メニューがクリックされた [イベント]
wincontrol\simpletoolbaritem.htm,シンプルツールバー項目, シンプルツールバー項目 部品 コントロール部品
wincontrol\simpletoolbaritem.htm#内容,シンプルツールバー項目:内容 [設定項目],シンプルツールバー項目 内容 [設定項目]
wincontrol\simpletoolbaritem.htm#説明,シンプルツールバー項目:説明 [設定項目],シンプルツールバー項目 説明 [設定項目]
wincontrol\simpletoolbaritem.htm#表示,シンプルツールバー項目:表示 [設定項目],シンプルツールバー項目 表示 [設定項目]
wincontrol\simpletoolbaritem.htm#有効,シンプルツールバー項目:有効 [設定項目],シンプルツールバー項目 有効 [設定項目]
wincontrol\simpletoolbaritem.htm#情報,シンプルツールバー項目:情報 [設定項目],シンプルツールバー項目 情報 [設定項目]
wincontrol\simpletoolbaritem.htm#半押し状態,シンプルツールバー項目:半押し状態 [設定項目],シンプルツールバー項目 半押し状態 [設定項目]
wincontrol\simpletoolbaritem.htm#押されている,シンプルツールバー項目:押されている [設定項目],シンプルツールバー項目 押されている [設定項目]
wincontrol\simpletoolbaritem.htm#親,シンプルツールバー項目:親 [設定項目],シンプルツールバー項目 親 [設定項目]
wincontrol\simpletoolbaritem.htm#画像,シンプルツールバー項目:画像 [設定項目],シンプルツールバー項目 画像 [設定項目]
wincontrol\simpletoolbaritem.htm#クリックされた,シンプルツールバー項目:クリックされた [イベント],シンプルツールバー項目 クリックされた [イベント]
wincontrol\slider.htm,スライダ, スライダ 種類 GUI部品 コントロール部品
wincontrol\slider.htm#設定する,スライダ:設定する [手順],スライダ 設定する [手順]
wincontrol\slider.htm#最小値,スライダ:最小値 [設定項目],スライダ 最小値 [設定項目]
wincontrol\slider.htm#最大値,スライダ:最大値 [設定項目],スライダ 最大値 [設定項目]
wincontrol\slider.htm#自動調整,スライダ:自動調整 [設定項目],スライダ 自動調整 [設定項目]
wincontrol\slider.htm#小移動幅,スライダ:小移動幅 [設定項目],スライダ 小移動幅 [設定項目]
wincontrol\slider.htm#大移動幅,スライダ:大移動幅 [設定項目],スライダ 大移動幅 [設定項目]
wincontrol\slider.htm#値,スライダ:値 [設定項目],スライダ 値 [設定項目]
wincontrol\slider.htm#方向,スライダ:方向 [設定項目],スライダ 方向 [設定項目]
wincontrol\slider.htm#目盛り,スライダ:目盛り [設定項目],スライダ 目盛り [設定項目]
wincontrol\slider.htm#目盛り間隔,スライダ:目盛り間隔 [設定項目],スライダ 目盛り間隔 [設定項目]
wincontrol\slider.htm#変化した,スライダ:変化した [イベント],スライダ 変化した [イベント]
wincontrol\slider.htm#スライドした,スライダ:スライドした [イベント],スライダ スライドした [イベント]
wincontrol\slider.htm#sample1,逆引き「スライダを作る」,スライダを作る
wincontrol\splitter.htm,分割パネル, 分割パネル 種類 GUI部品 コントロール部品
wincontrol\splitter.htm#クリアする,分割パネル:クリアする [手順],分割パネル クリアする [手順]
wincontrol\splitter.htm#作る,分割パネル:作る [手順],分割パネル 作る [手順]
wincontrol\splitter.htm#消す,分割パネル:消す [手順],分割パネル 消す [手順]
wincontrol\splitter.htm#下側最小高さ,分割パネル:下側最小高さ [設定項目],分割パネル 下側最小高さ [設定項目]
wincontrol\splitter.htm#右側最小幅,分割パネル:右側最小幅 [設定項目],分割パネル 右側最小幅 [設定項目]
wincontrol\splitter.htm#下側表示,分割パネル:下側表示 [設定項目],分割パネル 下側表示 [設定項目]
wincontrol\splitter.htm#右側表示,分割パネル:右側表示 [設定項目],分割パネル 右側表示 [設定項目]
wincontrol\splitter.htm#固定,分割パネル:固定 [設定項目],分割パネル 固定 [設定項目]
wincontrol\splitter.htm#固定パネル,分割パネル:固定パネル [設定項目],分割パネル 固定パネル [設定項目]
wincontrol\splitter.htm#上側最小高さ,分割パネル:上側最小高さ [設定項目],分割パネル 上側最小高さ [設定項目]
wincontrol\splitter.htm#左側最小幅,分割パネル:左側最小幅 [設定項目],分割パネル 左側最小幅 [設定項目]
wincontrol\splitter.htm#上側表示,分割パネル:上側表示 [設定項目],分割パネル 上側表示 [設定項目]
wincontrol\splitter.htm#左側表示,分割パネル:左側表示 [設定項目],分割パネル 左側表示 [設定項目]
wincontrol\splitter.htm#背景画像,分割パネル:背景画像 [設定項目],分割パネル 背景画像 [設定項目]
wincontrol\splitter.htm#分割線位置,分割パネル:分割線位置 [設定項目],分割パネル 分割線位置 [設定項目]
wincontrol\splitter.htm#分割線移動幅,分割パネル:分割線移動幅 [設定項目],分割パネル 分割線移動幅 [設定項目]
wincontrol\splitter.htm#分割線幅,分割パネル:分割線幅 [設定項目],分割パネル 分割線幅 [設定項目]
wincontrol\splitter.htm#方向,分割パネル:方向 [設定項目],分割パネル 方向 [設定項目]
wincontrol\splitter.htm#枠,分割パネル:枠 [設定項目],分割パネル 枠 [設定項目]
wincontrol\splitter.htm#sample1,逆引き「スプリッタ(分割線)を作る」,スプリッタ(分割線)を作る
wincontrol\statusbar.htm,ステータスバー, ステータスバー 種類 GUI部品 コントロール部品
wincontrol\statusbar.htm#クリアする,ステータスバー:クリアする [手順],ステータスバー クリアする [手順]
wincontrol\statusbar.htm#挟む,ステータスバー:挟む [手順],ステータスバー 挟む [手順]
wincontrol\statusbar.htm#挟む,ステータスバー:挟む [手順],ステータスバー 挟む [手順]
wincontrol\statusbar.htm#挟む,ステータスバー:挟む [手順],ステータスバー 挟む [手順]
wincontrol\statusbar.htm#作る,ステータスバー:作る [手順],ステータスバー 作る [手順]
wincontrol\statusbar.htm#作る,ステータスバー:作る [手順],ステータスバー 作る [手順]
wincontrol\statusbar.htm#加える,ステータスバー:加える [手順],ステータスバー 加える [手順]
wincontrol\statusbar.htm#番目を消す,ステータスバー:番目を消す [手順],ステータスバー 番目を消す [手順]
wincontrol\statusbar.htm#消す,ステータスバー:消す [手順],ステータスバー 消す [手順]
wincontrol\statusbar.htm#スタイル,ステータスバー:スタイル [設定項目],ステータスバー スタイル [設定項目]
wincontrol\statusbar.htm#スクロールされた,ステータスバー:スクロールされた [イベント],ステータスバー スクロールされた [イベント]
wincontrol\statusbar.htm#sample1,逆引き「ステータスバーを作る」,ステータスバーを作る
wincontrol\tabframe.htm,タブフレーム, タブフレーム 種類 GUI部品 コントロール部品
wincontrol\tabframe.htm#クリアする,タブフレーム:クリアする [手順],タブフレーム クリアする [手順]
wincontrol\tabframe.htm#作る,タブフレーム:作る [手順],タブフレーム 作る [手順]
wincontrol\tabframe.htm#加える,タブフレーム:加える [手順],タブフレーム 加える [手順]
wincontrol\tabframe.htm#挟む,タブフレーム:挟む [手順],タブフレーム 挟む [手順]
wincontrol\tabframe.htm#番目を消す,タブフレーム:番目を消す [手順],タブフレーム 番目を消す [手順]
wincontrol\tabframe.htm#消す,タブフレーム:消す [手順],タブフレーム 消す [手順]
wincontrol\tabframe.htm#探す,タブフレーム:探す [手順],タブフレーム 探す [手順]
wincontrol\tabframe.htm#一覧,タブフレーム:一覧 [設定項目],タブフレーム 一覧 [設定項目]
wincontrol\tabframe.htm#ページ一覧,タブフレーム:ページ一覧 [設定項目],タブフレーム ページ一覧 [設定項目]
wincontrol\tabframe.htm#外観,タブフレーム:外観 [設定項目],タブフレーム 外観 [設定項目]
wincontrol\tabframe.htm#強調表示,タブフレーム:強調表示 [設定項目],タブフレーム 強調表示 [設定項目]
wincontrol\tabframe.htm#見出しサイズ,タブフレーム:見出しサイズ [設定項目],タブフレーム 見出しサイズ [設定項目]
wincontrol\tabframe.htm#行数,タブフレーム:行数 [設定項目],タブフレーム 行数 [設定項目]
wincontrol\tabframe.htm#選択内容,タブフレーム:選択内容 [設定項目],タブフレーム 選択内容 [設定項目]
wincontrol\tabframe.htm#選択番号,タブフレーム:選択番号 [設定項目],タブフレーム 選択番号 [設定項目]
wincontrol\tabframe.htm#複数行,タブフレーム:複数行 [設定項目],タブフレーム 複数行 [設定項目]
wincontrol\tabframe.htm#選択タブ,タブフレーム:選択タブ [設定項目],タブフレーム 選択タブ [設定項目]
wincontrol\tabframe.htm#選択された,タブフレーム:選択された [イベント],タブフレーム 選択された [イベント]
wincontrol\tabframe.htm#選択している,タブフレーム:選択している [イベント],タブフレーム 選択している [イベント]
wincontrol\tabframe.htm#解除された,タブフレーム:解除された [イベント],タブフレーム 解除された [イベント]
wincontrol\tabframe.htm#解除している,タブフレーム:解除している [イベント],タブフレーム 解除している [イベント]
wincontrol\tabframe.htm#sample1,逆引き「タブページを作る」,タブページを作る
wincontrol\tabpage.htm,タブページ, タブページ 部品 コントロール部品
wincontrol\tabpage.htm#選択する,タブページ:選択する [手順],タブページ 選択する [手順]
wincontrol\tabpage.htm#画像,タブページ:画像 [設定項目],タブページ 画像 [設定項目]
wincontrol\tabpage.htm#説明,タブページ:説明 [設定項目],タブページ 説明 [設定項目]
wincontrol\tabpage.htm#内容,タブページ:内容 [設定項目],タブページ 内容 [設定項目]
wincontrol\tabpage.htm#枠,タブページ:枠 [設定項目],タブページ 枠 [設定項目]
wincontrol\tabpage.htm#子部品一覧,タブページ:子部品一覧 [設定項目],タブページ 子部品一覧 [設定項目]
wincontrol\tabpage.htm#クリックされた,タブページ:クリックされた [イベント],タブページ クリックされた [イベント]
wincontrol\tabpage.htm#ダブルクリックされた,タブページ:ダブルクリックされた [イベント],タブページ ダブルクリックされた [イベント]
wincontrol\textbox.htm,テキスト, テキスト テキストボックス 部品 コントロール部品
wincontrol\textbox.htm#クリアする,テキスト:クリアする [手順],テキスト クリアする [手順]
wincontrol\textbox.htm#コピーする,テキスト:コピーする [手順],テキスト コピーする [手順]
wincontrol\textbox.htm#すべて選択する,テキスト:すべて選択する [手順],テキスト すべて選択する [手順]
wincontrol\textbox.htm#検索する,テキスト:検索する [手順],テキスト 検索する [手順]
wincontrol\textbox.htm#切り取る,テキスト:切り取る [手順],テキスト 切り取る [手順]
wincontrol\textbox.htm#選択する,テキスト:選択する [手順],テキスト 選択する [手順]
wincontrol\textbox.htm#入力する,テキスト:入力する [手順],テキスト 入力する [手順]
wincontrol\textbox.htm#加える,テキスト:加える [手順],テキスト 加える [手順]
wincontrol\textbox.htm#挿入する,テキスト:挿入する [手順],テキスト 挿入する [手順]
wincontrol\textbox.htm#先頭へ挿入する,テキスト:先頭へ挿入する [手順],テキスト 先頭へ挿入する [手順]
wincontrol\textbox.htm#改行して挿入,テキスト:改行して挿入 [手順],テキスト 改行して挿入 [手順]
wincontrol\textbox.htm#先頭へ改行して挿入する,テキスト:先頭へ改行して挿入する [手順],テキスト 先頭へ改行して挿入する [手順]
wincontrol\textbox.htm#貼り付ける,テキスト:貼り付ける [手順],テキスト 貼り付ける [手順]
wincontrol\textbox.htm#保存する,テキスト:保存する [手順],テキスト 保存する [手順]
wincontrol\textbox.htm#元に戻す,テキスト:元に戻す [手順],テキスト 元に戻す [手順]
wincontrol\textbox.htm#移動する,テキスト:移動する [手順],テキスト 移動する [手順]
wincontrol\textbox.htm#印刷する,テキスト:印刷する [手順],テキスト 印刷する [手順]
wincontrol\textbox.htm#確認して印刷する,テキスト:確認して印刷する [手順],テキスト 確認して印刷する [手順]
wincontrol\textbox.htm#パスワード文字,テキスト:パスワード文字 [設定項目],テキスト パスワード文字 [設定項目]
wincontrol\textbox.htm#パスワード表示,テキスト:パスワード表示 [設定項目],テキスト パスワード表示 [設定項目]
wincontrol\textbox.htm#最大文字数,テキスト:最大文字数 [設定項目],テキスト 最大文字数 [設定項目]
wincontrol\textbox.htm#選択開始位置,テキスト:選択開始位置 [設定項目],テキスト 選択開始位置 [設定項目]
wincontrol\textbox.htm#選択長さ,テキスト:選択長さ [設定項目],テキスト 選択長さ [設定項目]
wincontrol\textbox.htm#選択内容,テキスト:選択内容 [設定項目],テキスト 選択内容 [設定項目]
wincontrol\textbox.htm#読み取り専用,テキスト:読み取り専用 [設定項目],テキスト 読み取り専用 [設定項目]
wincontrol\textbox.htm#内容,テキスト:内容 [設定項目],テキスト 内容 [設定項目]
wincontrol\textbox.htm#背景色,テキスト:背景色 [設定項目],テキスト 背景色 [設定項目]
wincontrol\textbox.htm#文字高さ,テキスト:文字高さ [設定項目],テキスト 文字高さ [設定項目]
wincontrol\textbox.htm#文字色,テキスト:文字色 [設定項目],テキスト 文字色 [設定項目]
wincontrol\textbox.htm#文字数,テキスト:文字数 [設定項目],テキスト 文字数 [設定項目]
wincontrol\textbox.htm#文字配置,テキスト:文字配置 [設定項目],テキスト 文字配置 [設定項目]
wincontrol\textbox.htm#変更済み,テキスト:変更済み [設定項目],テキスト 変更済み [設定項目]
wincontrol\textbox.htm#戻せる,テキスト:戻せる [設定項目],テキスト 戻せる [設定項目]
wincontrol\textbox.htm#改行優先,テキスト:改行優先 [設定項目],テキスト 改行優先 [設定項目]
wincontrol\textbox.htm#sample1,逆引き「テキストボックスを作る」,テキストボックスを作る
wincontrol\textbox.htm#選択する,逆引き「テキストボックスで範囲選択する」,テキストボックスで範囲選択する
wincontrol\textbox.htm#選択する,逆引き「テキストボックスで範囲選択する」,テキストボックスで範囲選択する
wincontrol\textbox.htm#挿入する,逆引き「テキストボックスへ文字を入力する」,テキストボックスへ文字を入力する
wincontrol\toolbar.htm,ツールバー, ツールバー 種類 GUI部品 コントロール部品
wincontrol\toolbar.htm#クリアする,ツールバー:クリアする [手順],ツールバー クリアする [手順]
wincontrol\toolbar.htm#挟む,ツールバー:挟む [手順],ツールバー 挟む [手順]
wincontrol\toolbar.htm#挟む,ツールバー:挟む [手順],ツールバー 挟む [手順]
wincontrol\toolbar.htm#挟む,ツールバー:挟む [手順],ツールバー 挟む [手順]
wincontrol\toolbar.htm#作る,ツールバー:作る [手順],ツールバー 作る [手順]
wincontrol\toolbar.htm#作る,ツールバー:作る [手順],ツールバー 作る [手順]
wincontrol\toolbar.htm#加える,ツールバー:加える [手順],ツールバー 加える [手順]
wincontrol\toolbar.htm#番目を消す,ツールバー:番目を消す [手順],ツールバー 番目を消す [手順]
wincontrol\toolbar.htm#消す,ツールバー:消す [手順],ツールバー 消す [手順]
wincontrol\toolbar.htm#透明色,ツールバー:透明色 [設定項目],ツールバー 透明色 [設定項目]
wincontrol\toolbar.htm#テーマ,ツールバー:テーマ [設定項目],ツールバー テーマ [設定項目]
wincontrol\toolbar.htm#ボタンがクリックされた,ツールバー:ボタンがクリックされた [イベント],ツールバー ボタンがクリックされた [イベント]
wincontrol\toolbar.htm#メニューがクリックされた,ツールバー:メニューがクリックされた [イベント],ツールバー メニューがクリックされた [イベント]
wincontrol\toolbar.htm#sample1,逆引き「ツールバーを作る」,ツールバーを作る
wincontrol\treenode.htm,ツリー項目, ツリー項目 ツリーノード
wincontrol\treenode.htm#クリアする,ツリー項目:クリアする [手順],ツリー項目 クリアする [手順]
wincontrol\treenode.htm#すべて消す,ツリー項目:すべて消す [手順],ツリー項目 すべて消す [手順]
wincontrol\treenode.htm#すべて展開する,ツリー項目:すべて展開する [手順],ツリー項目 すべて展開する [手順]
wincontrol\treenode.htm#消す,ツリー項目:消す [手順],ツリー項目 消す [手順]
wincontrol\treenode.htm#切り替える,ツリー項目:切り替える [手順],ツリー項目 切り替える [手順]
wincontrol\treenode.htm#加える,ツリー項目:加える [手順],ツリー項目 加える [手順]
wincontrol\treenode.htm#挟む,ツリー項目:挟む [手順],ツリー項目 挟む [手順]
wincontrol\treenode.htm#番目へ挟む,ツリー項目:番目へ挟む [手順],ツリー項目 番目へ挟む [手順]
wincontrol\treenode.htm#展開する,ツリー項目:展開する [手順],ツリー項目 展開する [手順]
wincontrol\treenode.htm#編集開始する,ツリー項目:編集開始する [手順],ツリー項目 編集開始する [手順]
wincontrol\treenode.htm#編集終了する,ツリー項目:編集終了する [手順],ツリー項目 編集終了する [手順]
wincontrol\treenode.htm#編集中止する,ツリー項目:編集中止する [手順],ツリー項目 編集中止する [手順]
wincontrol\treenode.htm#チェック,ツリー項目:チェック [設定項目],ツリー項目 チェック [設定項目]
wincontrol\treenode.htm#フォント,ツリー項目:フォント [設定項目],ツリー項目 フォント [設定項目]
wincontrol\treenode.htm#フルパス,ツリー項目:フルパス [設定項目],ツリー項目 フルパス [設定項目]
wincontrol\treenode.htm#個数,ツリー項目:個数 [設定項目],ツリー項目 個数 [設定項目]
wincontrol\treenode.htm#選択中,ツリー項目:選択中 [設定項目],ツリー項目 選択中 [設定項目]
wincontrol\treenode.htm#展開中,ツリー項目:展開中 [設定項目],ツリー項目 展開中 [設定項目]
wincontrol\treenode.htm#内容,ツリー項目:内容 [設定項目],ツリー項目 内容 [設定項目]
wincontrol\treenode.htm#背景色,ツリー項目:背景色 [設定項目],ツリー項目 背景色 [設定項目]
wincontrol\treenode.htm#表示中,ツリー項目:表示中 [設定項目],ツリー項目 表示中 [設定項目]
wincontrol\treenode.htm#文字色,ツリー項目:文字色 [設定項目],ツリー項目 文字色 [設定項目]
wincontrol\treenode.htm#画像,ツリー項目:画像 [設定項目],ツリー項目 画像 [設定項目]
wincontrol\treenode.htm#アイコン,ツリー項目:アイコン [設定項目],ツリー項目 アイコン [設定項目]
wincontrol\treenode.htm#チェックされた,ツリー項目:チェックされた [イベント],ツリー項目 チェックされた [イベント]
wincontrol\treenode.htm#ドラッグされた,ツリー項目:ドラッグされた [イベント],ツリー項目 ドラッグされた [イベント]
wincontrol\treenode.htm#折りたたみ後,ツリー項目:折りたたみ後 [イベント],ツリー項目 折りたたみ後 [イベント]
wincontrol\treenode.htm#選択された,ツリー項目:選択された [イベント],ツリー項目 選択された [イベント]
wincontrol\treenode.htm#展開後,ツリー項目:展開後 [イベント],ツリー項目 展開後 [イベント]
wincontrol\treenode.htm#編集後,ツリー項目:編集後 [イベント],ツリー項目 編集後 [イベント]
wincontrol\treenode.htm#編集前,ツリー項目:編集前 [イベント],ツリー項目 編集前 [イベント]
wincontrol\treeview.htm,ツリー, ツリー 種類 GUI部品 コントロール部品
wincontrol\treeview.htm#クリアする,ツリー:クリアする [手順],ツリー クリアする [手順]
wincontrol\treeview.htm#すべて消す,ツリー:すべて消す [手順],ツリー すべて消す [手順]
wincontrol\treeview.htm#加える,ツリー:加える [手順],ツリー 加える [手順]
wincontrol\treeview.htm#加える,ツリー:加える [手順],ツリー 加える [手順]
wincontrol\treeview.htm#加える,ツリー:加える [手順],ツリー 加える [手順]
wincontrol\treeview.htm#挟む,ツリー:挟む [手順],ツリー 挟む [手順]
wincontrol\treeview.htm#消す,ツリー:消す [手順],ツリー 消す [手順]
wincontrol\treeview.htm#番目を消す,ツリー:番目を消す [手順],ツリー 番目を消す [手順]
wincontrol\treeview.htm#探す,ツリー:探す [手順],ツリー 探す [手順]
wincontrol\treeview.htm#編集する,ツリー:編集する [手順],ツリー 編集する [手順]
wincontrol\treeview.htm#更新開始する,ツリー:更新開始する [手順],ツリー 更新開始する [手順]
wincontrol\treeview.htm#更新終了する,ツリー:更新終了する [手順],ツリー 更新終了する [手順]
wincontrol\treeview.htm#スクロールバー,ツリー:スクロールバー [設定項目],ツリー スクロールバー [設定項目]
wincontrol\treeview.htm#チェックボックス,ツリー:チェックボックス [設定項目],ツリー チェックボックス [設定項目]
wincontrol\treeview.htm#一覧,ツリー:一覧 [設定項目],ツリー 一覧 [設定項目]
wincontrol\treeview.htm#階層罫線,ツリー:階層罫線 [設定項目],ツリー 階層罫線 [設定項目]
wincontrol\treeview.htm#強調表示,ツリー:強調表示 [設定項目],ツリー 強調表示 [設定項目]
wincontrol\treeview.htm#区切り文字,ツリー:区切り文字 [設定項目],ツリー 区切り文字 [設定項目]
wincontrol\treeview.htm#個数,ツリー:個数 [設定項目],ツリー 個数 [設定項目]
wincontrol\treeview.htm#項目高さ,ツリー:項目高さ [設定項目],ツリー 項目高さ [設定項目]
wincontrol\treeview.htm#根元罫線,ツリー:根元罫線 [設定項目],ツリー 根元罫線 [設定項目]
wincontrol\treeview.htm#先頭項目,ツリー:先頭項目 [設定項目],ツリー 先頭項目 [設定項目]
wincontrol\treeview.htm#選択内容,ツリー:選択内容 [設定項目],ツリー 選択内容 [設定項目]
wincontrol\treeview.htm#選択項目,ツリー:選択項目 [設定項目],ツリー 選択項目 [設定項目]
wincontrol\treeview.htm#選択表示,ツリー:選択表示 [設定項目],ツリー 選択表示 [設定項目]
wincontrol\treeview.htm#帯選択,ツリー:帯選択 [設定項目],ツリー 帯選択 [設定項目]
wincontrol\treeview.htm#段落幅,ツリー:段落幅 [設定項目],ツリー 段落幅 [設定項目]
wincontrol\treeview.htm#展開ボタン,ツリー:展開ボタン [設定項目],ツリー 展開ボタン [設定項目]
wincontrol\treeview.htm#透明色,ツリー:透明色 [設定項目],ツリー 透明色 [設定項目]
wincontrol\treeview.htm#同時表示可能数,ツリー:同時表示可能数 [設定項目],ツリー 同時表示可能数 [設定項目]
wincontrol\treeview.htm#文字色,ツリー:文字色 [設定項目],ツリー 文字色 [設定項目]
wincontrol\treeview.htm#並べ替え,ツリー:並べ替え [設定項目],ツリー 並べ替え [設定項目]
wincontrol\treeview.htm#名前編集,ツリー:名前編集 [設定項目],ツリー 名前編集 [設定項目]
wincontrol\treeview.htm#枠,ツリー:枠 [設定項目],ツリー 枠 [設定項目]
wincontrol\treeview.htm#チェックする,ツリー:チェックする [イベント],ツリー チェックする [イベント]
wincontrol\treeview.htm#チェックされた,ツリー:チェックされた [イベント],ツリー チェックされた [イベント]
wincontrol\treeview.htm#ドラッグされた,ツリー:ドラッグされた [イベント],ツリー ドラッグされた [イベント]
wincontrol\treeview.htm#折りたたみ前,ツリー:折りたたみ前 [イベント],ツリー 折りたたみ前 [イベント]
wincontrol\treeview.htm#選択された,ツリー:選択された [イベント],ツリー 選択された [イベント]
wincontrol\treeview.htm#展開前,ツリー:展開前 [イベント],ツリー 展開前 [イベント]
wincontrol\treeview.htm#展開後,ツリー:展開後 [イベント],ツリー 展開後 [イベント]
wincontrol\treeview.htm#編集後,ツリー:編集後 [イベント],ツリー 編集後 [イベント]
wincontrol\treeview.htm#編集前,ツリー:編集前 [イベント],ツリー 編集前 [イベント]
wincontrol\treeview.htm#lookup1,逆引き「項目を追加する」,項目を追加する
wincontrol\treeview.htm#lookup2,逆引き「ツリー項目の名称を編集できるようにする」,ツリー項目の名称を編集できるようにする
wincontrol\treeview.htm#lookup3,逆引き「チェックが入れられるようする」,チェックが入れられるようする
wincontrol\treeview.htm#lookup4,逆引き「ツリー項目の文字の色などを変更する」,ツリー項目の文字の色などを変更する
wincontrol\treeview.htm#lookup5,逆引き「ツリー項目をチェック可能にする」,ツリー項目をチェック可能にする
wincontrol\treeview.htm#lookup6,逆引き「ツリー項目についてパスなどを調べる」,ツリー項目についてパスなどを調べる
wincontrol\treeview.htm#lookup7,逆引き「エクスプローラ風フォルダーツリーを作る」,エクスプローラ風フォルダーツリーを作る
wincontrol\treeview_event.htm,ツリーのイベント情報, ツリーのイベント情報 イベント情報
wincontrol\treeview_event.htm#対象,ツリーのイベント情報:対象 [設定項目],ツリーのイベント情報 対象 [設定項目]
wincontrol\treeview_event.htm#キャンセル,ツリーのイベント情報:キャンセル [設定項目],ツリーのイベント情報 キャンセル [設定項目]
wincontrol\treeview_event.htm#対象,ツリーのイベント情報:対象 [設定項目],ツリーのイベント情報 対象 [設定項目]
wincontrol\treeview_event.htm#キャンセル,ツリーのイベント情報:キャンセル [設定項目],ツリーのイベント情報 キャンセル [設定項目]
wincontrol\treeview_event.htm#内容,ツリーのイベント情報:内容 [設定項目],ツリーのイベント情報 内容 [設定項目]
wincontrol\treeview_event.htm#対象,ツリーのイベント情報:対象 [設定項目],ツリーのイベント情報 対象 [設定項目]
wincontrol\treeview_event.htm#sample1,逆引き「ツリーの名前を編集後に内容を更新する」,ツリーの名前を編集後に内容を更新する
wincontrol\updownlist.htm,アップダウンリスト, アップダウンリスト 種類 GUI部品 コントロール部品
wincontrol\updownlist.htm#クリアする,アップダウンリスト:クリアする [手順],アップダウンリスト クリアする [手順]
wincontrol\updownlist.htm#加える,アップダウンリスト:加える [手順],アップダウンリスト 加える [手順]
wincontrol\updownlist.htm#消す,アップダウンリスト:消す [手順],アップダウンリスト 消す [手順]
wincontrol\updownlist.htm#進む,アップダウンリスト:進む [手順],アップダウンリスト 進む [手順]
wincontrol\updownlist.htm#選択する,アップダウンリスト:選択する [手順],アップダウンリスト 選択する [手順]
wincontrol\updownlist.htm#挿入する,アップダウンリスト:挿入する [手順],アップダウンリスト 挿入する [手順]
wincontrol\updownlist.htm#戻る,アップダウンリスト:戻る [手順],アップダウンリスト 戻る [手順]
wincontrol\updownlist.htm#キー操作,アップダウンリスト:キー操作 [設定項目],アップダウンリスト キー操作 [設定項目]
wincontrol\updownlist.htm#一覧,アップダウンリスト:一覧 [設定項目],アップダウンリスト 一覧 [設定項目]
wincontrol\updownlist.htm#巻き戻し,アップダウンリスト:巻き戻し [設定項目],アップダウンリスト 巻き戻し [設定項目]
wincontrol\updownlist.htm#番号,アップダウンリスト:番号 [設定項目],アップダウンリスト 番号 [設定項目]
wincontrol\updownlist.htm#文字配置,アップダウンリスト:文字配置 [設定項目],アップダウンリスト 文字配置 [設定項目]
wincontrol\updownlist.htm#文字色,アップダウンリスト:文字色 [設定項目],アップダウンリスト 文字色 [設定項目]
wincontrol\updownlist.htm#枠,アップダウンリスト:枠 [設定項目],アップダウンリスト 枠 [設定項目]
wincontrol\updownlist.htm#変更された,アップダウンリスト:変更された [設定項目],アップダウンリスト 変更された [設定項目]
wincontrol\updownlist.htm#選択された,アップダウンリスト:選択された [設定項目],アップダウンリスト 選択された [設定項目]
wincontrol\updownlist.htm#ドロップダウンが開かれた,アップダウンリスト:ドロップダウンが開かれた [設定項目],アップダウンリスト ドロップダウンが開かれた [設定項目]
wincontrol\updownlist.htm#ドロップダウンが閉じられた,アップダウンリスト:ドロップダウンが閉じられた [設定項目],アップダウンリスト ドロップダウンが閉じられた [設定項目]
wincontrol\updownlist.htm#変更された,アップダウンリスト:変更された [イベント],アップダウンリスト 変更された [イベント]
wincontrol\updownlist.htm#選択された,アップダウンリスト:選択された [イベント],アップダウンリスト 選択された [イベント]
wincontrol\updownlist.htm#ドロップダウンが開かれた,アップダウンリスト:ドロップダウンが開かれた [イベント],アップダウンリスト ドロップダウンが開かれた [イベント]
wincontrol\updownlist.htm#ドロップダウンが閉じられた,アップダウンリスト:ドロップダウンが閉じられた [イベント],アップダウンリスト ドロップダウンが閉じられた [イベント]
wincontrol\updownlist.htm#sample1,逆引き「項目を切り替えて選択する部品を作る」,項目を切り替えて選択する部品を作る
wincontrol\updownnum.htm,アップダウンダイアル, アップダウンダイアル 種類 GUI部品 コントロール部品
wincontrol\updownnum.htm#すべて選択する,アップダウンダイアル:すべて選択する [手順],アップダウンダイアル すべて選択する [手順]
wincontrol\updownnum.htm#減らす,アップダウンダイアル:減らす [手順],アップダウンダイアル 減らす [手順]
wincontrol\updownnum.htm#選択する,アップダウンダイアル:選択する [手順],アップダウンダイアル 選択する [手順]
wincontrol\updownnum.htm#増やす,アップダウンダイアル:増やす [手順],アップダウンダイアル 増やす [手順]
wincontrol\updownnum.htm#キー操作,アップダウンダイアル:キー操作 [設定項目],アップダウンダイアル キー操作 [設定項目]
wincontrol\updownnum.htm#桁区切り,アップダウンダイアル:桁区切り [設定項目],アップダウンダイアル 桁区切り [設定項目]
wincontrol\updownnum.htm#高さ,アップダウンダイアル:高さ [設定項目],アップダウンダイアル 高さ [設定項目]
wincontrol\updownnum.htm#最小値,アップダウンダイアル:最小値 [設定項目],アップダウンダイアル 最小値 [設定項目]
wincontrol\updownnum.htm#最大値,アップダウンダイアル:最大値 [設定項目],アップダウンダイアル 最大値 [設定項目]
wincontrol\updownnum.htm#手入力,アップダウンダイアル:手入力 [設定項目],アップダウンダイアル 手入力 [設定項目]
wincontrol\updownnum.htm#十六進数表示,アップダウンダイアル:十六進数表示 [設定項目],アップダウンダイアル 十六進数表示 [設定項目]
wincontrol\updownnum.htm#小数桁数,アップダウンダイアル:小数桁数 [設定項目],アップダウンダイアル 小数桁数 [設定項目]
wincontrol\updownnum.htm#増減数,アップダウンダイアル:増減数 [設定項目],アップダウンダイアル 増減数 [設定項目]
wincontrol\updownnum.htm#値,アップダウンダイアル:値 [設定項目],アップダウンダイアル 値 [設定項目]
wincontrol\updownnum.htm#背景色,アップダウンダイアル:背景色 [設定項目],アップダウンダイアル 背景色 [設定項目]
wincontrol\updownnum.htm#文字配置,アップダウンダイアル:文字配置 [設定項目],アップダウンダイアル 文字配置 [設定項目]
wincontrol\updownnum.htm#文字色,アップダウンダイアル:文字色 [設定項目],アップダウンダイアル 文字色 [設定項目]
wincontrol\updownnum.htm#方向,アップダウンダイアル:方向 [設定項目],アップダウンダイアル 方向 [設定項目]
wincontrol\updownnum.htm#枠,アップダウンダイアル:枠 [設定項目],アップダウンダイアル 枠 [設定項目]
wincontrol\updownnum.htm#sample1,逆引き「数値を指定する部品を作る」,数値を指定する部品を作る
wincontrol\vscrollbar.htm,縦スクロールバー, 縦スクロールバー 種類 GUI部品 スクロールバー
wincontrol\window.htm,ウィンドウ, ウィンドウ 種類 GUI部品 コントロール部品
wincontrol\window.htm#使う,ウィンドウ:使う [手順],ウィンドウ 使う [手順]
wincontrol\window.htm#作る,ウィンドウ:作る [手順],ウィンドウ 作る [手順]
wincontrol\window.htm#隠す,ウィンドウ:隠す [手順],ウィンドウ 隠す [手順]
wincontrol\window.htm#消す,ウィンドウ:消す [手順],ウィンドウ 消す [手順]
wincontrol\window.htm#表示する,ウィンドウ:表示する [手順],ウィンドウ 表示する [手順]
wincontrol\window.htm#クリアする,ウィンドウ:クリアする [手順],ウィンドウ クリアする [手順]
wincontrol\window.htm#再描画する,ウィンドウ:再描画する [手順],ウィンドウ 再描画する [手順]
wincontrol\window.htm#閉じる,ウィンドウ:閉じる [手順],ウィンドウ 閉じる [手順]
wincontrol\window.htm#最大化する,ウィンドウ:最大化する [手順],ウィンドウ 最大化する [手順]
wincontrol\window.htm#最小化する,ウィンドウ:最小化する [手順],ウィンドウ 最小化する [手順]
wincontrol\window.htm#標準化する,ウィンドウ:標準化する [手順],ウィンドウ 標準化する [手順]
wincontrol\window.htm#元のサイズに戻す,ウィンドウ:元のサイズに戻す [手順],ウィンドウ 元のサイズに戻す [手順]
wincontrol\window.htm#印刷する,ウィンドウ:印刷する [手順],ウィンドウ 印刷する [手順]
wincontrol\window.htm#移動する,ウィンドウ:移動する [手順],ウィンドウ 移動する [手順]
wincontrol\window.htm#初期化開始する,ウィンドウ:初期化開始する [手順],ウィンドウ 初期化開始する [手順]
wincontrol\window.htm#初期化終了する,ウィンドウ:初期化終了する [手順],ウィンドウ 初期化終了する [手順]
wincontrol\window.htm#点滅させる,ウィンドウ:点滅させる [手順],ウィンドウ 点滅させる [手順]
wincontrol\window.htm#確認して印刷する,ウィンドウ:確認して印刷する [手順],ウィンドウ 確認して印刷する [手順]
wincontrol\window.htm#アイコン,ウィンドウ:アイコン [設定項目],ウィンドウ アイコン [設定項目]
wincontrol\window.htm#コンテキストメニュー,ウィンドウ:コンテキストメニュー [設定項目],ウィンドウ コンテキストメニュー [設定項目]
wincontrol\window.htm#コントロールボックス,ウィンドウ:コントロールボックス [設定項目],ウィンドウ コントロールボックス [設定項目]
wincontrol\window.htm#タイトル,ウィンドウ:タイトル [設定項目],ウィンドウ タイトル [設定項目]
wincontrol\window.htm#タスクバー表示,ウィンドウ:タスクバー表示 [設定項目],ウィンドウ タスクバー表示 [設定項目]
wincontrol\window.htm#マウスカーソル,ウィンドウ:マウスカーソル [設定項目],ウィンドウ マウスカーソル [設定項目]
wincontrol\window.htm#決定ボタン,ウィンドウ:決定ボタン [設定項目],ウィンドウ 決定ボタン [設定項目]
wincontrol\window.htm#最小化ボタン,ウィンドウ:最小化ボタン [設定項目],ウィンドウ 最小化ボタン [設定項目]
wincontrol\window.htm#最前面,ウィンドウ:最前面 [設定項目],ウィンドウ 最前面 [設定項目]
wincontrol\window.htm#最大化ボタン,ウィンドウ:最大化ボタン [設定項目],ウィンドウ 最大化ボタン [設定項目]
wincontrol\window.htm#最大サイズ,ウィンドウ:最大サイズ [設定項目],ウィンドウ 最大サイズ [設定項目]
wincontrol\window.htm#取消ボタン,ウィンドウ:取消ボタン [設定項目],ウィンドウ 取消ボタン [設定項目]
wincontrol\window.htm#種類,ウィンドウ:種類 [設定項目],ウィンドウ 種類 [設定項目]
wincontrol\window.htm#実質大きさ,ウィンドウ:実質大きさ [設定項目],ウィンドウ 実質大きさ [設定項目]
wincontrol\window.htm#透明度,ウィンドウ:透明度 [設定項目],ウィンドウ 透明度 [設定項目]
wincontrol\window.htm#背景画像,ウィンドウ:背景画像 [設定項目],ウィンドウ 背景画像 [設定項目]
wincontrol\window.htm#背景色,ウィンドウ:背景色 [設定項目],ウィンドウ 背景色 [設定項目]
wincontrol\window.htm#部品キーイベント,ウィンドウ:部品キーイベント [設定項目],ウィンドウ 部品キーイベント [設定項目]
wincontrol\window.htm#MDIコンテナ,ウィンドウ:MDIコンテナ [設定項目],ウィンドウ MDIコンテナ [設定項目]
wincontrol\window.htm#MDI親ウィンドウ,ウィンドウ:MDI親ウィンドウ [設定項目],ウィンドウ MDI親ウィンドウ [設定項目]
wincontrol\window.htm#MDI子ウィンドウ一覧,ウィンドウ:MDI子ウィンドウ一覧 [設定項目],ウィンドウ MDI子ウィンドウ一覧 [設定項目]
wincontrol\window.htm#MDI選択ウィンドウ,ウィンドウ:MDI選択ウィンドウ [設定項目],ウィンドウ MDI選択ウィンドウ [設定項目]
wincontrol\window.htm#MDI子ウィンドウ,ウィンドウ:MDI子ウィンドウ [設定項目],ウィンドウ MDI子ウィンドウ [設定項目]
wincontrol\window.htm#子部品一覧,ウィンドウ:子部品一覧 [設定項目],ウィンドウ 子部品一覧 [設定項目]
wincontrol\window.htm#待ち状態,ウィンドウ:待ち状態 [設定項目],ウィンドウ 待ち状態 [設定項目]
wincontrol\window.htm#画面状態,ウィンドウ:画面状態 [設定項目],ウィンドウ 画面状態 [設定項目]
wincontrol\window.htm#設計スケール比率,ウィンドウ:設計スケール比率 [設定項目],ウィンドウ 設計スケール比率 [設定項目]
wincontrol\window.htm#アクティブ,ウィンドウ:アクティブ [イベント],ウィンドウ アクティブ [イベント]
wincontrol\window.htm#ドラッグが通過,ウィンドウ:ドラッグが通過 [イベント],ウィンドウ ドラッグが通過 [イベント]
wincontrol\window.htm#大きさが変化した,ウィンドウ:大きさが変化した [イベント],ウィンドウ 大きさが変化した [イベント]
wincontrol\window.htm#非アクティブ,ウィンドウ:非アクティブ [イベント],ウィンドウ 非アクティブ [イベント]
wincontrol\window.htm#描画する,ウィンドウ:描画する [イベント],ウィンドウ 描画する [イベント]
wincontrol\window.htm#閉じた,ウィンドウ:閉じた [イベント],ウィンドウ 閉じた [イベント]
wincontrol\window.htm#開いた,ウィンドウ:開いた [イベント],ウィンドウ 開いた [イベント]
wincontrol\window.htm#スクロールされた,ウィンドウ:スクロールされた [イベント],ウィンドウ スクロールされた [イベント]
wincontrol\window.htm#横スクロールされた,ウィンドウ:横スクロールされた [イベント],ウィンドウ 横スクロールされた [イベント]
wincontrol\window.htm#縦スクロールされた,ウィンドウ:縦スクロールされた [イベント],ウィンドウ 縦スクロールされた [イベント]
wincontrol\window.htm#sample1,逆引き「ウィンドウを表示する」,ウィンドウを表示する
wincontrol\mics\hotkey.htm,ホットキー, ホットキー 種類
wincontrol\mics\hotkey.htm#登録する,ホットキー:登録する [手順],ホットキー 登録する [手順]
wincontrol\mics\hotkey.htm#解除する,ホットキー:解除する [手順],ホットキー 解除する [手順]
wincontrol\mics\hotkey.htm#キー,ホットキー:キー [設定項目],ホットキー キー [設定項目]
wincontrol\mics\hotkey.htm#シフトキー,ホットキー:シフトキー [設定項目],ホットキー シフトキー [設定項目]
wincontrol\mics\hotkey.htm#コントロールキー,ホットキー:コントロールキー [設定項目],ホットキー コントロールキー [設定項目]
wincontrol\mics\hotkey.htm#オルトキー,ホットキー:オルトキー [設定項目],ホットキー オルトキー [設定項目]
wincontrol\mics\hotkey.htm#ウィンドウズキー,ホットキー:ウィンドウズキー [設定項目],ホットキー ウィンドウズキー [設定項目]
wincontrol\mics\hotkey.htm#押された,ホットキー:押された [イベント],ホットキー 押された [イベント]
wincontrol\mics\hotkey.htm#sample1,逆引き「ホットキーを登録する」,ホットキーを登録する
wincontrol\mics\notifyicon.htm,通知アイコン, 通知アイコン 種類
wincontrol\mics\notifyicon.htm#表示する,通知アイコン:表示する [手順],通知アイコン 表示する [手順]
wincontrol\mics\notifyicon.htm#隠す,通知アイコン:隠す [手順],通知アイコン 隠す [手順]
wincontrol\mics\notifyicon.htm#通知する,通知アイコン:通知する [手順],通知アイコン 通知する [手順]
wincontrol\mics\notifyicon.htm#アイコン,通知アイコン:アイコン [設定項目],通知アイコン アイコン [設定項目]
wincontrol\mics\notifyicon.htm#タイトル,通知アイコン:タイトル [設定項目],通知アイコン タイトル [設定項目]
wincontrol\mics\notifyicon.htm#メニュー,通知アイコン:メニュー [設定項目],通知アイコン メニュー [設定項目]
wincontrol\mics\notifyicon.htm#表示状態,通知アイコン:表示状態 [設定項目],通知アイコン 表示状態 [設定項目]
wincontrol\mics\notifyicon.htm#クリックされた,通知アイコン:クリックされた [イベント],通知アイコン クリックされた [イベント]
wincontrol\mics\notifyicon.htm#ダブルクリックされた,通知アイコン:ダブルクリックされた [イベント],通知アイコン ダブルクリックされた [イベント]
wincontrol\mics\notifyicon.htm#左クリックされた,通知アイコン:左クリックされた [イベント],通知アイコン 左クリックされた [イベント]
wincontrol\mics\notifyicon.htm#右クリックされた,通知アイコン:右クリックされた [イベント],通知アイコン 右クリックされた [イベント]
wincontrol\mics\notifyicon.htm#中央クリックされた,通知アイコン:中央クリックされた [イベント],通知アイコン 中央クリックされた [イベント]
wincontrol\mics\notifyicon.htm#マウスのボタンが押された,通知アイコン:マウスのボタンが押された [イベント],通知アイコン マウスのボタンが押された [イベント]
wincontrol\mics\notifyicon.htm#マウスカーソルが移動した,通知アイコン:マウスカーソルが移動した [イベント],通知アイコン マウスカーソルが移動した [イベント]
wincontrol\mics\notifyicon.htm#マウスのボタンが離された,通知アイコン:マウスのボタンが離された [イベント],通知アイコン マウスのボタンが離された [イベント]
wincontrol\mics\notifyicon.htm#バルーンが閉じられた,通知アイコン:バルーンが閉じられた [イベント],通知アイコン バルーンが閉じられた [イベント]
wincontrol\mics\notifyicon.htm#バルーンがクリックされた,通知アイコン:バルーンがクリックされた [イベント],通知アイコン バルーンがクリックされた [イベント]
wincontrol\mics\notifyicon.htm#sample1,逆引き「タスクバーの通知トレイにアイコンを表示する」,タスクバーの通知トレイにアイコンを表示する
wincontrol\mics\tooltip.htm,ツールチップ, ツールチップ 種類 ツールヒント
wincontrol\mics\tooltip.htm#表示する,ツールチップ:表示する [手順],ツールチップ 表示する [手順]
wincontrol\mics\tooltip.htm#隠す,ツールチップ:隠す [手順],ツールチップ 隠す [手順]
wincontrol\mics\tooltip.htm#すべて消す,ツールチップ:すべて消す [手順],ツールチップ すべて消す [手順]
wincontrol\mics\tooltip.htm#設定する,ツールチップ:設定する [手順],ツールチップ 設定する [手順]
wincontrol\mics\tooltip.htm#取得する,ツールチップ:取得する [手順],ツールチップ 取得する [手順]
wincontrol\mics\tooltip.htm#有効化する,ツールチップ:有効化する [手順],ツールチップ 有効化する [手順]
wincontrol\mics\tooltip.htm#無効化する,ツールチップ:無効化する [手順],ツールチップ 無効化する [手順]
wincontrol\mics\tooltip.htm#アイコン,ツールチップ:アイコン [設定項目],ツールチップ アイコン [設定項目]
wincontrol\mics\tooltip.htm#タイトル,ツールチップ:タイトル [設定項目],ツールチップ タイトル [設定項目]
wincontrol\mics\tooltip.htm#使用可能,ツールチップ:使用可能 [設定項目],ツールチップ 使用可能 [設定項目]
wincontrol\mics\tooltip.htm#常時表示,ツールチップ:常時表示 [設定項目],ツールチップ 常時表示 [設定項目]
wincontrol\mics\tooltip.htm#バルーン表示,ツールチップ:バルーン表示 [設定項目],ツールチップ バルーン表示 [設定項目]
wincontrol\mics\tooltip.htm#表示時間,ツールチップ:表示時間 [設定項目],ツールチップ 表示時間 [設定項目]
wincontrol\mics\tooltip.htm#待機時間,ツールチップ:待機時間 [設定項目],ツールチップ 待機時間 [設定項目]
wincontrol\mics\tooltip.htm#再表示待機時間,ツールチップ:再表示待機時間 [設定項目],ツールチップ 再表示待機時間 [設定項目]
wincontrol\mics\tooltip.htm#基準時間,ツールチップ:基準時間 [設定項目],ツールチップ 基準時間 [設定項目]
wincontrol\mics\tooltip.htm#ポップアップする,ツールチップ:ポップアップする [イベント],ツールチップ ポップアップする [イベント]
wincontrol\mics\tooltip.htm#sample1,逆引き「チップテキストやバルーンで説明を表示する」,チップテキストやバルーンで説明を表示する
wincontrol\strip\index.htm,ツール部品の一覧, ツール部品の一覧 Produire.WinControl.dll
wincontrol\strip\statuslabel.htm,状況ラベル部品, 状況ラベル部品 種類
wincontrol\strip\statuslabel.htm#sample1,逆引き「ステータスバーにメッセージを貼る」,ステータスバーにメッセージを貼る
wincontrol\strip\stripbase.htm,ツール部品, ツール部品 種類
wincontrol\strip\stripbase.htm#ダブルクリック,ツール部品:ダブルクリック [設定項目],ツール部品 ダブルクリック [設定項目]
wincontrol\strip\stripbase.htm#ドッキング方向,ツール部品:ドッキング方向 [設定項目],ツール部品 ドッキング方向 [設定項目]
wincontrol\strip\stripbase.htm#ドラッグドロップ,ツール部品:ドラッグドロップ [設定項目],ツール部品 ドラッグドロップ [設定項目]
wincontrol\strip\stripbase.htm#位置と大きさ,ツール部品:位置と大きさ [設定項目],ツール部品 位置と大きさ [設定項目]
wincontrol\strip\stripbase.htm#押された,ツール部品:押された [設定項目],ツール部品 押された [設定項目]
wincontrol\strip\stripbase.htm#高さ,ツール部品:高さ [設定項目],ツール部品 高さ [設定項目]
wincontrol\strip\stripbase.htm#自動調整,ツール部品:自動調整 [設定項目],ツール部品 自動調整 [設定項目]
wincontrol\strip\stripbase.htm#情報,ツール部品:情報 [設定項目],ツール部品 情報 [設定項目]
wincontrol\strip\stripbase.htm#親,ツール部品:親 [設定項目],ツール部品 親 [設定項目]
wincontrol\strip\stripbase.htm#親項目,ツール部品:親項目 [設定項目],ツール部品 親項目 [設定項目]
wincontrol\strip\stripbase.htm#説明,ツール部品:説明 [設定項目],ツール部品 説明 [設定項目]
wincontrol\strip\stripbase.htm#説明表示,ツール部品:説明表示 [設定項目],ツール部品 説明表示 [設定項目]
wincontrol\strip\stripbase.htm#選択,ツール部品:選択 [設定項目],ツール部品 選択 [設定項目]
wincontrol\strip\stripbase.htm#選択可能,ツール部品:選択可能 [設定項目],ツール部品 選択可能 [設定項目]
wincontrol\strip\stripbase.htm#相対位置,ツール部品:相対位置 [設定項目],ツール部品 相対位置 [設定項目]
wincontrol\strip\stripbase.htm#大きさ,ツール部品:大きさ [設定項目],ツール部品 大きさ [設定項目]
wincontrol\strip\stripbase.htm#統合順,ツール部品:統合順 [設定項目],ツール部品 統合順 [設定項目]
wincontrol\strip\stripbase.htm#統合方法,ツール部品:統合方法 [設定項目],ツール部品 統合方法 [設定項目]
wincontrol\strip\stripbase.htm#背景画像,ツール部品:背景画像 [設定項目],ツール部品 背景画像 [設定項目]
wincontrol\strip\stripbase.htm#背景画像配置,ツール部品:背景画像配置 [設定項目],ツール部品 背景画像配置 [設定項目]
wincontrol\strip\stripbase.htm#背景色,ツール部品:背景色 [設定項目],ツール部品 背景色 [設定項目]
wincontrol\strip\stripbase.htm#配置,ツール部品:配置 [設定項目],ツール部品 配置 [設定項目]
wincontrol\strip\stripbase.htm#表示,ツール部品:表示 [設定項目],ツール部品 表示 [設定項目]
wincontrol\strip\stripbase.htm#表示位置,ツール部品:表示位置 [設定項目],ツール部品 表示位置 [設定項目]
wincontrol\strip\stripbase.htm#幅,ツール部品:幅 [設定項目],ツール部品 幅 [設定項目]
wincontrol\strip\stripbase.htm#文字色,ツール部品:文字色 [設定項目],ツール部品 文字色 [設定項目]
wincontrol\strip\stripbase.htm#名前,ツール部品:名前 [設定項目],ツール部品 名前 [設定項目]
wincontrol\strip\stripbase.htm#有効,ツール部品:有効 [設定項目],ツール部品 有効 [設定項目]
wincontrol\strip\stripbase.htm#利用可能,ツール部品:利用可能 [設定項目],ツール部品 利用可能 [設定項目]
wincontrol\strip\stripbase.htm#クリックされた,ツール部品:クリックされた [イベント],ツール部品 クリックされた [イベント]
wincontrol\strip\stripbase.htm#ダブルクリックされた,ツール部品:ダブルクリックされた [イベント],ツール部品 ダブルクリックされた [イベント]
wincontrol\strip\stripbase.htm#選択された,ツール部品:選択された [イベント],ツール部品 選択された [イベント]
wincontrol\strip\stripcombo.htm,選択リスト部品, 選択リスト部品 種類
wincontrol\strip\stripcombo.htm#フォント,選択リスト部品:フォント [設定項目],選択リスト部品 フォント [設定項目]
wincontrol\strip\stripcombo.htm#内容,選択リスト部品:内容 [設定項目],選択リスト部品 内容 [設定項目]
wincontrol\strip\stripcombo.htm#入力可能,選択リスト部品:入力可能 [設定項目],選択リスト部品 入力可能 [設定項目]
wincontrol\strip\stripcombo.htm#一覧,選択リスト部品:一覧 [設定項目],選択リスト部品 一覧 [設定項目]
wincontrol\strip\stripcombo.htm#最大文字数,選択リスト部品:最大文字数 [設定項目],選択リスト部品 最大文字数 [設定項目]
wincontrol\strip\stripcombo.htm#最大表示項目数,選択リスト部品:最大表示項目数 [設定項目],選択リスト部品 最大表示項目数 [設定項目]
wincontrol\strip\stripcombo.htm#選択番号,選択リスト部品:選択番号 [設定項目],選択リスト部品 選択番号 [設定項目]
wincontrol\strip\stripcombo.htm#選択内容,選択リスト部品:選択内容 [設定項目],選択リスト部品 選択内容 [設定項目]
wincontrol\strip\stripcombo.htm#選択文字数,選択リスト部品:選択文字数 [設定項目],選択リスト部品 選択文字数 [設定項目]
wincontrol\strip\stripcombo.htm#選択開始位置,選択リスト部品:選択開始位置 [設定項目],選択リスト部品 選択開始位置 [設定項目]
wincontrol\strip\stripcombo.htm#選択窓幅,選択リスト部品:選択窓幅 [設定項目],選択リスト部品 選択窓幅 [設定項目]
wincontrol\strip\stripcombo.htm#選択窓高さ,選択リスト部品:選択窓高さ [設定項目],選択リスト部品 選択窓高さ [設定項目]
wincontrol\strip\stripcombo.htm#選択窓表示,選択リスト部品:選択窓表示 [設定項目],選択リスト部品 選択窓表示 [設定項目]
wincontrol\strip\stripcombo.htm#自動調整,選択リスト部品:自動調整 [設定項目],選択リスト部品 自動調整 [設定項目]
wincontrol\strip\stripcombo.htm#並べ替え,選択リスト部品:並べ替え [設定項目],選択リスト部品 並べ替え [設定項目]
wincontrol\strip\stripcombo.htm#変更された,選択リスト部品:変更された [イベント],選択リスト部品 変更された [イベント]
wincontrol\strip\stripcombo.htm#選択された,選択リスト部品:選択された [イベント],選択リスト部品 選択された [イベント]
wincontrol\strip\stripcombo.htm#ドロップダウンが開かれた,選択リスト部品:ドロップダウンが開かれた [イベント],選択リスト部品 ドロップダウンが開かれた [イベント]
wincontrol\strip\stripcombo.htm#ドロップダウンが閉じられた,選択リスト部品:ドロップダウンが閉じられた [イベント],選択リスト部品 ドロップダウンが閉じられた [イベント]
wincontrol\strip\stripcombo.htm#sample1,逆引き「ツールバーとステータスバーにプルダウンを貼る」,ツールバーとステータスバーにプルダウンを貼る
wincontrol\strip\striplabel.htm,ラベル部品, ラベル部品 種類
wincontrol\strip\striplabel.htm#フォント,ラベル部品:フォント [設定項目],ラベル部品 フォント [設定項目]
wincontrol\strip\striplabel.htm#絵,ラベル部品:絵 [設定項目],ラベル部品 絵 [設定項目]
wincontrol\strip\striplabel.htm#透明色,ラベル部品:透明色 [設定項目],ラベル部品 透明色 [設定項目]
wincontrol\strip\striplabel.htm#内容,ラベル部品:内容 [設定項目],ラベル部品 内容 [設定項目]
wincontrol\strip\striplabel.htm#文字配置,ラベル部品:文字配置 [設定項目],ラベル部品 文字配置 [設定項目]
wincontrol\strip\striplabel.htm#sample1,逆引き「ツールバーにラベルを貼る」,ツールバーにラベルを貼る
wincontrol\strip\stripprogress.htm,プログレスバー部品, プログレスバー部品 種類
wincontrol\strip\stripprogress.htm#見た目,プログレスバー部品:見た目 [設定項目],プログレスバー部品 見た目 [設定項目]
wincontrol\strip\stripprogress.htm#最小値,プログレスバー部品:最小値 [設定項目],プログレスバー部品 最小値 [設定項目]
wincontrol\strip\stripprogress.htm#最大値,プログレスバー部品:最大値 [設定項目],プログレスバー部品 最大値 [設定項目]
wincontrol\strip\stripprogress.htm#増加量,プログレスバー部品:増加量 [設定項目],プログレスバー部品 増加量 [設定項目]
wincontrol\strip\stripprogress.htm#値,プログレスバー部品:値 [設定項目],プログレスバー部品 値 [設定項目]
wincontrol\strip\stripprogress.htm#sample1,逆引き「ステータスバーにプログレスバーを貼る」,ステータスバーにプログレスバーを貼る
wincontrol\strip\stripsplitter.htm,区切り線部品, 区切り線部品 種類
wincontrol\strip\striptext.htm,テキスト部品, テキスト部品 種類
wincontrol\strip\striptext.htm#フォント,テキスト部品:フォント [設定項目],テキスト部品 フォント [設定項目]
wincontrol\strip\striptext.htm#最大文字数,テキスト部品:最大文字数 [設定項目],テキスト部品 最大文字数 [設定項目]
wincontrol\strip\striptext.htm#選択開始位置,テキスト部品:選択開始位置 [設定項目],テキスト部品 選択開始位置 [設定項目]
wincontrol\strip\striptext.htm#選択長さ,テキスト部品:選択長さ [設定項目],テキスト部品 選択長さ [設定項目]
wincontrol\strip\striptext.htm#選択内容,テキスト部品:選択内容 [設定項目],テキスト部品 選択内容 [設定項目]
wincontrol\strip\striptext.htm#読み取り専用,テキスト部品:読み取り専用 [設定項目],テキスト部品 読み取り専用 [設定項目]
wincontrol\strip\striptext.htm#内容,テキスト部品:内容 [設定項目],テキスト部品 内容 [設定項目]
wincontrol\strip\striptext.htm#文字配置,テキスト部品:文字配置 [設定項目],テキスト部品 文字配置 [設定項目]
wincontrol\strip\striptext.htm#文字色,テキスト部品:文字色 [設定項目],テキスト部品 文字色 [設定項目]
wincontrol\strip\striptext.htm#文字数,テキスト部品:文字数 [設定項目],テキスト部品 文字数 [設定項目]
wincontrol\strip\striptext.htm#変更済み,テキスト部品:変更済み [設定項目],テキスト部品 変更済み [設定項目]
wincontrol\strip\striptext.htm#戻せる,テキスト部品:戻せる [設定項目],テキスト部品 戻せる [設定項目]
wincontrol\strip\striptext.htm#sample1,逆引き「ツールバーにテキストボックスを貼る」,ツールバーにテキストボックスを貼る
wincontrol\strip\toolbutton.htm,ボタン部品, ボタン部品 種類
wincontrol\strip\toolbutton.htm#絵,ボタン部品:絵 [設定項目],ボタン部品 絵 [設定項目]
wincontrol\strip\toolbutton.htm#透明色,ボタン部品:透明色 [設定項目],ボタン部品 透明色 [設定項目]
wincontrol\strip\toolbutton.htm#内容,ボタン部品:内容 [設定項目],ボタン部品 内容 [設定項目]
wincontrol\strip\toolbutton.htm#sample1,逆引き「ツールバーにボタンを貼る」,ツールバーにボタンを貼る
wincontrol\strip\toolbuttonandmenu.htm,メニュー付きボタン部品, メニュー付きボタン部品 種類
wincontrol\strip\toolbuttonandmenu.htm#クリアする,メニュー付きボタン部品:クリアする [手順],メニュー付きボタン部品 クリアする [手順]
wincontrol\strip\toolbuttonandmenu.htm#挟む,メニュー付きボタン部品:挟む [手順],メニュー付きボタン部品 挟む [手順]
wincontrol\strip\toolbuttonandmenu.htm#挟む,メニュー付きボタン部品:挟む [手順],メニュー付きボタン部品 挟む [手順]
wincontrol\strip\toolbuttonandmenu.htm#挟む,メニュー付きボタン部品:挟む [手順],メニュー付きボタン部品 挟む [手順]
wincontrol\strip\toolbuttonandmenu.htm#作る,メニュー付きボタン部品:作る [手順],メニュー付きボタン部品 作る [手順]
wincontrol\strip\toolbuttonandmenu.htm#作る,メニュー付きボタン部品:作る [手順],メニュー付きボタン部品 作る [手順]
wincontrol\strip\toolbuttonandmenu.htm#加える,メニュー付きボタン部品:加える [手順],メニュー付きボタン部品 加える [手順]
wincontrol\strip\toolbuttonandmenu.htm#番目を消す,メニュー付きボタン部品:番目を消す [手順],メニュー付きボタン部品 番目を消す [手順]
wincontrol\strip\toolbuttonandmenu.htm#消す,メニュー付きボタン部品:消す [手順],メニュー付きボタン部品 消す [手順]
wincontrol\strip\toolbuttonandmenu.htm#フォント,メニュー付きボタン部品:フォント [設定項目],メニュー付きボタン部品 フォント [設定項目]
wincontrol\strip\toolbuttonandmenu.htm#絵,メニュー付きボタン部品:絵 [設定項目],メニュー付きボタン部品 絵 [設定項目]
wincontrol\strip\toolbuttonandmenu.htm#透明色,メニュー付きボタン部品:透明色 [設定項目],メニュー付きボタン部品 透明色 [設定項目]
wincontrol\strip\toolbuttonandmenu.htm#内容,メニュー付きボタン部品:内容 [設定項目],メニュー付きボタン部品 内容 [設定項目]
wincontrol\strip\toolbuttonandmenu.htm#クリックされた,メニュー付きボタン部品:クリックされた [イベント],メニュー付きボタン部品 クリックされた [イベント]
wincontrol\strip\toolbuttonandmenu.htm#メニューボタンがクリックされた,メニュー付きボタン部品:メニューボタンがクリックされた [イベント],メニュー付きボタン部品 メニューボタンがクリックされた [イベント]
wincontrol\strip\toolbuttonandmenu.htm#sample1,逆引き「ツールバーにメニュー付きボタンを貼る」,ツールバーにメニュー付きボタンを貼る
wincontrol\strip\toolmenubutton.htm,メニューボタン部品, メニューボタン部品 種類
wincontrol\strip\toolmenubutton.htm#クリアする,メニューボタン部品:クリアする [手順],メニューボタン部品 クリアする [手順]
wincontrol\strip\toolmenubutton.htm#挟む,メニューボタン部品:挟む [手順],メニューボタン部品 挟む [手順]
wincontrol\strip\toolmenubutton.htm#挟む,メニューボタン部品:挟む [手順],メニューボタン部品 挟む [手順]
wincontrol\strip\toolmenubutton.htm#挟む,メニューボタン部品:挟む [手順],メニューボタン部品 挟む [手順]
wincontrol\strip\toolmenubutton.htm#作る,メニューボタン部品:作る [手順],メニューボタン部品 作る [手順]
wincontrol\strip\toolmenubutton.htm#作る,メニューボタン部品:作る [手順],メニューボタン部品 作る [手順]
wincontrol\strip\toolmenubutton.htm#加える,メニューボタン部品:加える [手順],メニューボタン部品 加える [手順]
wincontrol\strip\toolmenubutton.htm#番目を消す,メニューボタン部品:番目を消す [手順],メニューボタン部品 番目を消す [手順]
wincontrol\strip\toolmenubutton.htm#消す,メニューボタン部品:消す [手順],メニューボタン部品 消す [手順]
wincontrol\strip\toolmenubutton.htm#フォント,メニューボタン部品:フォント [設定項目],メニューボタン部品 フォント [設定項目]
wincontrol\strip\toolmenubutton.htm#絵,メニューボタン部品:絵 [設定項目],メニューボタン部品 絵 [設定項目]
wincontrol\strip\toolmenubutton.htm#透明色,メニューボタン部品:透明色 [設定項目],メニューボタン部品 透明色 [設定項目]
wincontrol\strip\toolmenubutton.htm#内容,メニューボタン部品:内容 [設定項目],メニューボタン部品 内容 [設定項目]
wincontrol\strip\toolmenubutton.htm#sample1,逆引き「ステータスバーにメニューボタンを貼る」,ステータスバーにメニューボタンを貼る
wincontrol\strip\toolpanel.htm,ツールパネル, ツールパネル 種類
wincontrol\strip\toolpanel.htm#自動調整,ツールパネル:自動調整 [設定項目],ツールパネル 自動調整 [設定項目]
wincontrol\strip\toolpanel.htm#自動調整方法,ツールパネル:自動調整方法 [設定項目],ツールパネル 自動調整方法 [設定項目]
wincontrol\strip\toolpanel.htm#枠,ツールパネル:枠 [設定項目],ツールパネル 枠 [設定項目]
wincontrol\strip\toolpanel.htm#子部品一覧,ツールパネル:子部品一覧 [設定項目],ツールパネル 子部品一覧 [設定項目]
wincontrol\strip\toolpanel.htm#sample1,逆引き「ツールパネルのサンプル」,ツールパネルのサンプル